FocusSector,Industry Group,Country,Exchange,Ticker,Company Name,Market,Turnover_USD,Above200DMA,Ret252,profit_margin,roe,revenue_growth,verified,yf,unverified_reason,expansion_signal
Electronics & Semiconductors,Semiconductor,Australia,ASX,4DS,4DS Memory Limited (ASX:4DS),AU,,,,0.0,-1.1514,,NOT-PROFITABLE,4DS.AX,,False
Electronics & Semiconductors,Electronics (General),Australia,ASX,AVA,AVA Risk Group Limited (ASX:AVA),AU,,,,-0.26607,-0.31193,-0.175,NOT-PROFITABLE,AVA.AX,,False
Electronics & Semiconductors,Semiconductor,Australia,ASX,AXE,Archer Materials Limited (ASX:AXE),AU,,,,-2.49728,-0.33617002,0.138,NOT-PROFITABLE,AXE.AX,,True
Electronics & Semiconductors,Electronics (Consumer & Office),Australia,ASX,AMS,Atomos Limited (ASX:AMS),AU,,,,-0.20621,,0.275,UNVERIFIED,AMS.AX,yfinance_data_gap,True
Electronics & Semiconductors,Electronics (Consumer & Office),Australia,ASX,AUA,Audeara Limited (ASX:AUA),AU,,,,-0.20267001,-0.85869,0.638,NOT-PROFITABLE,AUA.AX,,True
Electronics & Semiconductors,Electronics (General),Australia,ASX,AD8,Audinate Group Limited (ASX:AD8),AU,,,,-0.22504,-0.09089,0.121,NOT-PROFITABLE,AD8.AX,,True
Electronics & Semiconductors,Telecom. Equipment,Australia,ASX,BCC,Beam Communications Holdings Limited (ASX:BCC),AU,,,,0.04587,0.24232,-0.088,PROFITABLE,BCC.AX,,False
Electronics & Semiconductors,Semiconductor Equip,Australia,ASX,BLG,BluGlass Limited (ASX:BLG),AU,,,,-1.5960201,-1.0975,0.192,NOT-PROFITABLE,BLG.AX,,True
Electronics & Semiconductors,Electronics (General),Australia,AIM,CPX,CAP-XX Limited (AIM:CPX),AU,,,,,,,UNVERIFIED,CPX.AX,yfinance_data_gap,False
Electronics & Semiconductors,Electronics (General),Australia,ASX,CDA,Codan Limited (ASX:CDA),AU,,,,0.16877002,0.24353,0.288,PROFITABLE,CDA.AX,,True
Electronics & Semiconductors,Telecom. Equipment,Australia,ASX,CML,Connected Minerals Limited (ASX:CML),AU,,,,0.0,-0.38796002,,NOT-PROFITABLE,CML.AX,,False
Electronics & Semiconductors,Electronics (General),Australia,ASX,CT1,Constellation Technologies Limited (ASX:CT1),AU,,,,-0.0983,-0.1671,-0.035,NOT-PROFITABLE,CT1.AX,,False
Electronics & Semiconductors,Electronics (General),Australia,ASX,DTI,DTI Group Limited (ASX:DTI),AU,,,,-0.095019996,-0.24476999,0.335,NOT-PROFITABLE,DTI.AX,,True
Electronics & Semiconductors,Electronics (General),Australia,ASX,ELS,Elsight Limited (ASX:ELS),AU,,,,0.32828,0.28721002,18.175,PROFITABLE,ELS.AX,,True
Electronics & Semiconductors,Electronics (General),Australia,ASX,HYD,Hydrix Limited (ASX:HYD),AU,,,,-0.57435,,-0.136,UNVERIFIED,HYD.AX,yfinance_data_gap,False
Electronics & Semiconductors,Electronics (General),Australia,ASX,NVX,NOVONIX Limited (ASX:NVX),AU,,,,0.0,-0.61969,-0.101,NOT-PROFITABLE,NVX.AX,,False
Electronics & Semiconductors,Electronics (General),Australia,ASX,NVU,Nanoveu Limited (ASX:NVU),AU,,,,0.0,-1.22288,,NOT-PROFITABLE,NVU.AX,,False
Electronics & Semiconductors,Electronics (General),Australia,ASX,RKT,RocketDNA Ltd. (ASX:RKT),AU,,,,-0.36644,-0.41022,0.157,NOT-PROFITABLE,RKT.AX,,True
Electronics & Semiconductors,Electronics (General),Australia,ASX,RWL,Rubicon Water Limited (ASX:RWL),AU,,,,-0.17723,-0.18867001,-0.094,NOT-PROFITABLE,RWL.AX,,False
Electronics & Semiconductors,Electronics (General),Australia,AIM,SEE,Seeing Machines Limited (AIM:SEE),AU,,,,,,,UNVERIFIED,SEE.AX,yfinance_data_gap,False
Electronics & Semiconductors,Telecom. Equipment,Australia,ASX,SEN,Senetas Corporation Limited (ASX:SEN),AU,,,,1.49274,-0.04941,-0.006,NOT-PROFITABLE,SEN.AX,,False
Electronics & Semiconductors,Electronics (General),Australia,ASX,SP3,Spectur Limited (ASX:SP3),AU,,,,-0.09962,-0.598,-0.115,NOT-PROFITABLE,SP3.AX,,False
Electronics & Semiconductors,Electronics (General),Australia,ASX,TZL,TZ Limited (ASX:TZL),AU,,,,-0.41716,,0.021,UNVERIFIED,TZL.AX,yfinance_data_gap,False
Electronics & Semiconductors,Semiconductor,Australia,ASX,WBT,Weebit Nano Limited (ASX:WBT),AU,,,,0.0,-0.55352,7.352,NOT-PROFITABLE,WBT.AX,,True
Electronics & Semiconductors,Electronics (General),Australia,ASX,X2M,X2M Connect Limited (ASX:X2M),AU,,,,-1.63756,,0.416,UNVERIFIED,X2M.AX,yfinance_data_gap,True
Electronics & Semiconductors,Computers/Peripherals,Australia,ASX,ZMM,Zimi Limited (ASX:ZMM),AU,,,,-1.0843,-1.26999,2.529,NOT-PROFITABLE,ZMM.AX,,True
Electronics & Semiconductors,Electronics (General),Austria,WBAG,ATS,AT & S Austria Technologie & Systemtechnik Aktiengesellschaft (WBAG:ATS),,,,,0.03665,0.05934,0.375,PROFITABLE,ATS.VI,,True
Electronics & Semiconductors,Computers/Peripherals,Austria,ATSE,ACAG,Austriacard Holdings AG (ATSE:ACAG),,,,,0.04407,0.13311,0.083,PROFITABLE,ACAG.VI,,False
Electronics & Semiconductors,Electronics (General),Austria,WBAG,KTCG,Kapsch TrafficCom AG (WBAG:KTCG),,,,,0.0068699997,0.03258,-0.21,PROFITABLE,KTCG.VI,,False
Electronics & Semiconductors,Semiconductor,Austria,SWX,AMS,ams-OSRAM AG (SWX:AMS),,,,,-0.09733,-0.37624002,0.039,NOT-PROFITABLE,AMS.SW,,False
Electronics & Semiconductors,Computers/Peripherals,Bangladesh,DSE,DAFODILCOM,Daffodil Computers PLC (DSE:DAFODILCOM),,,,,,,,UNVERIFIED,,exchange_not_covered_by_yfinance,False
Electronics & Semiconductors,Electronics (General),Belgium,ENXTBR,BAR,Barco NV (ENXTBR:BAR),,,,,0.04681,0.06381,-0.08,PROFITABLE,BAR.BR,,False
Electronics & Semiconductors,Telecom. Equipment,Belgium,ENXTBR,OPTI,Crescent NV (ENXTBR:OPTI),,,,,-0.21177,,-0.113,UNVERIFIED,OPTI.BR,yfinance_data_gap,False
Electronics & Semiconductors,Telecom. Equipment,Belgium,ENXTBR,EVS,EVS Broadcast Equipment SA (ENXTBR:EVS),,,,,0.18523,0.17115,0.164,PROFITABLE,EVS.BR,,True
Electronics & Semiconductors,Semiconductor,Belgium,ENXTBR,MELE,Melexis NV (ENXTBR:MELE),,,,,0.12247,0.22027999,0.026,PROFITABLE,MELE.BR,,False
Electronics & Semiconductors,Semiconductor,Belgium,ENXTPA,XFAB,X-FAB Silicon Foundries SE (ENXTPA:XFAB),,,,,0.00521,0.00425,-0.072,PROFITABLE,XFAB.PA,,False
Electronics & Semiconductors,Computers/Peripherals,Brazil,BOVESPA,MLAS3,Grupo Multi S.A. (BOVESPA:MLAS3),BR,,,,0.04481,0.059809998,0.143,PROFITABLE,MLAS3.SA,,True
Electronics & Semiconductors,Telecom. Equipment,Brazil,BOVESPA,INTB3,Intelbras S.A. - Indústria de Telecomunicação Eletrônica Brasileira (BOVESPA:INTB3),BR,,,,0.13099,0.18591,-0.078,PROFITABLE,INTB3.SA,,False
Electronics & Semiconductors,Telecom. Equipment,Brazil,BOVESPA,WDCN3,Livetech da Bahia Indústria e Comércio S.A. (BOVESPA:WDCN3),BR,,,,-0.22702,-0.33964002,-0.103,NOT-PROFITABLE,WDCN3.SA,,False
Electronics & Semiconductors,Telecom. Equipment,Brazil,BOVESPA,PDTC3,Padtec Holding S.A. (BOVESPA:PDTC3),BR,,,,0.06487,0.13994001,-0.136,PROFITABLE,PDTC3.SA,,False
Electronics & Semiconductors,Computers/Peripherals,Brazil,BOVESPA,POSI3,Positivo Tecnologia S.A. (BOVESPA:POSI3),BR,,,,0.00291,0.007900001,0.036,PROFITABLE,POSI3.SA,,False
Electronics & Semiconductors,Electronics (General),Bulgaria,BUL,BEE,Bee Smart Technologies AD (BUL:BEE),,,,,,,,UNVERIFIED,,exchange_not_covered_by_yfinance,False
Electronics & Semiconductors,Electronics (General),Bulgaria,BUL,BDT,Biodit AD (BUL:BDT),,,,,,,,UNVERIFIED,,exchange_not_covered_by_yfinance,False
Electronics & Semiconductors,Electronics (General),Bulgaria,BUL,SLYG,Shelly Group SE (BUL:SLYG),,,,,,,,UNVERIFIED,,exchange_not_covered_by_yfinance,False
Electronics & Semiconductors,Electronics (General),Canada,CNSX,AIML,AI/ML Innovations Inc. (CNSX:AIML),CA,,,,,,,UNVERIFIED,AIML.TO,yfinance_data_gap,False
Electronics & Semiconductors,Electronics (General),Canada,CNSX,AETH,Aether Global Innovations Corp. (CNSX:AETH),CA,,,,,,,UNVERIFIED,AETH.TO,yfinance_data_gap,False
Electronics & Semiconductors,Electronics (General),Canada,CNSX,WIFI,American Aires Inc. (CNSX:WIFI),CA,,,,,,,UNVERIFIED,WIFI.TO,yfinance_data_gap,False
Electronics & Semiconductors,Electronics (General),Canada,TSXV,ACU,Aurora Solar Technologies Inc. (TSXV:ACU),CA,,,,,,,UNVERIFIED,ACU.TO,yfinance_data_gap,False
Electronics & Semiconductors,Electronics (General),Canada,TSX,BYL,Baylin Technologies Inc. (TSX:BYL),CA,,,,-0.12508,-1.5588901,-0.019,NOT-PROFITABLE,BYL.TO,,False
Electronics & Semiconductors,Electronics (Consumer & Office),Canada,TSXV,BECN,Beacn Wizardry and Magic Inc. (TSXV:BECN),CA,,,,,,,UNVERIFIED,BECN.TO,yfinance_data_gap,False
Electronics & Semiconductors,Electronics (General),Canada,TSX,BLN,Blackline Safety Corp. (TSX:BLN),CA,,,,-0.06111,-0.12956001,0.232,NOT-PROFITABLE,BLN.TO,,True
Electronics & Semiconductors,Telecom. Equipment,Canada,TSXV,CMI,C-Com Satellite Systems Inc. (TSXV:CMI),CA,,,,,,,UNVERIFIED,CMI.TO,yfinance_data_gap,False
Electronics & Semiconductors,Semiconductor,Canada,NasdaqGS,CSIQ,Canadian Solar Inc. (NasdaqGS:CSIQ),CA,,,,,,,UNVERIFIED,CSIQ.TO,yfinance_data_gap,False
Electronics & Semiconductors,Electronics (General),Canada,CNSX,BLO,Cannabix Technologies Inc. (CNSX:BLO),CA,,,,,,,UNVERIFIED,BLO.TO,yfinance_data_gap,False
Electronics & Semiconductors,Electronics (General),Canada,TSX,CLS,Celestica Inc. (TSX:CLS),CA,,,,0.07159,0.52691,0.624,PROFITABLE,CLS.TO,,True
Electronics & Semiconductors,Telecom. Equipment,Canada,CNSX,CTTT,Critical Infrastructure Technologies Ltd. (CNSX:CTTT),CA,,,,,,,UNVERIFIED,CTTT.TO,yfinance_data_gap,False
Electronics & Semiconductors,Electronics (Consumer & Office),Canada,TSX,DBO,D-BOX Technologies Inc. (TSX:DBO),CA,,,,0.30262,0.68474,0.702,PROFITABLE,DBO.TO,,True
Electronics & Semiconductors,Electronics (General),Canada,TSXV,EDY,Eddy Smart Home Solutions Ltd. (TSXV:EDY),CA,,,,,,,UNVERIFIED,EDY.TO,yfinance_data_gap,False
Electronics & Semiconductors,Telecom. Equipment,Canada,TSXV,YFI,Edgewater Wireless Systems Inc. (TSXV:YFI),CA,,,,,,,UNVERIFIED,YFI.TO,yfinance_data_gap,False
Electronics & Semiconductors,Telecom. Equipment,Canada,TSXV,ENA,Enablence Technologies Inc. (TSXV:ENA),CA,,,,,,,UNVERIFIED,ENA.TO,yfinance_data_gap,False
Electronics & Semiconductors,Telecom. Equipment,Canada,TSX,ET,Evertz Technologies Limited (TSX:ET),CA,,,,0.12402,0.27264,0.029,PROFITABLE,ET.TO,,False
Electronics & Semiconductors,Electronics (General),Canada,TSX,FTG,Firan Technology Group Corporation (TSX:FTG),CA,,,,0.07496,0.15609,0.082,PROFITABLE,FTG.TO,,False
Electronics & Semiconductors,Electronics (General),Canada,TSXV,GSI,Gatekeeper Systems Inc. (TSXV:GSI),CA,,,,,,,UNVERIFIED,GSI.TO,yfinance_data_gap,False
Electronics & Semiconductors,Electronics (General),Canada,CNSX,HYLQ,HYLQ Strategy Corp. (CNSX:HYLQ),CA,,,,,,,UNVERIFIED,HYLQ.TO,yfinance_data_gap,False
Electronics & Semiconductors,Telecom. Equipment,Canada,TSX,HAI,Haivision Systems Inc. (TSX:HAI),CA,,,,0.0111,0.01702,-0.051,PROFITABLE,HAI.TO,,False
Electronics & Semiconductors,Electronics (General),Canada,TSXV,HAPB,"Hapbee Technologies, Inc. (TSXV:HAPB)",CA,,,,,,,UNVERIFIED,HAPB.TO,yfinance_data_gap,False
Electronics & Semiconductors,Electronics (General),Canada,TSXV,INEO,INEO Tech Corp. (TSXV:INEO),CA,,,,,,,UNVERIFIED,INEO.TO,yfinance_data_gap,False
Electronics & Semiconductors,Electronics (Consumer & Office),Canada,TSXV,IPD,International Parkside Products Inc. (TSXV:IPD),CA,,,,,,,UNVERIFIED,IPD.TO,yfinance_data_gap,False
Electronics & Semiconductors,Telecom. Equipment,Canada,TSXV,IMI,Ironman International Ltd. (TSXV:IMI),CA,,,,,,,UNVERIFIED,IMI.TO,yfinance_data_gap,False
Electronics & Semiconductors,Electronics (General),Canada,TSXV,JTC,JEMTEC Inc. (TSXV:JTC),CA,,,,,,,UNVERIFIED,JTC.TO,yfinance_data_gap,False
Electronics & Semiconductors,Electronics (General),Canada,TSXV,PNG,Kraken Robotics Inc. (TSXV:PNG),CA,,,,,,,UNVERIFIED,PNG.TO,yfinance_data_gap,False
Electronics & Semiconductors,Telecom. Equipment,Canada,TSXV,KUR.H,"Kure Technologies, Inc. (TSXV:KUR.H)",CA,,,,,,,UNVERIFIED,KUR.H.TO,yfinance_data_gap,False
Electronics & Semiconductors,Electronics (General),Canada,TSXV,LPS,Legend Power Systems Inc. (TSXV:LPS),CA,,,,,,,UNVERIFIED,LPS.TO,yfinance_data_gap,False
Electronics & Semiconductors,Electronics (General),Canada,TSXV,DDD,Metavista3D Inc. (TSXV:DDD),CA,,,,,,,UNVERIFIED,DDD.TO,yfinance_data_gap,False
Electronics & Semiconductors,Electronics (General),Canada,OTCPK,MMTI.F,Micromem Technologies Inc. (OTCPK:MMTI.F),CA,,,,,,,UNVERIFIED,MMTI.F.TO,yfinance_data_gap,False
Electronics & Semiconductors,Telecom. Equipment,Canada,TSXV,NVI,Novra Technologies Inc. (TSXV:NVI),CA,,,,,,,UNVERIFIED,NVI.TO,yfinance_data_gap,False
Electronics & Semiconductors,Telecom. Equipment,Canada,CNSX,NUR,Nuran Wireless Inc. (CNSX:NUR),CA,,,,,,,UNVERIFIED,NUR.TO,yfinance_data_gap,False
Electronics & Semiconductors,Semiconductor,Canada,NasdaqCM,POET,POET Technologies Inc. (NasdaqCM:POET),CA,,,,,,,UNVERIFIED,POET.TO,yfinance_data_gap,False
Electronics & Semiconductors,Electronics (General),Canada,CNSX,PMED,Predictmedix AI Inc. (CNSX:PMED),CA,,,,,,,UNVERIFIED,PMED.TO,yfinance_data_gap,False
Electronics & Semiconductors,Semiconductor,Canada,TSXV,QNC,Quantum eMotion Corp. (TSXV:QNC),CA,,,,,,,UNVERIFIED,QNC.TO,yfinance_data_gap,False
Electronics & Semiconductors,Telecom. Equipment,Canada,TSX,QTRH,Quarterhill Inc. (TSX:QTRH),CA,,,,-0.32077,-0.5032,0.139,NOT-PROFITABLE,QTRH.TO,,True
Electronics & Semiconductors,Telecom. Equipment,Canada,TSX,STC,Sangoma Technologies Corporation (TSX:STC),CA,,,,-0.030380001,-0.02565,-0.122,NOT-PROFITABLE,STC.TO,,False
Electronics & Semiconductors,Electronics (General),Canada,NasdaqGM,SNT,Senstar Technologies Corporation (NasdaqGM:SNT),CA,,,,,,,UNVERIFIED,SNT.TO,yfinance_data_gap,False
Electronics & Semiconductors,Telecom. Equipment,Canada,,,Siyata Mobile Inc.,CA,,,,,,,UNVERIFIED,nan.TO,yfinance_data_gap,False
Electronics & Semiconductors,Semiconductor Equip,Canada,OTCPK,SVLT,"Sunvault Energy, Inc. (OTCPK:SVLT)",CA,,,,,,,UNVERIFIED,SVLT.TO,yfinance_data_gap,False
Electronics & Semiconductors,Electronics (General),Canada,TSX,GRID,Tantalus Systems Holding Inc. (TSX:GRID),CA,,,,-0.01422,-0.05928,0.178,NOT-PROFITABLE,GRID.TO,,True
Electronics & Semiconductors,Electronics (General),Canada,TSXV,TLA,Titan Logix Corp. (TSXV:TLA),CA,,,,,,,UNVERIFIED,TLA.TO,yfinance_data_gap,False
Electronics & Semiconductors,Telecom. Equipment,Canada,TSXV,TTZ,Total Telcom Inc. (TSXV:TTZ),CA,,,,,,,UNVERIFIED,TTZ.TO,yfinance_data_gap,False
Electronics & Semiconductors,Telecom. Equipment,Canada,OTCPK,MJLB,"Ultrack Systems, Inc. (OTCPK:MJLB)",CA,,,,,,,UNVERIFIED,MJLB.TO,yfinance_data_gap,False
Electronics & Semiconductors,Telecom. Equipment,Canada,CNSX,VTI,Valdor Technology International Inc. (CNSX:VTI),CA,,,,,,,UNVERIFIED,VTI.TO,yfinance_data_gap,False
Electronics & Semiconductors,Telecom. Equipment,Canada,TSX,VCM,Vecima Networks Inc. (TSX:VCM),CA,,,,-0.04718,-0.05909,0.013,NOT-PROFITABLE,VCM.TO,,False
Electronics & Semiconductors,Electronics (Consumer & Office),Canada,TSXV,VITA,Vitalist Inc. (TSXV:VITA),CA,,,,,,,UNVERIFIED,VITA.TO,yfinance_data_gap,False
Electronics & Semiconductors,Electronics (General),Canada,TSXV,YNV,Ynvisible Interactive Inc. (TSXV:YNV),CA,,,,,,,UNVERIFIED,YNV.TO,yfinance_data_gap,False
Electronics & Semiconductors,Electronics (General),Canada,OTCPK,ZTST.F,ZTEST Electronics Inc. (OTCPK:ZTST.F),CA,,,,,,,UNVERIFIED,ZTST.F.TO,yfinance_data_gap,False
Electronics & Semiconductors,Electronics (General),Cayman Islands,TWSE,4927,"Apex International Co., Ltd. (TWSE:4927)",,,,,-0.22647,-0.44035998,-0.12,NOT-PROFITABLE,4927.TW,,False
Electronics & Semiconductors,Telecom. Equipment,Cayman Islands,TWSE,6863,"Arizon RFID Technology (Cayman) Co., Ltd. (TWSE:6863)",,,,,0.02066,0.01288,0.011,PROFITABLE,6863.TW,,False
Electronics & Semiconductors,Semiconductor,Cayman Islands,NasdaqGS,CRDO,Credo Technology Group Holding Ltd (NasdaqGS:CRDO),,,,,0.35374,0.34408,1.57,PROFITABLE,CRDO,,True
Electronics & Semiconductors,Electronics (Consumer & Office),Cayman Islands,TWSE,5225,Eastech Holding Limited (TWSE:5225),,,,,0.06823,0.23656,-0.137,PROFITABLE,5225.TW,,False
Electronics & Semiconductors,Electronics (General),Cayman Islands,TWSE,5243,"Eson Precision Ind. Co., Ltd. (TWSE:5243)",,,,,0.06938,0.09877,-0.072,PROFITABLE,5243.TW,,False
Electronics & Semiconductors,Electronics (General),Cayman Islands,NYSE,FN,Fabrinet (NYSE:FN),,,,,0.0994,0.1999,0.393,PROFITABLE,FN,,True
Electronics & Semiconductors,Semiconductor,Cayman Islands,TPEX,4991,"GCS Holdings, Inc. (TPEX:4991)",,,,,0.12006,0.07989,0.51,PROFITABLE,4991.TWO,,True
Electronics & Semiconductors,Semiconductor,Cayman Islands,TWSE,6525,"GEM Services, Inc. (TWSE:6525)",,,,,0.14326,0.18202,0.118,PROFITABLE,6525.TW,,True
Electronics & Semiconductors,Electronics (General),Cayman Islands,TWSE,6456,General Interface Solution (GIS) Holding Limited (TWSE:6456),,,,,-0.0058399998,-0.01307,0.059,NOT-PROFITABLE,6456.TW,,False
Electronics & Semiconductors,Semiconductor,Cayman Islands,TWSE,6573,HY Electronic (Cayman) Limited (TWSE:6573),,,,,0.13518,0.16605,-0.232,PROFITABLE,6573.TW,,False
Electronics & Semiconductors,Telecom. Equipment,Cayman Islands,TWSE,4977,"PCL Technologies, Inc. (TWSE:4977)",,,,,0.35818002,0.09454001,-0.237,PROFITABLE,4977.TW,,False
Electronics & Semiconductors,Semiconductor,Cayman Islands,TPEX,4966,"Parade Technologies, Ltd. (TPEX:4966)",,,,,0.15043999,0.118549995,0.033,PROFITABLE,4966.TWO,,False
Electronics & Semiconductors,Semiconductor,Cayman Islands,TWSE,6415,Silergy Corp. (TWSE:6415),,,,,0.14751,0.07806,0.187,PROFITABLE,6415.TW,,True
Electronics & Semiconductors,Electronics (General),Cayman Islands,TWSE,8499,"Top Bright Holding Co., Ltd. (TWSE:8499)",,,,,0.12439,0.05451,0.755,PROFITABLE,8499.TW,,True
Electronics & Semiconductors,Electronics (General),Cayman Islands,TWSE,6672,"Ventec International Group Co.,Ltd. (TWSE:6672)",,,,,0.087969996,0.11165,0.219,PROFITABLE,6672.TW,,True
Electronics & Semiconductors,Electronics (General),Cayman Islands,TWSE,4958,Zhen Ding Technology Holding Limited (TWSE:4958),,,,,0.048449997,0.08121,0.268,PROFITABLE,4958.TW,,True
Electronics & Semiconductors,Semiconductor,China,SHSE,688536,3Peak Incorporated (SHSE:688536),CN,,,,0.10849,0.045,0.665,PROFITABLE,688536.SS,,True
Electronics & Semiconductors,Telecom. Equipment,China,SHSE,688618,"3onedata Co., Ltd. (SHSE:688618)",CN,,,,0.07853,0.03202,-0.149,PROFITABLE,688618.SS,,False
Electronics & Semiconductors,Electronics (General),China,SEHK,2018,AAC Technologies Holdings Inc. (SEHK:2018),CN,,,,,,,UNVERIFIED,2018.SZ,yfinance_data_gap,False
Electronics & Semiconductors,Semiconductor Equip,China,SHSE,688082,"ACM Research (Shanghai), Inc. (SHSE:688082)",CN,,,,0.23333,0.14779,0.144,PROFITABLE,688082.SS,,True
Electronics & Semiconductors,Semiconductor,China,SHSE,688220,"ASR Microelectronics Co., Ltd. (SHSE:688220)",CN,,,,-0.07334,-0.053600002,0.242,NOT-PROFITABLE,688220.SS,,True
Electronics & Semiconductors,Telecom. Equipment,China,SZSE,300074,"AVCON Information Technology Co., Ltd. (SZSE:300074)",CN,,,,-0.59625,-0.18942,-0.081,NOT-PROFITABLE,300074.SZ,,False
Electronics & Semiconductors,Electronics (General),China,SZSE,302132,AVIC Chengdu Aircraft Company Limited (SZSE:302132),CN,,,,0.04447,0.15378,0.797,PROFITABLE,302132.SZ,,True
Electronics & Semiconductors,Electronics (General),China,SZSE,002281,"Accelink Technologies Co,Ltd. (SZSE:002281)",CN,,,,0.08302,0.10317001,0.248,PROFITABLE,002281.SZ,,True
Electronics & Semiconductors,Semiconductor,China,SHSE,688049,"Actions Technology Co., Ltd. (SHSE:688049)",CN,,,,0.21885,0.10551,0.237,PROFITABLE,688049.SS,,True
Electronics & Semiconductors,Telecom. Equipment,China,SZSE,000547,"Addsino Co., Ltd. (SZSE:000547)",CN,,,,-0.43523,-0.25726,1.184,NOT-PROFITABLE,000547.SZ,,True
Electronics & Semiconductors,Telecom. Equipment,China,SZSE,300620,"Advanced Fiber Resources (Zhuhai), Ltd. (SZSE:300620)",CN,,,,0.12877,0.10097,0.608,PROFITABLE,300620.SZ,,True
Electronics & Semiconductors,Electronics (General),China,SZSE,002389,"Aerospace CH UAV Co.,Ltd (SZSE:002389)",CN,,,,0.05317,0.01888,0.185,PROFITABLE,002389.SZ,,True
Electronics & Semiconductors,Telecom. Equipment,China,SZSE,002231,"Allwin Telecommunication Co., Ltd. (SZSE:002231)",CN,,,,,,,UNVERIFIED,002231.SZ,yfinance_data_gap,False
Electronics & Semiconductors,Semiconductor,China,SZSE,300458,"Allwinner Technology Co.,Ltd. (SZSE:300458)",CN,,,,0.11936,0.11647,0.471,PROFITABLE,300458.SZ,,True
Electronics & Semiconductors,Semiconductor,China,SHSE,688099,"Amlogic (Shanghai) Co.,Ltd. (SHSE:688099)",CN,,,,0.119849995,0.11991999,0.239,PROFITABLE,688099.SS,,True
Electronics & Semiconductors,Computers/Peripherals,China,SZSE,300787,Anfu CE LINK Limited (SZSE:300787),CN,,,,0.01905,0.03495,0.255,PROFITABLE,300787.SZ,,True
Electronics & Semiconductors,Electronics (General),China,SZSE,300862,"Anhui Landun Photoelectron Co., Ltd. (SZSE:300862)",CN,,,,-0.24665001,-0.04804,-0.132,NOT-PROFITABLE,300862.SZ,,False
Electronics & Semiconductors,Electronics (General),China,SHSE,688768,Anhui Ronds Science & Technology Incorporated Company (SHSE:688768),CN,,,,0.10715,0.06372,-0.152,PROFITABLE,688768.SS,,False
Electronics & Semiconductors,Computers/Peripherals,China,SZSE,300956,Anhui Shiny Electronic Technology Company Limited (SZSE:300956),CN,,,,0.00193,0.00213,-0.005,PROFITABLE,300956.SZ,,False
Electronics & Semiconductors,Telecom. Equipment,China,SZSE,300134,"Anhui Tatfook Technology Co., Ltd (SZSE:300134)",CN,,,,-0.10601,-0.06587,0.119,NOT-PROFITABLE,300134.SZ,,True
Electronics & Semiconductors,Electronics (General),China,SHSE,600237,Anhui Tongfeng Electronics Company Limited (SHSE:600237),CN,,,,0.08771,0.061139997,-0.16,PROFITABLE,600237.SS,,False
Electronics & Semiconductors,Electronics (General),China,SHSE,688600,"Anhui Wanyi Science and Technology Co.,Ltd. (SHSE:688600)",CN,,,,0.1076,0.111,0.216,PROFITABLE,688600.SS,,True
Electronics & Semiconductors,Electronics (General),China,SHSE,688582,Anhui XDLK Microsystem Corporation Limited (SHSE:688582),CN,,,,0.53721,0.109969996,-0.419,PROFITABLE,688582.SS,,False
Electronics & Semiconductors,Semiconductor Equip,China,SHSE,688019,"Anji Microelectronics Technology (Shanghai) Co., Ltd. (SHSE:688019)",CN,,,,0.30657,0.22002001,0.328,PROFITABLE,688019.SS,,True
Electronics & Semiconductors,Computers/Peripherals,China,SZSE,300866,Anker Innovations Limited (SZSE:300866),CN,,,,0.07846,0.24509001,0.269,PROFITABLE,300866.SZ,,True
Electronics & Semiconductors,Electronics (General),China,SZSE,002913,"Aoshikang Technology Co., Ltd. (SZSE:002913)",CN,,,,0.037520003,0.04326,0.128,PROFITABLE,002913.SZ,,True
Electronics & Semiconductors,Electronics (General),China,SHSE,688007,Appotronics Corporation Limited (SHSE:688007),CN,,,,-0.19556999,-0.14238,-0.497,NOT-PROFITABLE,688007.SS,,False
Electronics & Semiconductors,Electronics (Consumer & Office),China,SHSE,688775,Arashi Vision Inc. (SHSE:688775),CN,,,,0.07703,0.1602,0.831,PROFITABLE,688775.SS,,True
Electronics & Semiconductors,Electronics (General),China,SZSE,002938,"Avary Holding(Shenzhen)Co., Limited (SZSE:002938)",CN,,,,0.09474,0.112349994,0.114,PROFITABLE,002938.SZ,,True
Electronics & Semiconductors,Semiconductor,China,SHSE,688525,"BIWIN Storage Technology Co., Ltd. (SHSE:688525)",CN,,,,0.2383,0.72055,3.415,PROFITABLE,688525.SS,,True
Electronics & Semiconductors,Semiconductor,China,SZSE,300323,BOE HC SemiTek Corporation (SZSE:300323),CN,,,,-0.044099998,-0.042969998,1.097,NOT-PROFITABLE,300323.SZ,,True
Electronics & Semiconductors,Electronics (General),China,SZSE,000725,BOE Technology Group Company Limited (SZSE:000725),CN,,,,0.02903,0.02298,0.008,PROFITABLE,000725.SZ,,False
Electronics & Semiconductors,Telecom. Equipment,China,SEHK,285,BYD Electronic (International) Company Limited (SEHK:285),CN,,,,,,,UNVERIFIED,285.SZ,yfinance_data_gap,False
Electronics & Semiconductors,Semiconductor,China,SEHK,2149,"BaTeLab Co., Ltd. (SEHK:2149)",CN,,,,,,,UNVERIFIED,2149.SZ,yfinance_data_gap,False
Electronics & Semiconductors,Telecom. Equipment,China,SZSE,002151,"Beijing BDStar Navigation Co., Ltd. (SZSE:002151)",CN,,,,-0.08527,-0.046350002,0.933,NOT-PROFITABLE,002151.SZ,,True
Electronics & Semiconductors,Electronics (General),China,SHSE,688181,"Beijing Bayi Space LCD Technology Co.,Ltd. (SHSE:688181)",CN,,,,0.091000006,0.03739,0.143,PROFITABLE,688181.SS,,True
Electronics & Semiconductors,Electronics (General),China,SZSE,300667,Beijing Beetech Inc. (SZSE:300667),CN,,,,-0.12619,-0.08803,0.041,NOT-PROFITABLE,300667.SZ,,False
Electronics & Semiconductors,Electronics (General),China,SZSE,300150,"Beijing Century Real Technology Co.,Ltd (SZSE:300150)",CN,,,,0.04435,0.023810001,-0.07,PROFITABLE,300150.SZ,,False
Electronics & Semiconductors,Electronics (General),China,SZSE,300445,Beijing ConST Instruments Technology Inc. (SZSE:300445),CN,,,,0.18802999,0.091070004,0.246,PROFITABLE,300445.SZ,,True
Electronics & Semiconductors,Electronics (General),China,SHSE,603025,"Beijing Dahao Technology Corp.,Ltd (SHSE:603025)",CN,,,,0.25032,0.27061,0.156,PROFITABLE,603025.SS,,True
Electronics & Semiconductors,Semiconductor Equip,China,SHSE,688729,"Beijing E-Town Semiconductor Technology Co., Ltd. (SHSE:688729)",CN,,,,0.12366,0.0808,-0.106,PROFITABLE,688729.SS,,False
Electronics & Semiconductors,Electronics (General),China,SHSE,688272,"Beijing Fjr Optoelectronic Technology Co., Ltd. (SHSE:688272)",CN,,,,-0.40541,-0.19177,-0.005,NOT-PROFITABLE,688272.SS,,False
Electronics & Semiconductors,Electronics (General),China,SZSE,300449,Beijing Hanbang Technology Corp. (SZSE:300449),CN,,,,-0.5089,-0.24863,-0.193,NOT-PROFITABLE,300449.SZ,,False
Electronics & Semiconductors,Telecom. Equipment,China,SHSE,688292,"Beijing Haohan Data Technology Co.,Ltd (SHSE:688292)",CN,,,,-0.05864,-0.00806,0.283,NOT-PROFITABLE,688292.SS,,True
Electronics & Semiconductors,Electronics (General),China,SZSE,300065,"Beijing Highlander Digital Technology Co., Ltd. (SZSE:300065)",CN,,,,0.0155299995,0.00396,-0.736,PROFITABLE,300065.SZ,,False
Electronics & Semiconductors,Semiconductor Equip,China,SHSE,688200,"Beijing Huafeng Test & Control Technology Co.,Ltd. (SHSE:688200)",CN,,,,0.4001,0.14496,0.375,PROFITABLE,688200.SS,,True
Electronics & Semiconductors,Telecom. Equipment,China,SHSE,688080,"Beijing InHand Networks Technology Co., Ltd. (SHSE:688080)",CN,,,,0.17857,0.12214,-0.101,PROFITABLE,688080.SS,,False
Electronics & Semiconductors,Electronics (General),China,SHSE,688291,"Beijing JCZ Technology Co.,Ltd. (SHSE:688291)",CN,,,,0.30933002,0.07885,-0.024,PROFITABLE,688291.SS,,False
Electronics & Semiconductors,Electronics (General),China,SZSE,300851,"Beijing Jiaoda Signal Technology Co., Ltd. (SZSE:300851)",CN,,,,0.19609,0.06182,0.259,PROFITABLE,300851.SZ,,True
Electronics & Semiconductors,Telecom. Equipment,China,SZSE,300213,"Beijing Jiaxun Feihong Electrical Co., Ltd. (SZSE:300213)",CN,,,,-0.15645,-0.06717,0.294,NOT-PROFITABLE,300213.SZ,,True
Electronics & Semiconductors,Semiconductor Equip,China,SHSE,688652,"Beijing Jingyi Automation Equipment Co., Ltd. (SHSE:688652)",CN,,,,0.10704,0.07274,0.161,PROFITABLE,688652.SS,,True
Electronics & Semiconductors,Semiconductor,China,SHSE,601908,"Beijing Jingyuntong Technology Co., Ltd. (SHSE:601908)",CN,,,,-0.53922004,-0.19465,-0.38,NOT-PROFITABLE,601908.SS,,False
Electronics & Semiconductors,Electronics (General),China,SHSE,688056,"Beijing Labtech Instruments Co., Ltd. (SHSE:688056)",CN,,,,0.08808,0.04166,-0.124,PROFITABLE,688056.SS,,False
Electronics & Semiconductors,Semiconductor,China,SHSE,688790,"Beijing Onmicro Electronics Co., Ltd. (SHSE:688790)",CN,,,,-0.0714,,0.108,UNVERIFIED,688790.SS,yfinance_data_gap,True
Electronics & Semiconductors,Electronics (General),China,SZSE,002658,"Beijing SDL Technology Co.,Ltd. (SZSE:002658)",CN,,,,0.11350001,0.05886,-0.121,PROFITABLE,002658.SZ,,False
Electronics & Semiconductors,Electronics (General),China,SZSE,002829,"Beijing StarNeto Technology Co., Ltd. (SZSE:002829)",CN,,,,-0.36123002,-0.07634,-0.393,NOT-PROFITABLE,002829.SZ,,False
Electronics & Semiconductors,Electronics (General),China,SHSE,603516,"Beijing Tricolor Technology Co., Ltd (SHSE:603516)",CN,,,,0.88405997,0.18917,0.139,PROFITABLE,603516.SS,,True
Electronics & Semiconductors,Telecom. Equipment,China,SZSE,002383,"Beijing UniStrong Science&Technology Co.,Ltd. (SZSE:002383)",CN,,,,-0.119049996,-0.10645001,-0.064,NOT-PROFITABLE,002383.SZ,,False
Electronics & Semiconductors,Semiconductor,China,SZSE,300139,"Beijing XIAOCHENG Technology Stock Co., Ltd (SZSE:300139)",CN,,,,0.26555002,0.19528,0.745,PROFITABLE,300139.SZ,,True
Electronics & Semiconductors,Semiconductor,China,SHSE,688172,"Beijing YanDong MicroElectronic Co., Ltd. (SHSE:688172)",CN,,,,-0.22745001,-0.02548,0.758,NOT-PROFITABLE,688172.SS,,True
Electronics & Semiconductors,Electronics (General),China,SHSE,603267,"Beijing Yuanliu Hongyuan Electronic Technology Co., Ltd. (SHSE:603267)",CN,,,,0.16453,0.06443,-0.12,PROFITABLE,603267.SS,,False
Electronics & Semiconductors,Electronics (General),China,SZSE,000970,"Beijing Zhong Ke San Huan High-Tech Co., Ltd. (SZSE:000970)",CN,,,,0.01317,,0.326,UNVERIFIED,000970.SZ,yfinance_data_gap,True
Electronics & Semiconductors,Electronics (General),China,SZSE,301567,"Beilong Precision Technology Co., Ltd. (SZSE:301567)",CN,,,,-0.028299998,-0.01564,0.112,NOT-PROFITABLE,301567.SZ,,True
Electronics & Semiconductors,Semiconductor,China,SHSE,603068,Beken Corporation (SHSE:603068),CN,,,,0.020680001,0.010620001,0.878,PROFITABLE,603068.SS,,True
Electronics & Semiconductors,Electronics (General),China,SHSE,688671,"Bescient Technologies Co., Ltd. (SHSE:688671)",CN,,,,-0.28789,-0.08776,-0.102,NOT-PROFITABLE,688671.SS,,False
Electronics & Semiconductors,Semiconductor,China,SHSE,688608,"Bestechnic (Shanghai) Co., Ltd. (SHSE:688608)",CN,,,,0.15394,0.071090005,-0.327,PROFITABLE,688608.SS,,False
Electronics & Semiconductors,Semiconductor,China,SEHK,2533,Black Sesame International Holding Limited (SEHK:2533),CN,,,,,,,UNVERIFIED,2533.SZ,yfinance_data_gap,False
Electronics & Semiconductors,Electronics (General),China,SHSE,603936,"Bomin Electronics Co., Ltd. (SHSE:603936)",CN,,,,-0.00875,-0.00782,-0.006,NOT-PROFITABLE,603936.SS,,False
Electronics & Semiconductors,Semiconductor,China,SHSE,688691,"Brite Semiconductor (Shanghai) Co., Ltd. (SHSE:688691)",CN,,,,-0.14934,-0.088719994,0.234,NOT-PROFITABLE,688691.SS,,True
Electronics & Semiconductors,Semiconductor,China,SHSE,688262,"C*Core Technology Co., Ltd. (SHSE:688262)",CN,,,,-0.44579,-0.13129,0.795,NOT-PROFITABLE,688262.SS,,True
Electronics & Semiconductors,Electronics (General),China,SZSE,002222,CASTECH Inc. (SZSE:002222),CN,,,,0.23643999,0.18006,0.356,PROFITABLE,002222.SZ,,True
Electronics & Semiconductors,Semiconductor,China,SHSE,600877,CETC Chips Technology Inc. (SHSE:600877),CN,,,,0.03043,0.012,-0.206,PROFITABLE,600877.SS,,False
Electronics & Semiconductors,Telecom. Equipment,China,SHSE,688387,"CICT Mobile Communication Technology Co., Ltd. (SHSE:688387)",CN,,,,-0.03963,-0.03931,-0.066,NOT-PROFITABLE,688387.SS,,False
Electronics & Semiconductors,Telecom. Equipment,China,SHSE,603083,"CIG Shanghai Co., Ltd. (SHSE:603083)",CN,,,,0.06717,0.05706,0.44,PROFITABLE,603083.SS,,True
Electronics & Semiconductors,Semiconductor,China,SHSE,688472,"CSI Solar Co., Ltd. (SHSE:688472)",CN,,,,0.03835,0.06634,-0.17,PROFITABLE,688472.SS,,False
Electronics & Semiconductors,Electronics (General),China,SHSE,600707,"Caihong Display Devices Co.,Ltd. (SHSE:600707)",CN,,,,0.00519,0.0070200004,-0.074,PROFITABLE,600707.SS,,False
Electronics & Semiconductors,Semiconductor,China,SHSE,688256,Cambricon Technologies Corporation Limited (SHSE:688256),CN,,,,0.34665,0.32783002,0.758,PROFITABLE,688256.SS,,True
Electronics & Semiconductors,Electronics (General),China,SZSE,301282,"Camelot Electronics Technology Co.,Ltd. (SZSE:301282)",CN,,,,0.03813,0.04519,0.333,PROFITABLE,301282.SZ,,True
Electronics & Semiconductors,Computers/Peripherals,China,SHSE,603106,"Cashway Fintech Co.,Ltd. (SHSE:603106)",CN,,,,0.08796,0.02175,-0.398,PROFITABLE,603106.SS,,False
Electronics & Semiconductors,Telecom. Equipment,China,SZSE,002544,"Cetc Potevio Science&Technology Co.,Ltd. (SZSE:002544)",CN,,,,0.00513,0.00575,-0.031,PROFITABLE,002544.SZ,,False
Electronics & Semiconductors,Semiconductor,China,SZSE,300474,"Changsha Jingjia Microelectronics Co., Ltd. (SZSE:300474)",CN,,,,-0.23635,-0.03799,-0.179,NOT-PROFITABLE,300474.SZ,,False
Electronics & Semiconductors,Semiconductor,China,SZSE,002623,"Changzhou Almaden Co., Ltd. (SZSE:002623)",CN,,,,-0.08211,-0.054970004,-0.342,NOT-PROFITABLE,002623.SZ,,False
Electronics & Semiconductors,Electronics (General),China,SHSE,605058,"Changzhou Aohong Electronics Co., Ltd. (SHSE:605058)",CN,,,,0.1088,0.0828,0.061,PROFITABLE,605058.SS,,False
Electronics & Semiconductors,Semiconductor Equip,China,SHSE,688503,"Changzhou Fusion New Material Co., Ltd. (SHSE:688503)",CN,,,,0.036,0.12209,0.875,PROFITABLE,688503.SS,,True
Electronics & Semiconductors,Semiconductor,China,SHSE,688689,"Changzhou Galaxy Century Microelectronics Co.,Ltd. (SHSE:688689)",CN,,,,0.08523,0.06288,0.333,PROFITABLE,688689.SS,,True
Electronics & Semiconductors,Semiconductor Equip,China,SHSE,688429,"Changzhou Shichuang Energy Co.,Ltd. (SHSE:688429)",CN,,,,-0.25039,-0.19327,0.404,NOT-PROFITABLE,688429.SS,,True
Electronics & Semiconductors,Electronics (General),China,SZSE,300936,"Changzhou Zhongying Science & Technology Co., Ltd (SZSE:300936)",CN,,,,0.00354,-0.00124,0.528,NOT-PROFITABLE,300936.SZ,,True
Electronics & Semiconductors,Electronics (General),China,SZSE,300408,"Chaozhou Three-Circle (Group) Co.,Ltd. (SZSE:300408)",CN,,,,0.2919,0.13427,0.463,PROFITABLE,300408.SZ,,True
Electronics & Semiconductors,Electronics (General),China,SZSE,300941,"Chase Science Co., Ltd (SZSE:300941)",CN,,,,0.11675,0.024619998,0.29,PROFITABLE,300941.SZ,,True
Electronics & Semiconductors,Telecom. Equipment,China,SZSE,300101,"Chengdu CORPRO Technology Co.,Ltd. (SZSE:300101)",CN,,,,0.01723,0.00435,-0.266,PROFITABLE,300101.SZ,,False
Electronics & Semiconductors,Electronics (General),China,SZSE,300127,"Chengdu Galaxy Magnets Co.,Ltd. (SZSE:300127)",CN,,,,0.2092,0.12562999,0.336,PROFITABLE,300127.SZ,,True
Electronics & Semiconductors,Telecom. Equipment,China,SZSE,300559,"Chengdu Jiafaantai Education Technology Co.,Ltd. (SZSE:300559)",CN,,,,0.08592,0.0319,-0.179,PROFITABLE,300559.SZ,,False
Electronics & Semiconductors,Telecom. Equipment,China,SHSE,688283,"Chengdu KSW Technologies Co.,Ltd. (SHSE:688283)",CN,,,,0.20978001,0.05294,0.155,PROFITABLE,688283.SS,,True
Electronics & Semiconductors,Electronics (General),China,SHSE,688528,Chengdu Qinchuan IoT Technology Co.Ltd. (SHSE:688528),CN,,,,-0.39715,-0.22731,0.103,NOT-PROFITABLE,688528.SS,,True
Electronics & Semiconductors,Telecom. Equipment,China,SEHK,1202,Chengdu SIWI Science and Technology Company Limited (SEHK:1202),CN,,,,,,,UNVERIFIED,1202.SZ,yfinance_data_gap,False
Electronics & Semiconductors,Electronics (General),China,SHSE,688053,"Chengdu Screen Micro Electronics Co.,Ltd. (SHSE:688053)",CN,,,,-0.09548,-0.01505,0.172,NOT-PROFITABLE,688053.SS,,True
Electronics & Semiconductors,Semiconductor,China,SHSE,688709,"Chengdu Sino-Microelectronics Tech. Co., Ltd. (SHSE:688709)",CN,,,,0.09132,0.026719999,-0.336,PROFITABLE,688709.SS,,False
Electronics & Semiconductors,Telecom. Equipment,China,SZSE,002935,"Chengdu Spaceon Electronics Co., Ltd. (SZSE:002935)",CN,,,,0.06686,0.04138,0.093,PROFITABLE,002935.SZ,,False
Electronics & Semiconductors,Electronics (General),China,SZSE,300789,"Chengdu Tangyuan Electric Co.,Ltd. (SZSE:300789)",CN,,,,0.06595,0.018819999,0.142,PROFITABLE,300789.SZ,,True
Electronics & Semiconductors,Electronics (General),China,SHSE,600353,"Chengdu Xuguang Electronics Co., Ltd. (SHSE:600353)",CN,,,,0.098979995,0.07451,0.088,PROFITABLE,600353.SS,,False
Electronics & Semiconductors,Electronics (General),China,SZSE,300440,"Chengdu Yunda Technology Co., Ltd. (SZSE:300440)",CN,,,,0.07198,0.050300002,-0.458,PROFITABLE,300440.SZ,,False
Electronics & Semiconductors,Computers/Peripherals,China,SHSE,688636,"Chengdu Zhimingda Electronics Co., Ltd. (SHSE:688636)",CN,,,,0.15166001,0.08809,0.343,PROFITABLE,688636.SS,,True
Electronics & Semiconductors,Semiconductor,China,SHSE,688216,"China Chippacking Technology Co.,Ltd. (SHSE:688216)",CN,,,,-0.05454,-0.074499995,0.698,NOT-PROFITABLE,688216.SS,,True
Electronics & Semiconductors,Computers/Peripherals,China,SEHK,334,China Display Optoelectronics Technology Holdings Limited (SEHK:334),CN,,,,,,,UNVERIFIED,334.SZ,yfinance_data_gap,False
Electronics & Semiconductors,Computers/Peripherals,China,SZSE,000066,"China Greatwall Technology Group Co., Ltd. (SZSE:000066)",CN,,,,0.00125,0.0055400003,0.127,PROFITABLE,000066.SZ,,True
Electronics & Semiconductors,Electronics (General),China,SZSE,002979,"China Leadshine Technology Co., Ltd. (SZSE:002979)",CN,,,,0.12031,0.1439,0.345,PROFITABLE,002979.SZ,,True
Electronics & Semiconductors,Electronics (General),China,SHSE,688459,China Railway Harbin Group of Technology Corporation (SHSE:688459),CN,,,,0.085200004,0.03016,-0.09,PROFITABLE,688459.SS,,False
Electronics & Semiconductors,Electronics (General),China,SEHK,3969,China Railway Signal & Communication Corporation Limited (SEHK:3969),CN,,,,,,,UNVERIFIED,3969.SZ,yfinance_data_gap,False
Electronics & Semiconductors,Semiconductor,China,SHSE,688396,China Resources Microelectronics Limited (SHSE:688396),CN,,,,0.07851,0.03237,0.213,PROFITABLE,688396.SS,,True
Electronics & Semiconductors,Electronics (General),China,SHSE,600654,"China Security Co., Ltd. (SHSE:600654)",CN,,,,0.024449999,0.04334,-0.126,PROFITABLE,600654.SS,,False
Electronics & Semiconductors,Semiconductor,China,SHSE,603005,"China Wafer Level CSP Co., Ltd. (SHSE:603005)",CN,,,,0.24369,0.081470005,0.149,PROFITABLE,603005.SS,,True
Electronics & Semiconductors,Electronics (General),China,SZSE,000733,"China Zhenhua (Group) Science & Technology Co., Ltd (SZSE:000733)",CN,,,,0.17292,0.06429,-0.079,PROFITABLE,000733.SZ,,False
Electronics & Semiconductors,Semiconductor,China,SHSE,688595,"Chipsea Technologies (Shenzhen) Corp., Ltd. (SHSE:688595)",CN,,,,-0.13875,-0.15934,0.121,NOT-PROFITABLE,688595.SS,,True
Electronics & Semiconductors,Electronics (General),China,SHSE,603100,"Chongqing Chuanyi Automation Co., Ltd. (SHSE:603100)",CN,,,,0.094160005,0.13912,0.004,PROFITABLE,603100.SS,,False
Electronics & Semiconductors,Semiconductor,China,SZSE,003040,"Chutian Dragon Co., Ltd. (SZSE:003040)",CN,,,,-0.026010001,-0.01608,-0.367,NOT-PROFITABLE,003040.SZ,,False
Electronics & Semiconductors,Semiconductor Equip,China,SHSE,688630,"Circuit Fabology Microelectronics Equipment Co.,Ltd. (SHSE:688630)",CN,,,,0.20615,0.15285,1.125,PROFITABLE,688630.SS,,True
Electronics & Semiconductors,Electronics (General),China,SZSE,301391,Colorlight Cloud Tech Ltd (SZSE:301391),CN,,,,0.03946,0.01122,0.232,PROFITABLE,301391.SZ,,True
Electronics & Semiconductors,Telecom. Equipment,China,SHSE,688592,ComNav Technology Ltd. (SHSE:688592),CN,,,,0.03423,0.019809999,0.497,PROFITABLE,688592.SS,,True
Electronics & Semiconductors,Semiconductor,China,SEHK,712,Comtec Solar Systems Group Limited (SEHK:712),CN,,,,,,,UNVERIFIED,712.SZ,yfinance_data_gap,False
Electronics & Semiconductors,Electronics (General),China,SEHK,1967,Confidence Intelligence Holdings Limited (SEHK:1967),CN,,,,,,,UNVERIFIED,1967.SZ,yfinance_data_gap,False
Electronics & Semiconductors,Computers/Peripherals,China,SEHK,2369,Coolpad Group Limited (SEHK:2369),CN,,,,,,,UNVERIFIED,2369.SZ,yfinance_data_gap,False
Electronics & Semiconductors,Electronics (Consumer & Office),China,SZSE,300793,"Cosonic Intelligent Technologies Co., Ltd. (SZSE:300793)",CN,,,,-0.085,-0.06086,-0.015,NOT-PROFITABLE,300793.SZ,,False
Electronics & Semiconductors,Electronics (General),China,SZSE,002189,"Costar Group Co., Ltd. (SZSE:002189)",CN,,,,-0.14546,-0.37046,0.037,NOT-PROFITABLE,002189.SZ,,False
Electronics & Semiconductors,Electronics (General),China,SEHK,1415,Cowell e Holdings Inc. (SEHK:1415),CN,,,,,,,UNVERIFIED,1415.SZ,yfinance_data_gap,False
Electronics & Semiconductors,Semiconductor Equip,China,SHSE,688478,"Crystal Growth & Energy Equipment Co.,Ltd. (SHSE:688478)",CN,,,,-0.93344,-0.02901,-0.957,NOT-PROFITABLE,688478.SS,,False
Electronics & Semiconductors,Electronics (General),China,SHSE,688665,"Cubic Sensor and Instrument Co.,Ltd. (SHSE:688665)",CN,,,,0.129,0.11465,0.041,PROFITABLE,688665.SS,,False
Electronics & Semiconductors,Semiconductor Equip,China,SHSE,603212,Cybrid Technologies Inc. (SHSE:603212),CN,,,,-0.0954,-0.09827,-0.062,NOT-PROFITABLE,603212.SS,,False
Electronics & Semiconductors,Electronics (Consumer & Office),China,SZSE,300735,"DBG Technology Co., Ltd. (SZSE:300735)",CN,,,,0.02698,0.060349997,0.859,PROFITABLE,300735.SZ,,True
Electronics & Semiconductors,Electronics (General),China,SZSE,301566,"Dalian Dalicap Technology Co.,Ltd. (SZSE:301566)",CN,,,,0.42935002,0.1104,0.139,PROFITABLE,301566.SZ,,True
Electronics & Semiconductors,Telecom. Equipment,China,SHSE,600198,"Datang Telecom Technology Co., Ltd. (SHSE:600198)",CN,,,,-0.04718,0.04362,0.523,NOT-PROFITABLE,600198.SS,,True
Electronics & Semiconductors,Computers/Peripherals,China,SHSE,603019,"Dawning Information Industry Co., Ltd. (SHSE:603019)",CN,,,,0.14237,0.098500006,0.237,PROFITABLE,603019.SS,,True
Electronics & Semiconductors,Electronics (General),China,SZSE,001389,Delton Technology (Guangzhou) Inc. (SZSE:001389),CN,,,,0.19865999,0.26139998,0.892,PROFITABLE,001389.SZ,,True
Electronics & Semiconductors,Electronics (General),China,OTCPK,DGNG,"Diguang International Development Co., Ltd. (OTCPK:DGNG)",CN,,,,,,,UNVERIFIED,DGNG.SZ,yfinance_data_gap,False
Electronics & Semiconductors,Telecom. Equipment,China,SZSE,300050,"Dingli Corp., Ltd. (SZSE:300050)",CN,,,,0.05725,0.042129997,0.014,PROFITABLE,300050.SZ,,False
Electronics & Semiconductors,Semiconductor,China,SHSE,688381,"Dioo Microcircuits Co., Ltd. Jiangsu (SHSE:688381)",CN,,,,-0.20041001,-0.03963,-0.314,NOT-PROFITABLE,688381.SS,,False
Electronics & Semiconductors,Telecom. Equipment,China,SZSE,300884,"Dnake (Xiamen) Intelligent Technology Co., Ltd. (SZSE:300884)",CN,,,,0.018760001,0.00927,0.048,PROFITABLE,300884.SZ,,False
Electronics & Semiconductors,Electronics (General),China,SZSE,300790,"DongGuan YuTong Optical Technology Co.,Ltd. (SZSE:300790)",CN,,,,0.07084,0.09807,0.332,PROFITABLE,300790.SZ,,True
Electronics & Semiconductors,Electronics (General),China,SZSE,300354,"DongHua Testing Technology Co. , Ltd. (SZSE:300354)",CN,,,,0.25646,0.16111,-0.032,PROFITABLE,300354.SZ,,False
Electronics & Semiconductors,Computers/Peripherals,China,SZSE,002993,"Dongguan Aohai Technology Co., Ltd. (SZSE:002993)",CN,,,,0.05904,0.094790004,0.024,PROFITABLE,002993.SZ,,False
Electronics & Semiconductors,Electronics (General),China,SZSE,002902,"Dongguan Mentech Optical & Magnetic Co., Ltd. (SZSE:002902)",CN,,,,-0.1303,-0.3146,0.349,NOT-PROFITABLE,002902.SZ,,True
Electronics & Semiconductors,Electronics (General),China,SZSE,300976,"Dongguan Tarry Electronics Co.,Ltd (SZSE:300976)",CN,,,,0.08914,0.083380006,0.217,PROFITABLE,300976.SZ,,True
Electronics & Semiconductors,Semiconductor,China,SHSE,688110,"Dosilicon Co., Ltd. (SHSE:688110)",CN,,,,0.00217,0.00024000001,2.37,PROFITABLE,688110.SS,,True
Electronics & Semiconductors,Electronics (General),China,SHSE,603528,DuoLun Technology Corporation Ltd. (SHSE:603528),CN,,,,-0.14146,-0.03366,-0.253,NOT-PROFITABLE,603528.SS,,False
Electronics & Semiconductors,Electronics (General),China,SHSE,603175,"Dynamic Electronics Co., Ltd. (SHSE:603175)",CN,,,,0.04868,0.09743,0.281,PROFITABLE,603175.SS,,True
Electronics & Semiconductors,Semiconductor,China,SHSE,600537,"EGing Photovoltaic Technology Co.,Ltd. (SHSE:600537)",CN,,,,-0.36266,-4.46208,-0.72,NOT-PROFITABLE,600537.SS,,False
Electronics & Semiconductors,Computers/Peripherals,China,SZSE,002017,Eastcompeace Technology Co.Ltd (SZSE:002017),CN,,,,0.1247,0.09038,0.027,PROFITABLE,002017.SZ,,False
Electronics & Semiconductors,Telecom. Equipment,China,SHSE,600776,"Eastern Communications Co.,Ltd. (SHSE:600776)",CN,,,,0.17777,0.12413,0.212,PROFITABLE,600776.SS,,True
Electronics & Semiconductors,Computers/Peripherals,China,NasdaqGS,EBON,Ebang International Holdings Inc. (NasdaqGS:EBON),CN,,,,,,,UNVERIFIED,EBON.SZ,yfinance_data_gap,False
Electronics & Semiconductors,Electronics (Consumer & Office),China,SZSE,002351,"Edifier Technology Co., Ltd. (SZSE:002351)",CN,,,,0.15863,0.14951,-0.121,PROFITABLE,002351.SZ,,False
Electronics & Semiconductors,Electronics (General),China,SZSE,300679,"Electric Connector Technology Co., Ltd. (SZSE:300679)",CN,,,,0.04322,0.04779,-0.004,PROFITABLE,300679.SZ,,False
Electronics & Semiconductors,Telecom. Equipment,China,SHSE,603496,EmbedWay Technologies (Shanghai) Corporation (SHSE:603496),CN,,,,0.04422,0.03516,0.429,PROFITABLE,603496.SS,,True
Electronics & Semiconductors,Computers/Peripherals,China,SZSE,001314,"Emdoor Information CO.,LTD. (SZSE:001314)",CN,,,,0.02125,0.05098,1.069,PROFITABLE,001314.SZ,,True
Electronics & Semiconductors,Electronics (General),China,SZSE,300502,"Eoptolink Technology Inc., Ltd. (SZSE:300502)",CN,,,,0.36870998,0.70672995,1.058,PROFITABLE,300502.SZ,,True
Electronics & Semiconductors,Semiconductor,China,SHSE,688018,"Espressif Systems (Shanghai) Co., Ltd. (SHSE:688018)",CN,,,,0.20382999,0.15890001,0.211,PROFITABLE,688018.SS,,True
Electronics & Semiconductors,Telecom. Equipment,China,SZSE,300548,"EverProX Technologies Co., Ltd. (SZSE:300548)",CN,,,,0.14081,0.25241,0.245,PROFITABLE,300548.SZ,,True
Electronics & Semiconductors,Electronics (General),China,SHSE,688538,"Everdisplay Optronics (Shanghai) Co., Ltd. (SHSE:688538)",CN,,,,-0.35064998,-0.22596,0.012,NOT-PROFITABLE,688538.SS,,False
Electronics & Semiconductors,Computers/Peripherals,China,SZSE,300386,"Feitian Technologies Co., Ltd. (SZSE:300386)",CN,,,,-0.06668,-0.02815,-0.414,NOT-PROFITABLE,300386.SZ,,False
Electronics & Semiconductors,Telecom. Equipment,China,SHSE,600498,"Fiberhome Telecommunication Technologies Co., Ltd. (SHSE:600498)",CN,,,,0.01651,0.020569999,0.114,PROFITABLE,600498.SS,,True
Electronics & Semiconductors,Telecom. Equipment,China,SZSE,300638,Fibocom Wireless Inc. (SZSE:300638),CN,,,,0.03508,0.04784,-0.096,PROFITABLE,300638.SZ,,False
Electronics & Semiconductors,Telecom. Equipment,China,SZSE,301600,"Flaircomm Microelectronics, Inc. (SZSE:301600)",CN,,,,0.15704,0.12021,0.235,PROFITABLE,301600.SZ,,True
Electronics & Semiconductors,Semiconductor Equip,China,SEHK,6865,"Flat Glass Group Co., Ltd. (SEHK:6865)",CN,,,,,,,UNVERIFIED,6865.SS,yfinance_data_gap,False
Electronics & Semiconductors,Semiconductor,China,SZSE,300708,"Focus Lightings Tech Co., Ltd. (SZSE:300708)",CN,,,,0.06798,0.057940003,-0.448,PROFITABLE,300708.SZ,,False
Electronics & Semiconductors,Semiconductor,China,SHSE,688167,Focuslight Technologies Inc (SHSE:688167),CN,,,,-0.021459999,-0.00906,0.212,NOT-PROFITABLE,688167.SS,,True
Electronics & Semiconductors,Semiconductor,China,SHSE,688362,"Forehope Electronic (Ningbo) Co., Ltd. (SHSE:688362)",CN,,,,0.018099999,0.012519999,0.24,PROFITABLE,688362.SS,,True
Electronics & Semiconductors,Semiconductor,China,SHSE,688279,"Fortior Technology (Shenzhen) Co., Ltd. (SHSE:688279)",CN,,,,0.30104,0.06558,0.462,PROFITABLE,688279.SS,,True
Electronics & Semiconductors,Semiconductor,China,SZSE,301348,"Foshan Blue Rocket Electronics Co.,Ltd. (SZSE:301348)",CN,,,,-0.050890002,-0.025510002,0.266,NOT-PROFITABLE,301348.SZ,,True
Electronics & Semiconductors,Electronics (General),China,SZSE,002449,"Foshan NationStar Optoelectronics Co.,Ltd (SZSE:002449)",CN,,,,-0.02021,-0.01666,-0.197,NOT-PROFITABLE,002449.SZ,,False
Electronics & Semiconductors,Computers/Peripherals,China,SHSE,600601,"Founder Technology Group Co.,Ltd. (SHSE:600601)",CN,,,,0.11265001,0.13789,0.643,PROFITABLE,600601.SS,,True
Electronics & Semiconductors,Electronics (General),China,SHSE,601138,"Foxconn Industrial Internet Co., Ltd. (SHSE:601138)",CN,,,,0.04265,0.28615,0.531,PROFITABLE,601138.SS,,True
Electronics & Semiconductors,Electronics (General),China,SHSE,688010,"Fujian Forecam Optics Co., Ltd. (SHSE:688010)",CN,,,,0.021540001,0.00722,-0.039,PROFITABLE,688010.SS,,False
Electronics & Semiconductors,Semiconductor,China,SHSE,603933,"Fujian Raynen Technology Co., Ltd. (SHSE:603933)",CN,,,,0.0235,0.04422,0.305,PROFITABLE,603933.SS,,True
Electronics & Semiconductors,Telecom. Equipment,China,SZSE,002396,"Fujian Star-net Communication Co., LTD. (SZSE:002396)",CN,,,,0.020639999,0.084,0.12,PROFITABLE,002396.SZ,,True
Electronics & Semiconductors,Computers/Peripherals,China,SHSE,600734,Fujian Start Group Co.Ltd (SHSE:600734),CN,,,,-1.45227,-0.46401,0.13,NOT-PROFITABLE,600734.SS,,True
Electronics & Semiconductors,Electronics (General),China,SHSE,603678,"Fujian Torch Electron Technology Co., Ltd. (SHSE:603678)",CN,,,,0.05368,0.04156,0.772,PROFITABLE,603678.SS,,True
Electronics & Semiconductors,Computers/Peripherals,China,SZSE,301067,"Fullink Technology Co.,Ltd (SZSE:301067)",CN,,,,-0.097370006,-0.08299,-0.241,NOT-PROFITABLE,301067.SZ,,False
Electronics & Semiconductors,Computers/Peripherals,China,SEHK,465,Futong Technology Development Holdings Limited (SEHK:465),CN,,,,,,,UNVERIFIED,465.SZ,yfinance_data_gap,False
Electronics & Semiconductors,Computers/Peripherals,China,SEHK,1401,Future Machine Limited (SEHK:1401),CN,,,,,,,UNVERIFIED,1401.SZ,yfinance_data_gap,False
Electronics & Semiconductors,Computers/Peripherals,China,SZSE,301503,G.Tech Technology Ltd. (SZSE:301503),CN,,,,0.05059,0.07625,0.286,PROFITABLE,301503.SZ,,True
Electronics & Semiconductors,Semiconductor,China,SZSE,002506,"GCL System Integration Technology Co., Ltd. (SZSE:002506)",CN,,,,-0.08179,-0.75066,-0.387,NOT-PROFITABLE,002506.SZ,,False
Electronics & Semiconductors,Semiconductor Equip,China,SEHK,3800,GCL Technology Holdings Limited (SEHK:3800),CN,,,,,,,UNVERIFIED,3800.SZ,yfinance_data_gap,False
Electronics & Semiconductors,Telecom. Equipment,China,SZSE,300711,"GHT Co.,Ltd (SZSE:300711)",CN,,,,0.10288,0.08915,0.37,PROFITABLE,300711.SZ,,True
Electronics & Semiconductors,Electronics (General),China,SZSE,300480,"GL Tech Co.,Ltd (SZSE:300480)",CN,,,,0.07453,0.03601,0.352,PROFITABLE,300480.SZ,,True
Electronics & Semiconductors,Computers/Peripherals,China,SZSE,002152,"GRG Banking Equipment Co., Ltd. (SZSE:002152)",CN,,,,0.069860004,0.07147,0.029,PROFITABLE,002152.SZ,,False
Electronics & Semiconductors,Semiconductor Equip,China,SHSE,688432,"GRINM Semiconductor Materials Co., Ltd. (SHSE:688432)",CN,,,,0.19811001,0.04972,0.18,PROFITABLE,688432.SS,,True
Electronics & Semiconductors,Semiconductor,China,SHSE,688728,GalaxyCore Inc. (SHSE:688728),CN,,,,0.01274,0.01329,0.234,PROFITABLE,688728.SS,,True
Electronics & Semiconductors,Electronics (General),China,SZSE,301176,"Ganzhou Yihao New Materials Co., Ltd. (SZSE:301176)",CN,,,,-0.02454,-0.03156,0.621,NOT-PROFITABLE,301176.SZ,,True
Electronics & Semiconductors,Telecom. Equipment,China,SHSE,688418,"Genew Technologies Co.,Ltd. (SHSE:688418)",CN,,,,-0.13733,-0.11148,-0.309,NOT-PROFITABLE,688418.SS,,False
Electronics & Semiconductors,Electronics (General),China,SZSE,002655,"Gettop Acoustic Co., Ltd. (SZSE:002655)",CN,,,,0.04091,0.073709995,-0.013,PROFITABLE,002655.SZ,,False
Electronics & Semiconductors,Semiconductor,China,SHSE,688123,Giantec Semiconductor Corporation (SHSE:688123),CN,,,,0.23781,0.1188,0.073,PROFITABLE,688123.SS,,False
Electronics & Semiconductors,Semiconductor,China,SHSE,603986,GigaDevice Semiconductor Inc. (SHSE:603986),CN,,,,0.25035,0.13695,1.194,PROFITABLE,603986.SS,,True
Electronics & Semiconductors,Telecom. Equipment,China,SHSE,600562,"Glarun Technology Co.,Ltd (SHSE:600562)",CN,,,,0.18,0.09742,0.397,PROFITABLE,600562.SS,,True
Electronics & Semiconductors,Electronics (General),China,SZSE,002241,Goertek Inc. (SZSE:002241),CN,,,,0.04019,0.10772,0.144,PROFITABLE,002241.SZ,,True
Electronics & Semiconductors,Electronics (General),China,SZSE,300349,"Goldcard Smart Group Co., Ltd. (SZSE:300349)",CN,,,,0.08038,0.05594,-0.132,PROFITABLE,300349.SZ,,False
Electronics & Semiconductors,Electronics (General),China,SZSE,002636,Goldenmax International Group Ltd. (SZSE:002636),CN,,,,0.10024,0.13131,0.314,PROFITABLE,002636.SZ,,True
Electronics & Semiconductors,Electronics (General),China,SZSE,301510,"Googol Technology Co., Ltd. (SZSE:301510)",CN,,,,0.12838,0.05316,0.501,PROFITABLE,301510.SZ,,True
Electronics & Semiconductors,Telecom. Equipment,China,SZSE,002848,"Gospell Digital Technology Co., Ltd. (SZSE:002848)",CN,,,,-0.090459995,-0.54898,2.383,NOT-PROFITABLE,002848.SZ,,True
Electronics & Semiconductors,Telecom. Equipment,China,SZSE,300098,"Gosuncn Technology Group Co., Ltd. (SZSE:300098)",CN,,,,-0.00339,0.00158,0.356,NOT-PROFITABLE,300098.SZ,,True
Electronics & Semiconductors,Semiconductor,China,SHSE,688270,"Great Microwave Technology Co., Ltd. (SHSE:688270)",CN,,,,0.31247,0.067379996,0.67,PROFITABLE,688270.SS,,True
Electronics & Semiconductors,Semiconductor,China,SHSE,600206,"Grinm Advanced Materials Co., Ltd. (SHSE:600206)",CN,,,,0.026800001,0.0637,0.607,PROFITABLE,600206.SS,,True
Electronics & Semiconductors,Telecom. Equipment,China,SZSE,001229,"Guangdong AVCiT Technology Holding Co., Ltd. (SZSE:001229)",CN,,,,0.25187,0.05844,0.167,PROFITABLE,001229.SZ,,True
Electronics & Semiconductors,Electronics (Consumer & Office),China,SZSE,300155,"Guangdong Anjubao Digital Technology Co., Ltd. (SZSE:300155)",CN,,,,-0.37584,-0.04698,-0.156,NOT-PROFITABLE,300155.SZ,,False
Electronics & Semiconductors,Semiconductor,China,SHSE,688325,"Guangdong Cellwise Microelectronics Co., Ltd. (SHSE:688325)",CN,,,,0.18428,0.05298,0.172,PROFITABLE,688325.SS,,True
Electronics & Semiconductors,Electronics (General),China,SHSE,603386,"Guangdong Champion Asia Electronics Co.,Ltd. (SHSE:603386)",CN,,,,-0.01663,-0.03138,0.025,NOT-PROFITABLE,603386.SS,,False
Electronics & Semiconductors,Electronics (General),China,SHSE,603328,"Guangdong Ellington Electronics Technology Co.,Ltd (SHSE:603328)",CN,,,,0.096420005,0.091309994,-0.011,PROFITABLE,603328.SS,,False
Electronics & Semiconductors,Electronics (General),China,SZSE,300460,"Guangdong Faith Long Crystal Technology Co.,LTD. (SZSE:300460)",CN,,,,-0.28682,-0.29610002,0.042,NOT-PROFITABLE,300460.SZ,,False
Electronics & Semiconductors,Electronics (General),China,SZSE,000636,"Guangdong Fenghua Advanced Technology (Holding) Co., Ltd. (SZSE:000636)",CN,,,,0.05124,0.02464,0.189,PROFITABLE,000636.SZ,,True
Electronics & Semiconductors,Semiconductor,China,SHSE,688662,"Guangdong Fuxin Technology Co., Ltd. (SHSE:688662)",CN,,,,0.073709995,0.05677,0.043,PROFITABLE,688662.SS,,False
Electronics & Semiconductors,Electronics (General),China,SZSE,000823,"Guangdong Goworld Co., Ltd. (SZSE:000823)",CN,,,,0.03322,0.047670003,0.068,PROFITABLE,000823.SZ,,False
Electronics & Semiconductors,Computers/Peripherals,China,SZSE,300968,"Guangdong Green Precision Components Co., Ltd (SZSE:300968)",CN,,,,-0.03807,-0.02945,0.461,NOT-PROFITABLE,300968.SZ,,True
Electronics & Semiconductors,Electronics (General),China,SZSE,300720,"Guangdong High Dream Intellectualized Machinery Co., Ltd. (SZSE:300720)",CN,,,,0.09591,0.03819,0.239,PROFITABLE,300720.SZ,,True
Electronics & Semiconductors,Electronics (Consumer & Office),China,SZSE,301479,Guangdong Hongjing Optoelectronic Technology Inc. (SZSE:301479),CN,,,,0.106400006,0.1454,0.124,PROFITABLE,301479.SZ,,True
Electronics & Semiconductors,Electronics (General),China,SZSE,300903,"Guangdong Kingshine Electronic Technology Co.,Ltd. (SZSE:300903)",CN,,,,-0.06971,-0.15439,0.094,NOT-PROFITABLE,300903.SZ,,False
Electronics & Semiconductors,Semiconductor,China,SHSE,688135,"Guangdong Leadyo IC Testing Co., Ltd. (SHSE:688135)",CN,,,,0.0027599998,0.00115,0.279,PROFITABLE,688135.SS,,True
Electronics & Semiconductors,Electronics (General),China,SZSE,301577,"Guangdong Misun Technology Co., Ltd. (SZSE:301577)",CN,,,,-0.056149997,-0.033069998,0.276,NOT-PROFITABLE,301577.SZ,,True
Electronics & Semiconductors,Electronics (General),China,SHSE,688522,"Guangdong Naruida Technology Co., Ltd. (SHSE:688522)",CN,,,,0.22771999,0.04971,0.7,PROFITABLE,688522.SS,,True
Electronics & Semiconductors,Electronics (Consumer & Office),China,SZSE,301578,"Guangdong Seneasy Intelligent Technology Co.,Ltd. (SZSE:301578)",CN,,,,0.01581,0.01387,0.037,PROFITABLE,301578.SZ,,False
Electronics & Semiconductors,Electronics (General),China,SZSE,002870,Guangdong Senssun Weighing Apparatus Group Ltd. (SZSE:002870),CN,,,,0.0107,0.03056,-0.175,PROFITABLE,002870.SZ,,False
Electronics & Semiconductors,Telecom. Equipment,China,SZSE,002446,"Guangdong Shenglu Telecommunication Tech. Co., Ltd. (SZSE:002446)",CN,,,,0.05811,0.02743,-0.034,PROFITABLE,002446.SZ,,False
Electronics & Semiconductors,Electronics (General),China,SZSE,002908,"Guangdong Tecsun Science & Technology Co.,Ltd. (SZSE:002908)",CN,,,,-0.01385,-0.0031,-0.294,NOT-PROFITABLE,002908.SZ,,False
Electronics & Semiconductors,Semiconductor,China,SEHK,2658,"Guangdong Tianyu Semiconductor Co., Ltd. (SEHK:2658)",CN,,,,,,,UNVERIFIED,2658.SZ,yfinance_data_gap,False
Electronics & Semiconductors,Telecom. Equipment,China,SHSE,688171,"Guangdong Weide Information Technology CO,.Ltd. (SHSE:688171)",CN,,,,0.08073,0.0319,2.033,PROFITABLE,688171.SS,,True
Electronics & Semiconductors,Electronics (General),China,SZSE,300410,"Guangdong Zhengye Technology Co.,Ltd. (SZSE:300410)",CN,,,,0.04304,0.14738,0.379,PROFITABLE,300410.SZ,,True
Electronics & Semiconductors,Electronics (General),China,SZSE,002175,"Guangxi Oriental Intelligent Manufacturing Technology Co., Ltd. (SZSE:002175)",CN,,,,-0.109680004,-0.05598,0.124,NOT-PROFITABLE,002175.SZ,,True
Electronics & Semiconductors,Semiconductor,China,SHSE,688620,"Guangzhou Anyka Microelectronics Co., Ltd. (SHSE:688620)",CN,,,,-0.23572999,-0.102060005,0.471,NOT-PROFITABLE,688620.SS,,True
Electronics & Semiconductors,Electronics (General),China,SZSE,301528,"Guangzhou Doppler Electronic Technologies Co., Ltd. (SZSE:301528)",CN,,,,0.27896,0.03853,-0.263,PROFITABLE,301528.SZ,,False
Electronics & Semiconductors,Electronics (General),China,SHSE,688020,"Guangzhou Fangbang Electronics Co.,Ltd (SHSE:688020)",CN,,,,-0.29347,-0.07176,-0.099,NOT-PROFITABLE,688020.SS,,False
Electronics & Semiconductors,Telecom. Equipment,China,SZSE,002465,Guangzhou Haige Communications Group Incorporated Company (SZSE:002465),CN,,,,-0.18745,-0.06522,0.018,NOT-PROFITABLE,002465.SZ,,False
Electronics & Semiconductors,Electronics (General),China,SHSE,688622,"Guangzhou Hexin Instrument Co.,Ltd. (SHSE:688622)",CN,,,,-1.09829,-0.31524,-0.395,NOT-PROFITABLE,688622.SS,,False
Electronics & Semiconductors,Computers/Peripherals,China,SZSE,002177,"Guangzhou Kingteller Technology Co.,Ltd. (SZSE:002177)",CN,,,,0.25679,0.00844,-0.066,PROFITABLE,002177.SZ,,False
Electronics & Semiconductors,Electronics (General),China,SZSE,002841,Guangzhou Shiyuan Electronic Technology Company Limited (SZSE:002841),CN,,,,0.04299,0.08823,0.239,PROFITABLE,002841.SZ,,True
Electronics & Semiconductors,Semiconductor,China,SHSE,688439,"Guizhou Zhenhua Fengguang Semiconductor Co., Ltd. (SHSE:688439)",CN,,,,0.18971,0.02414,-0.275,PROFITABLE,688439.SS,,False
Electronics & Semiconductors,Electronics (General),China,SZSE,300902,"Guoanda Co., Ltd. (SZSE:300902)",CN,,,,-0.03536,-0.01407,-0.45,NOT-PROFITABLE,300902.SZ,,False
Electronics & Semiconductors,Semiconductor,China,SHSE,688375,"Guobo Electronics Co., Ltd. (SHSE:688375)",CN,,,,0.19146,0.07093,-0.089,PROFITABLE,688375.SS,,False
Electronics & Semiconductors,Electronics (Consumer & Office),China,SZSE,002045,Guoguang Electric Company Limited (SZSE:002045),CN,,,,-0.02219,-0.03916,-0.117,NOT-PROFITABLE,002045.SZ,,False
Electronics & Semiconductors,Semiconductor,China,SZSE,301678,HENGHUI Technology Corporation Limited (SZSE:301678),CN,,,,0.06785,0.03704,0.387,PROFITABLE,301678.SZ,,True
Electronics & Semiconductors,Electronics (General),China,SZSE,000988,HGTECH Company Limited (SZSE:000988),CN,,,,0.11132,0.15068,0.271,PROFITABLE,000988.SZ,,True
Electronics & Semiconductors,Electronics (General),China,SZSE,301285,HONG RI DA Technology Company Limited (SZSE:301285),CN,,,,-0.06528,-0.07521,0.552,NOT-PROFITABLE,301285.SZ,,True
Electronics & Semiconductors,Semiconductor,China,SZSE,002865,"Hainan Drinda New Energy Technology Co., Ltd. (SZSE:002865)",CN,,,,-0.174,-0.33011,-0.096,NOT-PROFITABLE,002865.SZ,,False
Electronics & Semiconductors,Semiconductor,China,SHSE,688173,"Halo Microelectronics Co., Ltd. (SHSE:688173)",CN,,,,-0.09307,-0.081999995,0.415,NOT-PROFITABLE,688173.SS,,True
Electronics & Semiconductors,Electronics (General),China,SZSE,300306,"HangZhou Everfine Photo-e-info Co., Ltd. (SZSE:300306)",CN,,,,0.17752,0.04875,-0.094,PROFITABLE,300306.SZ,,False
Electronics & Semiconductors,Telecom. Equipment,China,SZSE,300571,"Hangzhou Anysoft Information Technology Co., Ltd. (SZSE:300571)",CN,,,,-0.19445999,-0.15262,0.15,NOT-PROFITABLE,300571.SZ,,True
Electronics & Semiconductors,Telecom. Equipment,China,SZSE,300250,"Hangzhou CNCR-IT Co.,Ltd (SZSE:300250)",CN,,,,0.16373,0.07068,-0.117,PROFITABLE,300250.SZ,,False
Electronics & Semiconductors,Electronics (General),China,SZSE,300078,"Hangzhou Century Co., Ltd (SZSE:300078)",CN,,,,-0.15506,-0.11143,-0.778,NOT-PROFITABLE,300078.SZ,,False
Electronics & Semiconductors,Semiconductor Equip,China,SZSE,300604,"Hangzhou Changchuan Technology Co.,Ltd (SZSE:300604)",CN,,,,0.26865998,0.33367002,0.691,PROFITABLE,300604.SZ,,True
Electronics & Semiconductors,Electronics (General),China,SHSE,688475,"Hangzhou EZVIZ Network Co., Ltd. (SHSE:688475)",CN,,,,0.1108,0.11811,0.102,PROFITABLE,688475.SS,,True
Electronics & Semiconductors,Semiconductor Equip,China,SHSE,603806,"Hangzhou First Applied Material Co., Ltd. (SHSE:603806)",CN,,,,0.04464,0.03897,-0.069,PROFITABLE,603806.SS,,False
Electronics & Semiconductors,Electronics (General),China,SZSE,002415,"Hangzhou Hikvision Digital Technology Co., Ltd. (SZSE:002415)",CN,,,,0.16853,0.20426,0.121,PROFITABLE,002415.SZ,,True
Electronics & Semiconductors,Electronics (General),China,SZSE,002767,"Hangzhou Innover Technology Co., Ltd. (SZSE:002767)",CN,,,,0.03438,0.03178,0.202,PROFITABLE,002767.SZ,,True
Electronics & Semiconductors,Electronics (General),China,SZSE,300553,"Hangzhou Jizhi Mechatronic Co., Ltd. (SZSE:300553)",CN,,,,0.05641,0.01561,-0.068,PROFITABLE,300553.SZ,,False
Electronics & Semiconductors,Semiconductor Equip,China,SHSE,605358,"Hangzhou Lion Electronics Co.,Ltd (SHSE:605358)",CN,,,,-0.01437,-0.01081,0.218,NOT-PROFITABLE,605358.SS,,True
Electronics & Semiconductors,Electronics (General),China,SHSE,688079,"Hangzhou Mdk Opto Electronics Co.,Ltd. (SHSE:688079)",CN,,,,-0.26629,-0.13978,0.133,NOT-PROFITABLE,688079.SS,,True
Electronics & Semiconductors,Telecom. Equipment,China,SZSE,300710,"Hangzhou Prevail Optoelectronic Equipment Co., Ltd. (SZSE:300710)",CN,,,,-0.13365,-0.06943,-0.193,NOT-PROFITABLE,300710.SZ,,False
Electronics & Semiconductors,Semiconductor,China,SHSE,688130,Hangzhou SDIC Microelectronics Inc. (SHSE:688130),CN,,,,-0.19935,-0.029140001,0.245,NOT-PROFITABLE,688130.SS,,True
Electronics & Semiconductors,Electronics (General),China,SZSE,300897,"Hangzhou Seck Intelligent Technology Co., Ltd. (SZSE:300897)",CN,,,,0.026889998,0.01467,-0.197,PROFITABLE,300897.SZ,,False
Electronics & Semiconductors,Electronics (General),China,SZSE,300853,"Hangzhou Shenhao Technology Co.,LTD. (SZSE:300853)",CN,,,,-0.53893,-0.26294002,2.587,NOT-PROFITABLE,300853.SZ,,True
Electronics & Semiconductors,Semiconductor,China,SHSE,600460,"Hangzhou Silan Microelectronics Co.,Ltd (SHSE:600460)",CN,,,,0.03381,0.014520001,0.173,PROFITABLE,600460.SS,,True
Electronics & Semiconductors,Electronics (General),China,SZSE,300360,"Hangzhou Sunrise Technology Co.,Ltd. (SZSE:300360)",CN,,,,0.31429002,0.11807,-0.316,PROFITABLE,300360.SZ,,False
Electronics & Semiconductors,Electronics (General),China,SHSE,688616,"Hangzhou Xili Intelligent Technology Co.,Ltd (SHSE:688616)",CN,,,,0.17511,0.11526,0.139,PROFITABLE,688616.SS,,True
Electronics & Semiconductors,Electronics (General),China,SZSE,301275,"Hanshow Technology Co., Ltd. (SZSE:301275)",CN,,,,0.10256,0.11988,0.504,PROFITABLE,301275.SZ,,True
Electronics & Semiconductors,Electronics (Consumer & Office),China,SZSE,301491,Hansong (Nanjing) Technology Limited (SZSE:301491),CN,,,,0.11062,0.13146,0.438,PROFITABLE,301491.SZ,,True
Electronics & Semiconductors,Electronics (General),China,SZSE,002362,"Hanwang Technology Co.,Ltd (SZSE:002362)",CN,,,,-0.11733,-0.18921,0.062,NOT-PROFITABLE,002362.SZ,,False
Electronics & Semiconductors,Electronics (General),China,SZSE,300007,Hanwei Electronics Group Corporation (SZSE:300007),CN,,,,0.071830004,0.048720002,-0.156,PROFITABLE,300007.SZ,,False
Electronics & Semiconductors,Electronics (General),China,SHSE,688011,"Harbin Xinguang Optic-Electronics Technology Co.,Ltd. (SHSE:688011)",CN,,,,-0.28473,-0.03932,3.582,NOT-PROFITABLE,688011.SS,,True
Electronics & Semiconductors,Telecom. Equipment,China,SZSE,002296,"HeNan Splendor Science & Technology Co., Ltd. (SZSE:002296)",CN,,,,0.20152001,0.06887,-0.205,PROFITABLE,002296.SZ,,False
Electronics & Semiconductors,Electronics (General),China,SEHK,9609,"Hebei Haiwei Electronic New Material Technology Co., Ltd (SEHK:9609)",CN,,,,,,,UNVERIFIED,9609.SZ,yfinance_data_gap,False
Electronics & Semiconductors,Electronics (General),China,SZSE,300368,"Hebei Huijin Group Co., Ltd. (SZSE:300368)",CN,,,,-1.1119599,-1.5827299,-0.045,NOT-PROFITABLE,300368.SZ,,False
Electronics & Semiconductors,Electronics (General),China,SZSE,003031,"Hebei Sinopack Electronic Technology Co.,Ltd. (SZSE:003031)",CN,,,,0.18823999,0.10466,0.79,PROFITABLE,003031.SZ,,True
Electronics & Semiconductors,Semiconductor,China,SHSE,688352,"Hefei Chipmore Technology Co.,Ltd. (SHSE:688352)",CN,,,,-0.02656,-0.00955,-0.114,NOT-PROFITABLE,688352.SS,,False
Electronics & Semiconductors,Electronics (General),China,SHSE,688367,"Hefei Gocom Information Technology Co.,Ltd. (SHSE:688367)",CN,,,,0.044499997,0.01361,-0.375,PROFITABLE,688367.SS,,False
Electronics & Semiconductors,Electronics (General),China,SHSE,688610,"Hefei I-TEK OptoElectronics Co., Ltd. (SHSE:688610)",CN,,,,0.15341,0.05213,0.958,PROFITABLE,688610.SS,,True
Electronics & Semiconductors,Electronics (General),China,SHSE,688551,"Hefei Kewell Power System Co.,Ltd. (SHSE:688551)",CN,,,,0.10281,0.03866,-0.168,PROFITABLE,688551.SS,,False
Electronics & Semiconductors,Electronics (General),China,SHSE,600207,"Henan Ancai Hi-Tech Co.,Ltd (SHSE:600207)",CN,,,,-0.30898002,-0.36418,-0.429,NOT-PROFITABLE,600207.SS,,False
Electronics & Semiconductors,Electronics (General),China,SZSE,301182,"Henan Carve Electronics Technology Co., Ltd. (SZSE:301182)",CN,,,,-0.13496,-0.13988,0.595,NOT-PROFITABLE,301182.SZ,,True
Electronics & Semiconductors,Semiconductor,China,SHSE,688313,"Henan Shijia Photons Technology Co., Ltd. (SHSE:688313)",CN,,,,0.17871,0.30268,0.651,PROFITABLE,688313.SS,,True
Electronics & Semiconductors,Computers/Peripherals,China,SZSE,002104,"Hengbao Co.,Ltd. (SZSE:002104)",CN,,,,0.01871,0.0064700004,-0.49,PROFITABLE,002104.SZ,,False
Electronics & Semiconductors,Electronics (General),China,SZSE,002056,"Hengdian Group DMEGC Magnetics Co. ,Ltd (SZSE:002056)",CN,,,,0.07788,0.17458999,0.049,PROFITABLE,002056.SZ,,False
Electronics & Semiconductors,Telecom. Equipment,China,SHSE,600487,"Hengtong Optic-Electric Co., Ltd. (SHSE:600487)",CN,,,,0.04524,0.10196,0.341,PROFITABLE,600487.SS,,True
Electronics & Semiconductors,Electronics (General),China,SHSE,603556,"Hexing Electrical Co.,Ltd. (SHSE:603556)",CN,,,,0.13287,0.09127,0.436,PROFITABLE,603556.SS,,True
Electronics & Semiconductors,Electronics (General),China,SZSE,300177,"Hi-Target Navigation Tech Co.,Ltd (SZSE:300177)",CN,,,,-0.23281,-0.19222,0.048,NOT-PROFITABLE,300177.SZ,,False
Electronics & Semiconductors,Semiconductor,China,SHSE,688391,"Hi-Trend Technology (Shanghai) Co., Ltd. (SHSE:688391)",CN,,,,0.07107,0.02021,-0.054,PROFITABLE,688391.SS,,False
Electronics & Semiconductors,Electronics (Consumer & Office),China,SZSE,002888,"HiVi Acoustics Technology Co., Ltd (SZSE:002888)",CN,,,,0.06931,0.04772,-0.144,PROFITABLE,002888.SZ,,False
Electronics & Semiconductors,Semiconductor,China,SZSE,301321,"Highbroad Advanced Material (Hefei) Co., Ltd. (SZSE:301321)",CN,,,,-0.01617,-0.07848,0.272,NOT-PROFITABLE,301321.SZ,,True
Electronics & Semiconductors,Electronics (Consumer & Office),China,SHSE,600060,"Hisense Visual Technology Co., Ltd. (SHSE:600060)",CN,,,,0.042930003,0.108610004,0.026,PROFITABLE,600060.SS,,False
Electronics & Semiconductors,Electronics (General),China,SZSE,002955,"Hitevision Co., Ltd. (SZSE:002955)",CN,,,,0.00282,0.00112,0.207,PROFITABLE,002955.SZ,,True
Electronics & Semiconductors,Electronics (General),China,SZSE,002217,"Holitech Technology Co., Ltd. (SZSE:002217)",CN,,,,0.01135,0.01364,0.083,PROFITABLE,002217.SZ,,False
Electronics & Semiconductors,Electronics (General),China,SZSE,002729,Hollyland (China) Electronics Technology Corporation Limited (SZSE:002729),CN,,,,0.096260004,0.073709995,-0.041,PROFITABLE,002729.SZ,,False
Electronics & Semiconductors,Semiconductor,China,SZSE,300219,"Hongli Zhihui Group Co.,Ltd. (SZSE:300219)",CN,,,,0.02298,0.04005,0.067,PROFITABLE,300219.SZ,,False
Electronics & Semiconductors,Semiconductor Equip,China,SHSE,603185,"Hongyuan Green Energy Co., Ltd. (SHSE:603185)",CN,,,,-0.00546,-0.00364,0.171,NOT-PROFITABLE,603185.SS,,True
Electronics & Semiconductors,Semiconductor,China,SEHK,1347,Hua Hong Semiconductor Limited (SEHK:1347),CN,,,,,,,UNVERIFIED,1347.SZ,yfinance_data_gap,False
Electronics & Semiconductors,Electronics (General),China,SZSE,000536,"Hua Ying Technology (Group) Co.,Ltd. (SZSE:000536)",CN,,,,-0.7693,-1.05646,-0.152,NOT-PROFITABLE,000536.SZ,,False
Electronics & Semiconductors,Semiconductor Equip,China,SZSE,301581,"HuangShan Googe Co.,Ltd. (SZSE:301581)",CN,,,,0.04695,0.04402,0.123,PROFITABLE,301581.SZ,,True
Electronics & Semiconductors,Computers/Peripherals,China,SHSE,603296,"Huaqin Technology Co., Ltd. (SHSE:603296)",CN,,,,0.02412,0.16962999,0.164,PROFITABLE,603296.SS,,True
Electronics & Semiconductors,Electronics (General),China,SZSE,301183,"Hubei DOTI Micro Technology Co., Ltd. (SZSE:301183)",CN,,,,0.11708,0.11647,0.322,PROFITABLE,301183.SZ,,True
Electronics & Semiconductors,Electronics (General),China,SZSE,300516,"Hubei Jiuzhiyang Infrared System Co., Ltd (SZSE:300516)",CN,,,,0.02248,0.01163,-0.284,PROFITABLE,300516.SZ,,False
Electronics & Semiconductors,Electronics (General),China,SZSE,301150,Hubei Zhongyi Technology Inc. (SZSE:301150),CN,,,,0.0217,0.03882,0.439,PROFITABLE,301150.SZ,,True
Electronics & Semiconductors,Electronics (General),China,SZSE,300371,"Huizhong Instrumentation Co., Ltd. (SZSE:300371)",CN,,,,0.14258,0.059759997,0.219,PROFITABLE,300371.SZ,,True
Electronics & Semiconductors,Electronics (General),China,SZSE,002579,Huizhou CEE Technology Inc. (SZSE:002579),CN,,,,0.00847,0.00635,-0.059,PROFITABLE,002579.SZ,,False
Electronics & Semiconductors,Telecom. Equipment,China,SZSE,300322,"Huizhou Speed Wireless Technology Co.,Ltd. (SZSE:300322)",CN,,,,0.0202,0.068,0.443,PROFITABLE,300322.SZ,,True
Electronics & Semiconductors,Electronics (General),China,SHSE,603989,"Hunan Aihua Group Co., Ltd (SHSE:603989)",CN,,,,0.06583,0.06854,0.048,PROFITABLE,603989.SS,,False
Electronics & Semiconductors,Semiconductor,China,SZSE,300672,"Hunan Goke Microelectronics Co.,Ltd. (SZSE:300672)",CN,,,,-0.108459994,-0.05924,1.075,NOT-PROFITABLE,300672.SZ,,True
Electronics & Semiconductors,Electronics (General),China,SZSE,300515,"Hunan Sundy Science and Technology Co., Ltd (SZSE:300515)",CN,,,,0.27769,0.20701,0.182,PROFITABLE,300515.SZ,,True
Electronics & Semiconductors,Semiconductor Equip,China,SHSE,688120,"Hwatsing Technology Co., Ltd. (SHSE:688120)",CN,,,,0.22232,0.15189,0.317,PROFITABLE,688120.SS,,True
Electronics & Semiconductors,Semiconductor,China,SHSE,688041,"Hygon Information Technology Co., Ltd. (SHSE:688041)",CN,,,,0.17027001,0.14964,0.681,PROFITABLE,688041.SS,,True
Electronics & Semiconductors,Telecom. Equipment,China,SZSE,002583,Hytera Communications Corporation Limited (SZSE:002583),CN,,,,-0.052600004,-0.13041,-0.001,NOT-PROFITABLE,002583.SZ,,False
Electronics & Semiconductors,Electronics (General),China,SEHK,438,IRICO Group New Energy Company Limited (SEHK:438),CN,,,,,,,UNVERIFIED,438.SZ,yfinance_data_gap,False
Electronics & Semiconductors,Electronics (General),China,SHSE,688055,"InfoVision Optoelectronics (Kunshan) Co., Ltd. (SHSE:688055)",CN,,,,-0.09393,-0.05357,-0.248,NOT-PROFITABLE,688055.SS,,False
Electronics & Semiconductors,Semiconductor,China,SZSE,000670,"Infotmic Co.,Ltd (SZSE:000670)",CN,,,,-0.01643,-0.11901,0.243,NOT-PROFITABLE,000670.SZ,,True
Electronics & Semiconductors,Semiconductor,China,SZSE,300223,"Ingenic Semiconductor Co.,Ltd. (SZSE:300223)",CN,,,,0.11856,0.04997,0.471,PROFITABLE,300223.SZ,,True
Electronics & Semiconductors,Semiconductor Equip,China,SZSE,001269,"Inner Mongolia OJing Science & Technology Co., Ltd. (SZSE:001269)",CN,,,,-0.62918,-0.31531,-0.2,NOT-PROFITABLE,001269.SZ,,False
Electronics & Semiconductors,Semiconductor,China,SEHK,2577,"InnoScience (Suzhou) Technology Holding Co., Ltd. (SEHK:2577)",CN,,,,,,,UNVERIFIED,2577.SZ,yfinance_data_gap,False
Electronics & Semiconductors,Computers/Peripherals,China,SZSE,000977,"Inspur Electronic Information Industry Co., Ltd. (SZSE:000977)",CN,,,,0.01666,0.11805,-0.243,PROFITABLE,000977.SZ,,False
Electronics & Semiconductors,Electronics (General),China,SZSE,002161,"Invengo Information Technology Co.,Ltd. (SZSE:002161)",CN,,,,0.00211,-0.00052,0.161,NOT-PROFITABLE,002161.SZ,,True
Electronics & Semiconductors,Telecom. Equipment,China,SEHK,1087,InvesTech Holdings Limited (SEHK:1087),CN,,,,,,,UNVERIFIED,1087.SZ,yfinance_data_gap,False
Electronics & Semiconductors,Electronics (General),China,SZSE,301326,"J.Pond Precision Technology Co., Ltd. (SZSE:301326)",CN,,,,-0.03482,0.00037999998,0.863,NOT-PROFITABLE,301326.SZ,,True
Electronics & Semiconductors,Semiconductor,China,SZSE,002459,"JA Solar Technology Co., Ltd. (SZSE:002459)",CN,,,,-0.08467,-0.1697,-0.136,NOT-PROFITABLE,002459.SZ,,False
Electronics & Semiconductors,Semiconductor,China,SHSE,600584,"JCET Group Co., Ltd. (SHSE:600584)",CN,,,,0.042680003,0.053850003,-0.018,PROFITABLE,600584.SS,,False
Electronics & Semiconductors,Semiconductor Equip,China,SHSE,603061,"JHT Design Co.,Ltd. (SHSE:603061)",CN,,,,0.27343,0.15275,1.208,PROFITABLE,603061.SS,,True
Electronics & Semiconductors,Computers/Peripherals,China,SZSE,001339,"JWIPC Technology Co., Ltd. (SZSE:001339)",CN,,,,0.1928,0.21093,0.595,PROFITABLE,001339.SZ,,True
Electronics & Semiconductors,Semiconductor,China,SHSE,688252,Jadard Technology Inc. (SHSE:688252),CN,,,,0.100209996,,0.024,UNVERIFIED,688252.SS,yfinance_data_gap,False
Electronics & Semiconductors,Electronics (General),China,SZSE,002960,"Jade Bird Fire Co., Ltd. (SZSE:002960)",CN,,,,0.06727,0.0535,-0.01,PROFITABLE,002960.SZ,,False
Electronics & Semiconductors,Electronics (General),China,SZSE,301132,"Ji'an Mankun Technology Co., Ltd. (SZSE:301132)",CN,,,,0.06387,0.06019,0.194,PROFITABLE,301132.SZ,,True
Electronics & Semiconductors,Semiconductor Equip,China,SHSE,688720,"Jiangsu Aisen Semiconductor Material Co.,Ltd. (SHSE:688720)",CN,,,,0.08453,0.05249,0.281,PROFITABLE,688720.SS,,True
Electronics & Semiconductors,Electronics (General),China,SZSE,300964,"Jiangsu Allfavor Intelligent Circuits Technology CO.,Ltd (SZSE:300964)",CN,,,,0.03545,0.03195,0.381,PROFITABLE,300964.SZ,,True
Electronics & Semiconductors,Electronics (General),China,SHSE,688182,"Jiangsu Cai Qin Technology Co., Ltd (SHSE:688182)",CN,,,,0.11737,0.04381,0.98,PROFITABLE,688182.SS,,True
Electronics & Semiconductors,Telecom. Equipment,China,SHSE,600105,Jiangsu Etern Company Limited (SHSE:600105),CN,,,,0.01816,0.019199999,0.419,PROFITABLE,600105.SS,,True
Electronics & Semiconductors,Semiconductor Equip,China,SHSE,688535,"Jiangsu HHCK Advanced Materials Co., Ltd. (SHSE:688535)",CN,,,,0.051209997,0.01893,1.656,PROFITABLE,688535.SS,,True
Electronics & Semiconductors,Semiconductor Equip,China,SZSE,300623,"Jiangsu JieJie Microelectronics Co., Ltd. (SZSE:300623)",CN,,,,0.12525,0.07643,0.314,PROFITABLE,300623.SZ,,True
Electronics & Semiconductors,Semiconductor Equip,China,SHSE,688147,Jiangsu Leadmicro Nano-Equipment Technology Ltd (SHSE:688147),CN,,,,0.05751,0.052729998,-0.055,PROFITABLE,688147.SS,,False
Electronics & Semiconductors,Electronics (General),China,SHSE,603629,"Jiangsu Lettall Electronic Co.,Ltd (SHSE:603629)",CN,,,,0.14843,0.27216998,0.416,PROFITABLE,603629.SS,,True
Electronics & Semiconductors,Electronics (General),China,SHSE,688113,"Jiangsu Liance Electromechanical Technology Co., Ltd. (SHSE:688113)",CN,,,,0.18479,0.09762,0.294,PROFITABLE,688113.SS,,True
Electronics & Semiconductors,Electronics (General),China,SHSE,603829,"Jiangsu Luokai Mechanical &Electrical Co., Ltd. (SHSE:603829)",CN,,,,0.025090002,0.02901,-0.044,PROFITABLE,603829.SS,,False
Electronics & Semiconductors,Semiconductor Equip,China,SHSE,603688,"Jiangsu Pacific Quartz Co., Ltd (SHSE:603688)",CN,,,,0.13590999,0.02231,0.01,PROFITABLE,603688.SS,,False
Electronics & Semiconductors,Electronics (General),China,SZSE,003015,"Jiangsu Rijiu Optoelectronics Jointstock Co., Ltd (SZSE:003015)",CN,,,,0.13227001,0.08051,-0.077,PROFITABLE,003015.SZ,,False
Electronics & Semiconductors,Electronics (General),China,SZSE,301106,"Jiangsu Smartwin Electronics Technology Co.,Ltd. (SZSE:301106)",CN,,,,0.07936,0.058179997,0.13,PROFITABLE,301106.SZ,,True
Electronics & Semiconductors,Electronics (General),China,SZSE,301339,"Jiangsu Tongxingbao Intelligent Transportation Technology Co., Ltd. (SZSE:301339)",CN,,,,0.20898001,0.086969994,0.087,PROFITABLE,301339.SZ,,False
Electronics & Semiconductors,Electronics (General),China,SZSE,001373,"Jiangsu Topfly New Materials Co., Ltd. (SZSE:001373)",CN,,,,-0.07095,-0.04498,0.128,NOT-PROFITABLE,001373.SZ,,True
Electronics & Semiconductors,Electronics (General),China,SZSE,002866,"Jiangsu Transimage Technology Co., Ltd. (SZSE:002866)",CN,,,,0.027980002,0.012560001,0.159,PROFITABLE,002866.SZ,,True
Electronics & Semiconductors,Electronics (General),China,SHSE,605258,"Jiangsu Xiehe Electronic Co.,Ltd. (SHSE:605258)",CN,,,,0.06099,0.04838,0.016,PROFITABLE,605258.SS,,False
Electronics & Semiconductors,Electronics (General),China,SZSE,002519,"Jiangsu Yinhe Electronics Co.,Ltd. (SZSE:002519)",CN,,,,-0.09613,-0.02918,1.553,NOT-PROFITABLE,002519.SZ,,True
Electronics & Semiconductors,Telecom. Equipment,China,SZSE,300211,"Jiangsu Yitong High-Tech Co., Ltd. (SZSE:300211)",CN,,,,-0.14821,-0.05149,0.011,NOT-PROFITABLE,300211.SZ,,False
Electronics & Semiconductors,Electronics (General),China,SHSE,688060,"Jiangsu Yunyong Electronics and Technology Co.,Ltd (SHSE:688060)",CN,,,,-0.04191,-0.01907,0.098,NOT-PROFITABLE,688060.SS,,False
Electronics & Semiconductors,Semiconductor,China,SHSE,600770,"Jiangsu Zongyi Co.,LTD (SHSE:600770)",CN,,,,0.23127002,0.03551,0.789,PROFITABLE,600770.SS,,True
Electronics & Semiconductors,Electronics (General),China,SZSE,300906,"Jiangxi Everbright Measurement And Control Technology Co.,Ltd. (SZSE:300906)",CN,,,,0.33952,0.06345,0.114,PROFITABLE,300906.SZ,,True
Electronics & Semiconductors,Electronics (General),China,SZSE,300256,"Jiangxi Firstar Panel Technology Co.,Ltd. (SZSE:300256)",CN,,,,-0.02874,-0.05104,-0.123,NOT-PROFITABLE,300256.SZ,,False
Electronics & Semiconductors,Electronics (General),China,SHSE,603124,"Jiangxi Jiangnan New Material Technology Co., Ltd. (SHSE:603124)",CN,,,,0.02322,0.14285,0.397,PROFITABLE,603124.SS,,True
Electronics & Semiconductors,Semiconductor,China,SHSE,600363,"Jiangxi Lian Chuang Optoelectronic Science And Technology Co.,lTd. (SHSE:600363)",CN,,,,0.14168,0.10028,-0.236,PROFITABLE,600363.SS,,False
Electronics & Semiconductors,Electronics (General),China,SZSE,301251,"Jiangxi Welgao Electronics Co., Ltd. (SZSE:301251)",CN,,,,0.031140001,0.03368,0.385,PROFITABLE,301251.SZ,,True
Electronics & Semiconductors,Electronics (General),China,SHSE,688307,"Jiaxing ZMAX Optech Co., Ltd. (SHSE:688307)",CN,,,,0.09215,0.07987,0.677,PROFITABLE,688307.SS,,True
Electronics & Semiconductors,Electronics (General),China,SHSE,688378,"Jilin OLED Material Tech Co., Ltd. (SHSE:688378)",CN,,,,0.19267,0.06692,0.536,PROFITABLE,688378.SS,,True
Electronics & Semiconductors,Semiconductor,China,SHSE,600360,"Jilin Sino-Microelectronics Co., Ltd. (SHSE:600360)",CN,,,,0.07718,0.05246,0.036,PROFITABLE,600360.SS,,False
Electronics & Semiconductors,Semiconductor,China,SHSE,688223,"Jinko Solar Co., Ltd. (SHSE:688223)",CN,,,,-0.107080005,-0.22356,-0.115,NOT-PROFITABLE,688223.SS,,False
Electronics & Semiconductors,Computers/Peripherals,China,SEHK,2028,Jolimark Holdings Limited (SEHK:2028),CN,,,,,,,UNVERIFIED,2028.SZ,yfinance_data_gap,False
Electronics & Semiconductors,Semiconductor,China,SZSE,300393,"Jolywood (Suzhou) Sunwatt Co.,Ltd. (SZSE:300393)",CN,,,,-0.44939,-0.56144,-0.696,NOT-PROFITABLE,300393.SZ,,False
Electronics & Semiconductors,Electronics (General),China,SZSE,300684,Jones Tech PLC (SZSE:300684),CN,,,,0.1822,0.15571,0.116,PROFITABLE,300684.SZ,,True
Electronics & Semiconductors,Electronics (General),China,SZSE,002179,"Jonhon Optronic Technology Co., Ltd. (SZSE:002179)",CN,,,,0.08963,0.07999,0.007,PROFITABLE,002179.SZ,,False
Electronics & Semiconductors,Semiconductor,China,SHSE,688141,"JoulWatt Technology Co., Ltd. (SHSE:688141)",CN,,,,-0.3043,-0.51875,0.448,NOT-PROFITABLE,688141.SS,,True
Electronics & Semiconductors,Electronics (General),China,SZSE,300270,"Joyware Electronics Co.,Ltd (SZSE:300270)",CN,,,,-0.24474001,-0.07777,0.327,NOT-PROFITABLE,300270.SZ,,True
Electronics & Semiconductors,Electronics (General),China,SZSE,301458,"Juneway Electronic Technology Co., Ltd. (SZSE:301458)",CN,,,,0.16458,0.08051,0.201,PROFITABLE,301458.SZ,,True
Electronics & Semiconductors,Telecom. Equipment,China,SZSE,300762,"Jushri Technologies, INC. (SZSE:300762)",CN,,,,-0.42646,-0.08764,-0.653,NOT-PROFITABLE,300762.SZ,,False
Electronics & Semiconductors,Electronics (General),China,SZSE,300802,"Jutze Intelligence Technology Co.,Ltd (SZSE:300802)",CN,,,,0.11347,0.05672,0.119,PROFITABLE,300802.SZ,,True
Electronics & Semiconductors,Semiconductor Equip,China,SHSE,688037,"KINGSEMI Co., Ltd. (SHSE:688037)",CN,,,,0.03521,0.028719999,0.201,PROFITABLE,688037.SS,,True
Electronics & Semiconductors,Electronics (General),China,SZSE,300338,"Kaiyuan Education Technology Group Co., Ltd. (SZSE:300338)",CN,,,,-1.1049199,,-0.2,UNVERIFIED,300338.SZ,yfinance_data_gap,False
Electronics & Semiconductors,Semiconductor,China,SHSE,688653,"Kangxi Communication Technologies (Shanghai) Co., Ltd. (SHSE:688653)",CN,,,,-0.01171,-0.00592,0.348,NOT-PROFITABLE,688653.SS,,True
Electronics & Semiconductors,Electronics (Consumer & Office),China,SHSE,600234,"Kexin Development Co.,Ltd,Shanxi (SHSE:600234)",CN,,,,-0.05148,-0.04794,0.241,NOT-PROFITABLE,600234.SS,,True
Electronics & Semiconductors,Electronics (General),China,SHSE,605588,"Keystone Technology Co.,Ltd. (SHSE:605588)",CN,,,,-0.06159,-0.08377,-0.058,NOT-PROFITABLE,605588.SS,,False
Electronics & Semiconductors,Electronics (General),China,SHSE,688160,"Kinco Automation (Shanghai) Co.,Ltd (SHSE:688160)",CN,,,,0.095649995,0.07107,0.432,PROFITABLE,688160.SS,,True
Electronics & Semiconductors,Telecom. Equipment,China,SZSE,300252,"Kingsignal Technology Co., Ltd. (SZSE:300252)",CN,,,,0.01237,0.0073900004,0.197,PROFITABLE,300252.SZ,,True
Electronics & Semiconductors,Semiconductor,China,SZSE,300666,"Konfoong Materials International Co., Ltd (SZSE:300666)",CN,,,,0.112449996,0.09161,0.305,PROFITABLE,300666.SZ,,True
Electronics & Semiconductors,Electronics (Consumer & Office),China,SZSE,000016,"Konka Group Co., Ltd. (SZSE:000016)",CN,,,,-1.3945,,-0.241,UNVERIFIED,000016.SZ,yfinance_data_gap,False
Electronics & Semiconductors,Electronics (General),China,TWSE,6431,"Kuangli Bio-Tech Holdings Co., Ltd. (TWSE:6431)",CN,,,,,,,UNVERIFIED,6431.SS,yfinance_data_gap,False
Electronics & Semiconductors,Electronics (General),China,SHSE,603626,"Kunshan Kersen Science & Technology Co.,Ltd. (SHSE:603626)",CN,,,,0.04166,0.057589997,-0.095,PROFITABLE,603626.SS,,False
Electronics & Semiconductors,Telecom. Equipment,China,SZSE,300353,"Kyland Technology Co., Ltd. (SZSE:300353)",CN,,,,0.09897,0.04188,-0.283,PROFITABLE,300353.SZ,,False
Electronics & Semiconductors,Semiconductor Equip,China,SHSE,688726,"LAPLACE Renewable Energy Technology Co., Ltd. (SHSE:688726)",CN,,,,0.09865,0.122159995,-0.333,PROFITABLE,688726.SS,,False
Electronics & Semiconductors,Semiconductor,China,SHSE,601012,"LONGi Green Energy Technology Co., Ltd. (SHSE:601012)",CN,,,,-0.10177,-0.12607999,-0.18,NOT-PROFITABLE,601012.SS,,False
Electronics & Semiconductors,Electronics (General),China,SHSE,688400,"LUSTER LightTech Co., LTD. (SHSE:688400)",CN,,,,0.11958,0.07184,-0.028,PROFITABLE,688400.SS,,False
Electronics & Semiconductors,Semiconductor,China,SHSE,688589,Leaguer (Shenzhen) Microelectronics Corp. (SHSE:688589),CN,,,,0.0129700005,0.00404,-0.284,PROFITABLE,688589.SS,,False
Electronics & Semiconductors,Semiconductor,China,SZSE,300162,"Ledman Optoelectronic Co., Ltd. (SZSE:300162)",CN,,,,-0.05646,-0.06673,-0.123,NOT-PROFITABLE,300162.SZ,,False
Electronics & Semiconductors,Computers/Peripherals,China,SEHK,3396,Legend Holdings Corporation (SEHK:3396),CN,,,,,,,UNVERIFIED,3396.SZ,yfinance_data_gap,False
Electronics & Semiconductors,Electronics (General),China,SZSE,300433,"Lens Technology Co., Ltd. (SZSE:300433)",CN,,,,0.048109997,0.066199996,-0.171,PROFITABLE,300433.SZ,,False
Electronics & Semiconductors,Electronics (General),China,SZSE,300296,"Leyard Optoelectronic Co., Ltd. (SZSE:300296)",CN,,,,0.03694,0.03312,-0.216,PROFITABLE,300296.SZ,,False
Electronics & Semiconductors,Electronics (General),China,SZSE,002036,"LianChuang Electronic Technology Co.,Ltd (SZSE:002036)",CN,,,,-0.14371,-0.59235,-0.241,NOT-PROFITABLE,002036.SZ,,False
Electronics & Semiconductors,Electronics (General),China,SZSE,300800,"Lihe Technology (Hunan) Co., Ltd. (SZSE:300800)",CN,,,,0.05329,0.02249,0.125,PROFITABLE,300800.SZ,,True
Electronics & Semiconductors,Semiconductor,China,SZSE,300125,"Lingda Group Co., Ltd. (SZSE:300125)",CN,,,,0.29846,0.16734,2.191,PROFITABLE,300125.SZ,,True
Electronics & Semiconductors,Electronics (General),China,SZSE,002600,Lingyi iTech (Guangdong) Company (SZSE:002600),CN,,,,0.040209997,0.09521,0.1,PROFITABLE,002600.SZ,,True
Electronics & Semiconductors,Electronics (General),China,SZSE,301205,"Linktel Technologies Co., Ltd. (SZSE:301205)",CN,,,,0.0708,0.05527,-0.096,PROFITABLE,301205.SZ,,False
Electronics & Semiconductors,Electronics (General),China,SZSE,301389,"Long Young Electronic (Kunshan) Co., Ltd. (SZSE:301389)",CN,,,,0.16736001,0.04976,1.273,PROFITABLE,301389.SZ,,True
Electronics & Semiconductors,Semiconductor,China,SHSE,688486,Lontium Semiconductor Corporation (SHSE:688486),CN,,,,0.30899,0.121379994,0.176,PROFITABLE,688486.SS,,True
Electronics & Semiconductors,Semiconductor,China,SHSE,688047,Loongson Technology Corporation Limited (SHSE:688047),CN,,,,-0.64752996,-0.16102,0.08,NOT-PROFITABLE,688047.SS,,False
Electronics & Semiconductors,Telecom. Equipment,China,SZSE,300555,"Lootom Telcovideo Network (wuxi) Co., Ltd. (SZSE:300555)",CN,,,,-0.84786004,-0.21269,-0.147,NOT-PROFITABLE,300555.SZ,,False
Electronics & Semiconductors,Electronics (General),China,SZSE,002475,"Luxshare Precision Industry Co., Ltd. (SZSE:002475)",CN,,,,0.04857,0.19018,0.358,PROFITABLE,002475.SZ,,True
Electronics & Semiconductors,Semiconductor,China,SEHK,6939,"MEGAIN Holding (Cayman) Co., Ltd. (SEHK:6939)",CN,,,,,,,UNVERIFIED,6939.SS,yfinance_data_gap,False
Electronics & Semiconductors,Electronics (General),China,SHSE,688286,"MEMSensing Microsystems (Suzhou, China) Co., Ltd. (SHSE:688286)",CN,,,,0.03844,0.02296,-0.207,PROFITABLE,688286.SS,,False
Electronics & Semiconductors,Electronics (General),China,SHSE,688502,MLOptic Corp. (SHSE:688502),CN,,,,0.025390001,0.01518,0.286,PROFITABLE,688502.SS,,True
Electronics & Semiconductors,Semiconductor,China,SZSE,002745,"MLS Co., Ltd. (SZSE:002745)",CN,,,,-0.06574,-0.09284,0.214,NOT-PROFITABLE,002745.SZ,,True
Electronics & Semiconductors,Telecom. Equipment,China,SEHK,947,"MOBI Development Co., Ltd. (SEHK:947)",CN,,,,,,,UNVERIFIED,947.SZ,yfinance_data_gap,False
Electronics & Semiconductors,Semiconductor,China,SHSE,688711,"Macmic Science&Technology Co.,Ltd. (SHSE:688711)",CN,,,,0.01271,0.014149999,0.038,PROFITABLE,688711.SS,,False
Electronics & Semiconductors,Semiconductor,China,SHSE,688458,"Maxic Technology, Inc. (SHSE:688458)",CN,,,,-0.042329997,-0.01255,-0.068,NOT-PROFITABLE,688458.SS,,False
Electronics & Semiconductors,Semiconductor,China,SHSE,688449,"Maxio Technology (Hangzhou) Co., Ltd. (SHSE:688449)",CN,,,,0.12198,0.09698,0.474,PROFITABLE,688449.SS,,True
Electronics & Semiconductors,Semiconductor,China,SHSE,688809,"Maxone Semiconductor (Suzhou) Co., Ltd. (SHSE:688809)",CN,,,,,,,UNVERIFIED,688809.SS,yfinance_data_gap,False
Electronics & Semiconductors,Electronics (General),China,SZSE,300782,Maxscend Microelectronics Company Limited (SZSE:300782),CN,,,,-0.10284001,-0.039300002,0.095,NOT-PROFITABLE,300782.SZ,,False
Electronics & Semiconductors,Electronics (General),China,SZSE,002990,Maxvision Technology Corp. (SZSE:002990),CN,,,,0.04303,0.02387,-0.254,PROFITABLE,002990.SZ,,False
Electronics & Semiconductors,Telecom. Equipment,China,SZSE,002881,"MeiG Smart Technology Co., Ltd (SZSE:002881)",CN,,,,0.038900003,0.06587,-0.07,PROFITABLE,002881.SZ,,False
Electronics & Semiconductors,Semiconductor,China,SHSE,688802,"MetaX Integrated Circuits (Shanghai) Co., Ltd. (SHSE:688802)",CN,,,,-0.34778,,0.754,UNVERIFIED,688802.SS,yfinance_data_gap,True
Electronics & Semiconductors,Electronics (General),China,SZSE,301006,"Meter Instruments Co., Ltd. (SZSE:301006)",CN,,,,0.21957001,0.06805,0.024,PROFITABLE,301006.SZ,,False
Electronics & Semiconductors,Electronics (Consumer & Office),China,SZSE,301383,Minami Acoustics Limited (SZSE:301383),CN,,,,-0.03867,-0.035150003,-0.086,NOT-PROFITABLE,301383.SZ,,False
Electronics & Semiconductors,Semiconductor,China,SHSE,688008,"Montage Technology Co., Ltd. (SHSE:688008)",CN,,,,0.44911,0.15010999,0.195,PROFITABLE,688008.SS,,True
Electronics & Semiconductors,Semiconductor,China,SHSE,688795,"Moore Threads Technology Co., Ltd. (SHSE:688795)",CN,,,,-0.29188,,1.419,UNVERIFIED,688795.SS,yfinance_data_gap,True
Electronics & Semiconductors,Semiconductor,China,SHSE,688515,"Motorcomm Electronic Technology Co., Ltd. (SHSE:688515)",CN,,,,-0.17167999,-0.07696,0.748,NOT-PROFITABLE,688515.SS,,True
Electronics & Semiconductors,Semiconductor Equip,China,SZSE,002371,"NAURA Technology Group Co., Ltd. (SZSE:002371)",CN,,,,0.13446,0.13584,0.258,PROFITABLE,002371.SZ,,True
Electronics & Semiconductors,Electronics (General),China,SHSE,688539,"NanJing GOVA Technology Co., Ltd. (SHSE:688539)",CN,,,,0.13393,0.030150002,-0.211,PROFITABLE,688539.SS,,False
Electronics & Semiconductors,Semiconductor Equip,China,SZSE,300554,"NanJing Sanchao Advanced Materials Co.,Ltd. (SZSE:300554)",CN,,,,-0.67279,-0.26298,0.091,NOT-PROFITABLE,300554.SZ,,False
Electronics & Semiconductors,Telecom. Equipment,China,SEHK,1617,Nanfang Communication Holdings Limited (SEHK:1617),CN,,,,,,,UNVERIFIED,1617.SZ,yfinance_data_gap,False
Electronics & Semiconductors,Electronics (General),China,SZSE,300417,"Nanhua Instruments Co., Ltd. (SZSE:300417)",CN,,,,-0.00728,-0.00049,1.563,NOT-PROFITABLE,300417.SZ,,True
Electronics & Semiconductors,Electronics (General),China,SZSE,301195,"Nanjing Bestway Intelligent Control Technology Co., Ltd. (SZSE:301195)",CN,,,,0.14739999,0.0556,-0.163,PROFITABLE,301195.SZ,,False
Electronics & Semiconductors,Telecom. Equipment,China,SHSE,603042,"Nanjing Huamai Technology Co., Ltd. (SHSE:603042)",CN,,,,-0.06734,-0.03464,0.079,NOT-PROFITABLE,603042.SS,,False
Electronics & Semiconductors,Telecom. Equipment,China,SHSE,600775,Nanjing Panda Electronics Company Limited (SHSE:600775),CN,,,,0.012209999,0.02121,0.466,PROFITABLE,600775.SS,,True
Electronics & Semiconductors,Telecom. Equipment,China,SZSE,200468,"Nanjing Putian Telecommunications Co., Ltd. (SZSE:200468)",CN,,,,-0.01918,-0.03659,-0.243,NOT-PROFITABLE,200468.SZ,,False
Electronics & Semiconductors,Electronics (General),China,SEHK,1708,Nanjing Sample Technology Company Limited (SEHK:1708),CN,,,,,,,UNVERIFIED,1708.SZ,yfinance_data_gap,False
Electronics & Semiconductors,Electronics (General),China,SZSE,301421,"Nanjing Wavelength Opto-Electronic Science & Technology Co.,Ltd. (SZSE:301421)",CN,,,,0.10343,0.041890003,0.171,PROFITABLE,301421.SZ,,True
Electronics & Semiconductors,Electronics (General),China,SZSE,002546,"Nanjing Xinlian Electronics Co., Ltd (SZSE:002546)",CN,,,,0.79424006,0.15262,0.111,PROFITABLE,002546.SZ,,True
Electronics & Semiconductors,Semiconductor,China,NasdaqGM,,Nano Labs Ltd (NasdaqGM:NA),CN,,,,,,,UNVERIFIED,nan.SZ,yfinance_data_gap,False
Electronics & Semiconductors,Electronics (General),China,SHSE,688519,"Nanya New Material Technology Co.,Ltd (SHSE:688519)",CN,,,,0.06047,0.13836999,0.924,PROFITABLE,688519.SS,,True
Electronics & Semiconductors,Semiconductor Equip,China,SHSE,688126,"National Silicon Industry Group Co., Ltd. (SHSE:688126)",CN,,,,-0.4457,-0.1067,0.352,NOT-PROFITABLE,688126.SS,,True
Electronics & Semiconductors,Computers/Peripherals,China,SZSE,300042,"Netac Technology Co., Ltd. (SZSE:300042)",CN,,,,0.08111,0.13092,0.96,PROFITABLE,300042.SZ,,True
Electronics & Semiconductors,Electronics (General),China,SZSE,300248,"Newcapec Electronics Co., Ltd. (SZSE:300248)",CN,,,,0.06118,0.025829999,-0.083,PROFITABLE,300248.SZ,,False
Electronics & Semiconductors,Semiconductor,China,SHSE,688249,Nexchip Semiconductor Corporation (SHSE:688249),CN,,,,0.055159997,0.014630001,0.134,PROFITABLE,688249.SS,,True
Electronics & Semiconductors,Semiconductor Equip,China,SHSE,688419,"Nextool Technology Co., Ltd. (SHSE:688419)",CN,,,,0.24336,0.06939,0.005,PROFITABLE,688419.SS,,False
Electronics & Semiconductors,Computers/Peripherals,China,SZSE,002180,Ninestar Corporation (SZSE:002180),CN,,,,-0.05731,-0.07958,-0.614,NOT-PROFITABLE,002180.SZ,,False
Electronics & Semiconductors,Computers/Peripherals,China,SHSE,600130,"Ningbo Bird Co.,Ltd. (SHSE:600130)",CN,,,,0.01153,0.00966,0.278,PROFITABLE,600130.SS,,True
Electronics & Semiconductors,Electronics (General),China,SZSE,300076,"Ningbo GQY Video & Telecom Joint-Stock Co., Ltd. (SZSE:300076)",CN,,,,-0.88761,-0.09251001,0.406,NOT-PROFITABLE,300076.SZ,,True
Electronics & Semiconductors,Computers/Peripherals,China,SHSE,688805,"Ningbo Jansen Superconducting Technologies Co., Ltd. (SHSE:688805)",CN,,,,,,,UNVERIFIED,688805.SS,yfinance_data_gap,False
Electronics & Semiconductors,Electronics (General),China,SZSE,300880,"Ningbo Jianan Electronics Co.,Ltd (SZSE:300880)",CN,,,,0.11692,0.06392,0.078,PROFITABLE,300880.SZ,,False
Electronics & Semiconductors,Semiconductor Equip,China,SZSE,002119,"Ningbo Kangqiang Electronics Co., Ltd (SZSE:002119)",CN,,,,0.04802,0.08287,0.493,PROFITABLE,002119.SZ,,True
Electronics & Semiconductors,Electronics (General),China,SZSE,002937,"Ningbo Sunrise Elc Technology Co.,Ltd (SZSE:002937)",CN,,,,0.07755,0.086689994,0.126,PROFITABLE,002937.SZ,,True
Electronics & Semiconductors,Electronics (General),China,SHSE,603015,"Ningbo Techmation Co.,Ltd. (SHSE:603015)",CN,,,,0.03287,0.01127,-0.112,PROFITABLE,603015.SS,,False
Electronics & Semiconductors,Electronics (General),China,SHSE,603700,"Ningbo Water Meter (Group) Co.,Ltd. (SHSE:603700)",CN,,,,0.04133,0.046479996,0.352,PROFITABLE,603700.SS,,True
Electronics & Semiconductors,Electronics (General),China,SHSE,603297,"Ningbo Yongxin Optics Co.,Ltd (SHSE:603297)",CN,,,,0.20834999,0.102589995,0.201,PROFITABLE,603297.SS,,True
Electronics & Semiconductors,Electronics (General),China,SHSE,600366,"Ningbo Yunsheng Co., Ltd. (SHSE:600366)",CN,,,,0.07022,0.066479996,0.335,PROFITABLE,600366.SS,,True
Electronics & Semiconductors,Semiconductor,China,SZSE,300077,Nsing Technologies Inc. (SZSE:300077),CN,,,,-0.07566,-0.07946,0.299,NOT-PROFITABLE,300077.SZ,,True
Electronics & Semiconductors,Electronics (General),China,SZSE,002456,"OFILM Group Co., Ltd. (SZSE:002456)",CN,,,,-0.00699,0.00026,-0.236,NOT-PROFITABLE,002456.SZ,,False
Electronics & Semiconductors,Electronics (General),China,SHSE,688686,"OPT Machine Vision Tech Co., Ltd. (SHSE:688686)",CN,,,,0.14145,0.06564,0.335,PROFITABLE,688686.SS,,True
Electronics & Semiconductors,Electronics (General),China,SHSE,603920,"Olympic Circuit Technology Co., Ltd (SHSE:603920)",CN,,,,0.09517,0.07539,0.086,PROFITABLE,603920.SS,,False
Electronics & Semiconductors,Semiconductor Equip,China,SHSE,688530,"Omat Advanced Materials (Guangdong) Co.,Ltd. (SHSE:688530)",CN,,,,0.00257,0.0022200001,2.159,PROFITABLE,688530.SS,,True
Electronics & Semiconductors,Semiconductor,China,SHSE,603501,"OmniVision Integrated Circuits Group, Inc. (SHSE:603501)",CN,,,,0.12788,0.12583,-0.009,PROFITABLE,603501.SS,,False
Electronics & Semiconductors,Electronics (General),China,SHSE,688195,"Optowide Technologies Co., Ltd. (SHSE:688195)",CN,,,,0.11192001,0.07723,0.512,PROFITABLE,688195.SS,,True
Electronics & Semiconductors,Electronics (General),China,SHSE,688322,Orbbec Inc. (SHSE:688322),CN,,,,0.14129,0.04522,0.062,PROFITABLE,688322.SS,,False
Electronics & Semiconductors,Electronics (General),China,SZSE,300811,"POCO Holding Co., Ltd. (SZSE:300811)",CN,,,,0.22681999,0.15134,0.277,PROFITABLE,300811.SZ,,True
Electronics & Semiconductors,Electronics (General),China,SHSE,600071,Phenix Optical Company Limited (SHSE:600071),CN,,,,0.01701,0.05667,-0.006,PROFITABLE,600071.SS,,False
Electronics & Semiconductors,Semiconductor Equip,China,SHSE,688072,Piotech Inc. (SHSE:688072),CN,,,,0.23751,0.25115,0.57,PROFITABLE,688072.SS,,True
Electronics & Semiconductors,Semiconductor Equip,China,SZSE,301369,"PowerTECH Co., Ltd. (SZSE:301369)",CN,,,,0.10333,0.024330001,0.446,PROFITABLE,301369.SZ,,True
Electronics & Semiconductors,Semiconductor,China,SHSE,688206,"Primarius Technologies Co., Ltd. (SHSE:688206)",CN,,,,0.041479997,0.0100300005,0.101,PROFITABLE,688206.SS,,True
Electronics & Semiconductors,Telecom. Equipment,China,SEHK,1720,Putian Communication Group Limited (SEHK:1720),CN,,,,,,,UNVERIFIED,1720.SZ,yfinance_data_gap,False
Electronics & Semiconductors,Semiconductor,China,SHSE,688766,"Puya Semiconductor (Shanghai) Co., Ltd. (SHSE:688766)",CN,,,,0.13099,0.21551001,2.561,PROFITABLE,688766.SS,,True
Electronics & Semiconductors,Electronics (General),China,SEHK,1478,Q Technology (Group) Company Limited (SEHK:1478),CN,,,,,,,UNVERIFIED,1478.SZ,yfinance_data_gap,False
Electronics & Semiconductors,Electronics (General),China,SHSE,603677,"Qijing Machinery Co., Ltd. (SHSE:603677)",CN,,,,0.020280002,0.03451,-0.049,PROFITABLE,603677.SS,,False
Electronics & Semiconductors,Telecom. Equipment,China,SZSE,300183,"Qingdao Eastsoft Communication Technology Co.,Ltd (SZSE:300183)",CN,,,,-0.01622,-0.00527,-0.262,NOT-PROFITABLE,300183.SZ,,False
Electronics & Semiconductors,Semiconductor Equip,China,SHSE,688556,"Qingdao Gaoce Technology Co., Ltd (SHSE:688556)",CN,,,,-0.0044400003,-0.0044400003,0.155,NOT-PROFITABLE,688556.SS,,True
Electronics & Semiconductors,Semiconductor,China,SHSE,603421,Qingdao Topscomm Communication Inc. (SHSE:603421),CN,,,,-0.40188,-0.21892999,-0.134,NOT-PROFITABLE,603421.SS,,False
Electronics & Semiconductors,Telecom. Equipment,China,SHSE,688027,"QuantumCTek Co., Ltd. (SHSE:688027)",CN,,,,0.021289999,0.0021,0.178,PROFITABLE,688027.SS,,True
Electronics & Semiconductors,Telecom. Equipment,China,SZSE,300590,"Queclink Wireless Solutions Co., Ltd. (SZSE:300590)",CN,,,,0.111490004,0.06185,0.993,PROFITABLE,300590.SZ,,True
Electronics & Semiconductors,Electronics (General),China,SHSE,603236,"Quectel Wireless Solutions Co., Ltd. (SHSE:603236)",CN,,,,0.029649999,0.13501,0.293,PROFITABLE,603236.SS,,True
Electronics & Semiconductors,Telecom. Equipment,China,SHSE,603803,"RAISECOM TECHNOLOGY CO.,Ltd. (SHSE:603803)",CN,,,,-0.01444,-0.01174,0.172,NOT-PROFITABLE,603803.SS,,True
Electronics & Semiconductors,Electronics (General),China,SZSE,301667,"RNBC New Energy Co., Ltd. (SZSE:301667)",CN,,,,0.04757,,0.269,UNVERIFIED,301667.SZ,yfinance_data_gap,True
Electronics & Semiconductors,Electronics (General),China,SHSE,688619,"ROPEOK Technology Group Co., Ltd. (SHSE:688619)",CN,,,,-1.36103,-0.27086002,0.183,NOT-PROFITABLE,688619.SS,,True
Electronics & Semiconductors,Electronics (General),China,SHSE,688002,"Raytron Technology Co.,Ltd. (SHSE:688002)",CN,,,,0.20493001,0.20633,0.711,PROFITABLE,688002.SS,,True
Electronics & Semiconductors,Computers/Peripherals,China,SEHK,2385,Readboy Education Holding Company Limited (SEHK:2385),CN,,,,,,,UNVERIFIED,2385.SZ,yfinance_data_gap,False
Electronics & Semiconductors,Electronics (General),China,SZSE,300427,Red phase INC. (SZSE:300427),CN,,,,-0.04269,-0.025120001,0.014,NOT-PROFITABLE,300427.SZ,,False
Electronics & Semiconductors,Electronics (General),China,SHSE,688337,"Rigol Technologies Co., Ltd. (SHSE:688337)",CN,,,,0.10939,0.0332,0.38,PROFITABLE,688337.SS,,True
Electronics & Semiconductors,Semiconductor,China,SEHK,1679,Risecomm Group Holdings Limited (SEHK:1679),CN,,,,,,,UNVERIFIED,1679.SZ,yfinance_data_gap,False
Electronics & Semiconductors,Semiconductor,China,SZSE,300118,"Risen Energy Co.,Ltd. (SZSE:300118)",CN,,,,-0.23754999,-0.29929,-0.096,NOT-PROFITABLE,300118.SZ,,False
Electronics & Semiconductors,Electronics (Consumer & Office),China,SZSE,002981,Risuntek Inc. (SZSE:002981),CN,,,,0.01644,0.027490001,-0.089,PROFITABLE,002981.SZ,,False
Electronics & Semiconductors,Electronics (General),China,SEHK,2498,"Robosense Technology Co., Ltd (SEHK:2498)",CN,,,,,,,UNVERIFIED,2498.SZ,yfinance_data_gap,False
Electronics & Semiconductors,Semiconductor,China,SHSE,603893,"Rockchip Electronics Co., Ltd. (SHSE:603893)",CN,,,,0.24555999,0.27346,0.362,PROFITABLE,603893.SS,,True
Electronics & Semiconductors,Computers/Peripherals,China,SEHK,9881,"Rongta Technology (Xiamen) Group Co., Ltd. (SEHK:9881)",CN,,,,,,,UNVERIFIED,9881.SZ,yfinance_data_gap,False
Electronics & Semiconductors,Computers/Peripherals,China,SHSE,600355,"Routon Electronic Co., Ltd. (SHSE:600355)",CN,,,,,,,UNVERIFIED,600355.SS,yfinance_data_gap,False
Electronics & Semiconductors,Telecom. Equipment,China,SZSE,301165,"Ruijie Networks Co., Ltd. (SZSE:301165)",CN,,,,0.04818,0.14489001,0.183,PROFITABLE,301165.SZ,,True
Electronics & Semiconductors,Electronics (General),China,SZSE,301129,"Runa Smart Equipment Co., Ltd. (SZSE:301129)",CN,,,,0.19972,0.06141,0.361,PROFITABLE,301129.SZ,,True
Electronics & Semiconductors,Electronics (General),China,SZSE,300188,"SDIC Intelligence Information Technology Co., Ltd. (SZSE:300188)",CN,,,,-0.59351003,-0.2625,-0.236,NOT-PROFITABLE,300188.SZ,,False
Electronics & Semiconductors,Semiconductor,China,SZSE,300661,SG Micro Corp (SZSE:300661),CN,,,,0.14524001,0.11897001,0.391,PROFITABLE,300661.SZ,,True
Electronics & Semiconductors,Electronics (General),China,SZSE,300561,"SGSG Science&Technology Co., Ltd. Zhuhai (SZSE:300561)",CN,,,,-0.17412001,-0.040310003,-0.012,NOT-PROFITABLE,300561.SZ,,False
Electronics & Semiconductors,Semiconductor,China,SZSE,002218,"SHENZHEN TOPRAYSOLAR Co.,Ltd. (SZSE:002218)",CN,,,,-0.19763,-0.04917,-0.09,NOT-PROFITABLE,002218.SZ,,False
Electronics & Semiconductors,Semiconductor Equip,China,SHSE,688234,"SICC Co., Ltd. (SHSE:688234)",CN,,,,-0.19498,-0.04474,-0.104,NOT-PROFITABLE,688234.SS,,False
Electronics & Semiconductors,Telecom. Equipment,China,SEHK,2000,SIM Technology Group Limited (SEHK:2000),CN,,,,,,,UNVERIFIED,2000.SZ,yfinance_data_gap,False
Electronics & Semiconductors,Electronics (General),China,SZSE,301361,"SMARTGEN (Zhengzhou) Technology Co., Ltd. (SZSE:301361)",CN,,,,0.30131,0.0783,0.156,PROFITABLE,301361.SZ,,True
Electronics & Semiconductors,Electronics (General),China,SZSE,002857,"SMS Electric Co.,Ltd.Zhengzhou (SZSE:002857)",CN,,,,-0.16457,-0.13694,-0.833,NOT-PROFITABLE,002857.SZ,,False
Electronics & Semiconductors,Electronics (General),China,SZSE,300331,"SVG Tech Group Co.,Ltd. (SZSE:300331)",CN,,,,-0.0027700001,0.0016,0.15,NOT-PROFITABLE,300331.SZ,,True
Electronics & Semiconductors,Electronics (General),China,SZSE,002197,"SZZT Electronics CO.,LTD (SZSE:002197)",CN,,,,-0.35729998,-0.17481,0.222,NOT-PROFITABLE,002197.SZ,,True
Electronics & Semiconductors,Electronics (General),China,SZSE,300456,Sai MicroElectronics Inc. (SZSE:300456),CN,,,,2.15857,0.21744,-0.627,PROFITABLE,300456.SZ,,False
Electronics & Semiconductors,Semiconductor,China,SHSE,600703,"Sanan Optoelectronics Co.,Ltd (SHSE:600703)",CN,,,,-0.030079998,-0.01327,-0.326,NOT-PROFITABLE,600703.SS,,False
Electronics & Semiconductors,Electronics (General),China,SZSE,300066,"Sanchuan Wisdom Technology Co., Ltd. (SZSE:300066)",CN,,,,0.11557,0.05668,0.316,PROFITABLE,300066.SZ,,True
Electronics & Semiconductors,Computers/Peripherals,China,SHSE,688489,"Sansec Technology Co., Ltd. (SHSE:688489)",CN,,,,-0.057529997,-0.01293,0.101,NOT-PROFITABLE,688489.SS,,True
Electronics & Semiconductors,Computers/Peripherals,China,SHSE,688583,"Scantech (HANGZHOU) Co., Ltd. (SHSE:688583)",CN,,,,0.20514,0.065170005,0.002,PROFITABLE,688583.SS,,False
Electronics & Semiconductors,Semiconductor,China,SEHK,981,Semiconductor Manufacturing International Corporation (SEHK:981),CN,,,,,,,UNVERIFIED,981.SZ,yfinance_data_gap,False
Electronics & Semiconductors,Electronics (General),China,SZSE,300701,"Senba Sensing Technology Co.,Ltd. (SZSE:300701)",CN,,,,0.17837,0.08144,-0.043,PROFITABLE,300701.SZ,,False
Electronics & Semiconductors,Telecom. Equipment,China,SZSE,000561,"Shaanxi Fenghuo Electronics Co., Ltd. (SZSE:000561)",CN,,,,-0.17362,-0.109610006,0.088,NOT-PROFITABLE,000561.SZ,,False
Electronics & Semiconductors,Semiconductor Equip,China,SHSE,688150,"Shaanxi Lighte Optoelectronics Material Co.,Ltd (SHSE:688150)",CN,,,,0.37805,0.10741,-0.082,PROFITABLE,688150.SS,,False
Electronics & Semiconductors,Electronics (General),China,SHSE,688681,"Shandong Kehui Power Automation Co.,Ltd. (SHSE:688681)",CN,,,,0.0962,0.083850004,0.175,PROFITABLE,688681.SS,,True
Electronics & Semiconductors,Computers/Peripherals,China,SZSE,002376,"Shandong New Beiyang Information Technology Co., Ltd. (SZSE:002376)",CN,,,,0.02726,0.0315,0.28,PROFITABLE,002376.SZ,,True
Electronics & Semiconductors,Electronics (General),China,SZSE,001388,"Shandong Senter Electronic Co.,Ltd. (SZSE:001388)",CN,,,,0.11665,0.10182,-0.292,PROFITABLE,001388.SZ,,False
Electronics & Semiconductors,Semiconductor,China,SHSE,600732,"Shanghai Aiko Solar Energy Co.,Ltd. (SHSE:600732)",CN,,,,-0.12323,-0.31807,0.073,NOT-PROFITABLE,600732.SS,,False
Electronics & Semiconductors,Telecom. Equipment,China,SZSE,301419,"Shanghai Allied Industrial Group Co., Ltd. (SZSE:301419)",CN,,,,0.1438,0.06696,0.25,PROFITABLE,301419.SZ,,True
Electronics & Semiconductors,Semiconductor,China,SHSE,688107,"Shanghai Anlogic Infotech Co., Ltd. (SHSE:688107)",CN,,,,-0.42694,-0.24575001,0.775,NOT-PROFITABLE,688107.SS,,True
Electronics & Semiconductors,Semiconductor,China,SHSE,688798,"Shanghai Awinic Technology Co.,Ltd. (SHSE:688798)",CN,,,,0.10629,0.073189996,0.01,PROFITABLE,688798.SS,,False
Electronics & Semiconductors,Electronics (General),China,SHSE,688188,Shanghai BOCHU Electronic Technology Corporation Limited. (SHSE:688188),CN,,,,0.52207,0.19478,0.105,PROFITABLE,688188.SS,,True
Electronics & Semiconductors,Semiconductor,China,SHSE,600171,"Shanghai Belling Co., Ltd. (SHSE:600171)",CN,,,,0.06656,0.04897,0.289,PROFITABLE,600171.SS,,True
Electronics & Semiconductors,Semiconductor,China,SHSE,688368,"Shanghai Bright Power Semiconductor Co., Ltd. (SHSE:688368)",CN,,,,0.042680003,0.034760002,0.864,PROFITABLE,688368.SS,,True
Electronics & Semiconductors,Semiconductor,China,SZSE,300493,"Shanghai Fortune Techgroup Co., Ltd. (SZSE:300493)",CN,,,,0.020499999,0.051269997,0.014,PROFITABLE,300493.SZ,,False
Electronics & Semiconductors,Semiconductor,China,SEHK,1385,Shanghai Fudan Microelectronics Group Company Limited (SEHK:1385),CN,,,,,,,UNVERIFIED,1385.SZ,yfinance_data_gap,False
Electronics & Semiconductors,Semiconductor,China,SZSE,300613,"Shanghai Fullhan Microelectronics Co., Ltd. (SZSE:300613)",CN,,,,0.111590005,0.06558,0.755,PROFITABLE,300613.SZ,,True
Electronics & Semiconductors,Semiconductor Equip,China,SHSE,688596,"Shanghai GenTech Co., Ltd. (SHSE:688596)",CN,,,,0.01464,0.01972,0.434,PROFITABLE,688596.SS,,True
Electronics & Semiconductors,Computers/Peripherals,China,SZSE,300551,"Shanghai Guao Electronic Technology Co., Ltd. (SZSE:300551)",CN,,,,-1.72571,-0.58184,-0.457,NOT-PROFITABLE,300551.SZ,,False
Electronics & Semiconductors,Electronics (General),China,SHSE,688330,"Shanghai Holystar Information Technology Co., Ltd. (SHSE:688330)",CN,,,,1.11563,0.15117,-0.534,PROFITABLE,688330.SS,,False
Electronics & Semiconductors,Telecom. Equipment,China,SZSE,300627,Shanghai Huace Navigation Technology Ltd (SZSE:300627),CN,,,,0.17973,0.16408001,0.023,PROFITABLE,300627.SZ,,False
Electronics & Semiconductors,Computers/Peripherals,China,SHSE,603341,"Shanghai Longcheer Technology Co., Ltd. (SHSE:603341)",CN,,,,0.01107,0.06882,-0.193,PROFITABLE,603341.SS,,False
Electronics & Semiconductors,Semiconductor,China,SHSE,688593,"Shanghai New Vision Microelectronics Co., Ltd (SHSE:688593)",CN,,,,0.019989999,0.0046900003,0.004,PROFITABLE,688593.SS,,False
Electronics & Semiconductors,Semiconductor,China,SHSE,688061,"Shanghai Orient-Chip Technology Co.,LTD. (SHSE:688061)",CN,,,,-0.10521,-0.02802,0.048,NOT-PROFITABLE,688061.SS,,False
Electronics & Semiconductors,Semiconductor,China,SHSE,688230,"Shanghai Prisemi Electronics Co.,Ltd. (SHSE:688230)",CN,,,,0.26716,0.04937,0.347,PROFITABLE,688230.SS,,True
Electronics & Semiconductors,Semiconductor Equip,China,SZSE,300236,"Shanghai Sinyang Semiconductor Materials Co., Ltd. (SZSE:300236)",CN,,,,0.16979,0.07524,0.33,PROFITABLE,300236.SZ,,True
Electronics & Semiconductors,Electronics (General),China,SZSE,001266,"Shanghai Smart Control Co., Ltd. (SZSE:001266)",CN,,,,0.05508,0.04715,1.862,PROFITABLE,001266.SZ,,True
Electronics & Semiconductors,Semiconductor,China,SHSE,688372,"Shanghai V-Test Semiconductor Tech. Co., Ltd. (SHSE:688372)",CN,,,,0.19565001,0.1019,0.718,PROFITABLE,688372.SS,,True
Electronics & Semiconductors,Electronics (General),China,SHSE,688071,"Shanghai W-Ibeda High Tech.Group Co.,Ltd. (SHSE:688071)",CN,,,,-0.12049,-0.06237,0.106,NOT-PROFITABLE,688071.SS,,True
Electronics & Semiconductors,Electronics (General),China,SZSE,002058,"Shanghai Welltech Automation Co.,Ltd. (SZSE:002058)",CN,,,,0.24786,0.98241997,0.014,PROFITABLE,002058.SZ,,False
Electronics & Semiconductors,Electronics (General),China,SEHK,8286,Shanxi Changcheng Microlight Equipment Co. Ltd. (SEHK:8286),CN,,,,,,,UNVERIFIED,8286.SZ,yfinance_data_gap,False
Electronics & Semiconductors,Computers/Peripherals,China,SZSE,300857,"Sharetronic Data Technology Co., Ltd. (SZSE:300857)",CN,,,,0.10747,0.402,1.929,PROFITABLE,300857.SZ,,True
Electronics & Semiconductors,Semiconductor,China,SZSE,300940,"Shen Zhen Australis Electronic Technology Co.,Ltd. (SZSE:300940)",CN,,,,0.08703,0.05698,-0.243,PROFITABLE,300940.SZ,,False
Electronics & Semiconductors,Electronics (General),China,SZSE,300843,"Shenglan Technology Co., Ltd. (SZSE:300843)",CN,,,,0.062119998,0.07334,0.461,PROFITABLE,300843.SZ,,True
Electronics & Semiconductors,Electronics (General),China,SHSE,688183,"Shengyi Electronics Co., Ltd. (SHSE:688183)",CN,,,,0.16635999,0.3225,0.526,PROFITABLE,688183.SS,,True
Electronics & Semiconductors,Electronics (General),China,SHSE,600183,"Shengyi Technology Co.,Ltd. (SHSE:600183)",CN,,,,0.12687999,0.24439,0.451,PROFITABLE,600183.SS,,True
Electronics & Semiconductors,Electronics (General),China,SZSE,002916,Shennan Circuit Company Limited (SZSE:002916),CN,,,,0.14276,0.21874,0.379,PROFITABLE,002916.SZ,,True
Electronics & Semiconductors,Semiconductor Equip,China,SHSE,688409,"Shenyang Fortune Precision Equipment Co., Ltd. (SHSE:688409)",CN,,,,0.01869,0.01765,0.368,PROFITABLE,688409.SS,,True
Electronics & Semiconductors,Telecom. Equipment,China,SZSE,300563,Shenyu Communication Technology Inc. (SZSE:300563),CN,,,,0.08625,0.066020004,0.167,PROFITABLE,300563.SZ,,True
Electronics & Semiconductors,Electronics (General),China,SZSE,002587,"Shenzhen AOTO Electronics Co., Ltd. (SZSE:002587)",CN,,,,0.01895,0.010670001,0.288,PROFITABLE,002587.SZ,,True
Electronics & Semiconductors,Electronics (General),China,SZSE,300939,"Shenzhen AV-Display Co., Ltd. (SZSE:300939)",CN,,,,0.05667,0.0539,0.098,PROFITABLE,300939.SZ,,False
Electronics & Semiconductors,Electronics (General),China,SZSE,300389,"Shenzhen Absen Optoelectronic Co.,Ltd. (SZSE:300389)",CN,,,,0.06036,0.15258001,0.075,PROFITABLE,300389.SZ,,False
Electronics & Semiconductors,Electronics (General),China,SZSE,301413,"Shenzhen Ampron Technology Co., Ltd. (SZSE:301413)",CN,,,,0.06205,0.0588,0.002,PROFITABLE,301413.SZ,,False
Electronics & Semiconductors,Electronics (General),China,SZSE,300572,"Shenzhen Anche Technologies Co., Ltd. (SZSE:300572)",CN,,,,-0.40997002,-0.11437,-0.017,NOT-PROFITABLE,300572.SZ,,False
Electronics & Semiconductors,Electronics (Consumer & Office),China,SZSE,301189,"Shenzhen Aoni Electronic Co., Ltd. (SZSE:301189)",CN,,,,-0.09726,-0.05579,1.645,NOT-PROFITABLE,301189.SZ,,True
Electronics & Semiconductors,Semiconductor,China,SZSE,002992,"Shenzhen Baoming Technology Co.,Ltd. (SZSE:002992)",CN,,,,0.01237,0.00921,-0.175,PROFITABLE,002992.SZ,,False
Electronics & Semiconductors,Semiconductor,China,SHSE,688332,"Shenzhen Bluetrum Technology Co., Ltd. (SHSE:688332)",CN,,,,0.72542,0.2922,0.108,PROFITABLE,688332.SS,,True
Electronics & Semiconductors,Telecom. Equipment,China,SZSE,301608,"Shenzhen Boshijie Technology Co., Ltd. (SZSE:301608)",CN,,,,0.14001,0.11675999,0.203,PROFITABLE,301608.SZ,,True
Electronics & Semiconductors,Electronics (General),China,SZSE,301387,"Shenzhen Bromake New Material Co., Ltd. (SZSE:301387)",CN,,,,-0.00072999997,-8.9999994e-05,0.247,NOT-PROFITABLE,301387.SZ,,True
Electronics & Semiconductors,Electronics (General),China,SZSE,300951,"Shenzhen Bsc Technology Co.,Ltd. (SZSE:300951)",CN,,,,0.05046,0.02802,0.089,PROFITABLE,300951.SZ,,False
Electronics & Semiconductors,Electronics (General),China,SZSE,300686,"Shenzhen CDL Precision Technology Co., Ltd (SZSE:300686)",CN,,,,-0.107250005,-0.19981001,-0.229,NOT-PROFITABLE,300686.SZ,,False
Electronics & Semiconductors,Semiconductor,China,SZSE,300301,"Shenzhen Changfang Group Co., Ltd. (SZSE:300301)",CN,,,,-0.38486,-3.42358,-0.098,NOT-PROFITABLE,300301.SZ,,False
Electronics & Semiconductors,Computers/Peripherals,China,SZSE,300689,"Shenzhen Chengtian Weiye Technology Co., Ltd. (SZSE:300689)",CN,,,,0.01571,0.00764,0.41,PROFITABLE,300689.SZ,,True
Electronics & Semiconductors,Semiconductor,China,SHSE,688380,"Shenzhen China Micro Semicon Co., Ltd. (SHSE:688380)",CN,,,,0.24259001,0.09623,0.575,PROFITABLE,688380.SS,,True
Electronics & Semiconductors,Electronics (General),China,SZSE,300991,"Shenzhen Chuangyitong Technology Co.,Ltd. (SZSE:300991)",CN,,,,-0.02349,-0.02179,-0.182,NOT-PROFITABLE,300991.SZ,,False
Electronics & Semiconductors,Telecom. Equipment,China,SZSE,002052,"Shenzhen Coship Electronics Co., Ltd. (SZSE:002052)",CN,,,,0.14152999,0.27063,-0.829,PROFITABLE,002052.SZ,,False
Electronics & Semiconductors,Electronics (General),China,SZSE,002055,"Shenzhen Deren Electronic Co., Ltd. (SZSE:002055)",CN,,,,-0.008909999,-0.02763,0.054,NOT-PROFITABLE,002055.SZ,,False
Electronics & Semiconductors,Telecom. Equipment,China,SZSE,300167,"Shenzhen Division Co.,Ltd. (SZSE:300167)",CN,,,,-0.05768,-0.50201,-0.096,NOT-PROFITABLE,300167.SZ,,False
Electronics & Semiconductors,Electronics (General),China,SZSE,301366,"Shenzhen Edadoc Technology Co.,Ltd. (SZSE:301366)",CN,,,,0.06678,0.04121,0.538,PROFITABLE,301366.SZ,,True
Electronics & Semiconductors,Electronics (General),China,SZSE,300546,"Shenzhen Emperor Technology Co., Ltd. (SZSE:300546)",CN,,,,0.043330003,0.0232,0.094,PROFITABLE,300546.SZ,,False
Electronics & Semiconductors,Semiconductor Equip,China,SZSE,300812,"Shenzhen Etmade Automatic Equipment Co., Ltd. (SZSE:300812)",CN,,,,0.01212,0.0038100001,-0.055,PROFITABLE,300812.SZ,,False
Electronics & Semiconductors,Electronics (General),China,SZSE,002980,"Shenzhen Everbest Machinery Industry Co., Ltd. (SZSE:002980)",CN,,,,0.09989,0.06735,-0.134,PROFITABLE,002980.SZ,,False
Electronics & Semiconductors,Electronics (General),China,SZSE,300115,"Shenzhen Everwin Precision Technology Co., Ltd. (SZSE:300115)",CN,,,,0.02803,0.06913,0.167,PROFITABLE,300115.SZ,,True
Electronics & Semiconductors,Electronics (General),China,SZSE,002436,"Shenzhen Fastprint Circuit Tech Co.,Ltd. (SZSE:002436)",CN,,,,0.01942,-0.02001,0.151,NOT-PROFITABLE,002436.SZ,,True
Electronics & Semiconductors,Semiconductor,China,SZSE,300671,"Shenzhen Fine Made Electronics Group Co., Ltd. (SZSE:300671)",CN,,,,-0.04956,-0.034879997,0.909,NOT-PROFITABLE,300671.SZ,,True
Electronics & Semiconductors,Electronics (General),China,SZSE,300647,Shenzhen Fluence Technology PLC. (SZSE:300647),CN,,,,-0.1625,-0.32187,0.822,NOT-PROFITABLE,300647.SZ,,True
Electronics & Semiconductors,Telecom. Equipment,China,SZSE,300514,"Shenzhen Friendcom Technology Development Co., Ltd. (SZSE:300514)",CN,,,,0.03816,0.02795,-0.289,PROFITABLE,300514.SZ,,False
Electronics & Semiconductors,Electronics (General),China,SZSE,002869,"Shenzhen Genvict Technologies Co., Ltd. (SZSE:002869)",CN,,,,-0.30611,-0.0706,0.221,NOT-PROFITABLE,002869.SZ,,True
Electronics & Semiconductors,Telecom. Equipment,China,SHSE,603118,"Shenzhen Gongjin Electronics Co., Ltd. (SHSE:603118)",CN,,,,0.00857,0.01589,0.063,PROFITABLE,603118.SS,,False
Electronics & Semiconductors,Semiconductor,China,SHSE,603160,"Shenzhen Goodix Technology Co., Ltd. (SHSE:603160)",CN,,,,0.16354999,0.082720004,-0.09,PROFITABLE,603160.SS,,False
Electronics & Semiconductors,Electronics (General),China,SZSE,002402,Shenzhen H&T Intelligent Control Co.Ltd (SZSE:002402),CN,,,,0.06063,0.109280005,0.089,PROFITABLE,002402.SZ,,False
Electronics & Semiconductors,Electronics (General),China,SZSE,000068,"Shenzhen Huakong Seg Co., Ltd. (SZSE:000068)",CN,,,,-0.14138,-0.08645,-0.644,NOT-PROFITABLE,000068.SZ,,False
Electronics & Semiconductors,Electronics (General),China,SZSE,300909,"Shenzhen Hui Chuang Da Technology Co., Ltd. (SZSE:300909)",CN,,,,0.01271,0.00966,0.286,PROFITABLE,300909.SZ,,True
Electronics & Semiconductors,Electronics (General),China,SZSE,002528,Shenzhen Infinova Limited (SZSE:002528),CN,,,,-0.65406,-71.35272,-0.13,NOT-PROFITABLE,002528.SZ,,False
Electronics & Semiconductors,Semiconductor,China,SHSE,688209,"Shenzhen Injoinic Technology Co.,Ltd. (SHSE:688209)",CN,,,,0.12113,0.09473,0.23,PROFITABLE,688209.SS,,True
Electronics & Semiconductors,Electronics (General),China,SHSE,688025,"Shenzhen JPT Opto-Electronics Co., Ltd. (SHSE:688025)",CN,,,,0.14231,0.15096,0.927,PROFITABLE,688025.SS,,True
Electronics & Semiconductors,Computers/Peripherals,China,SZSE,300868,"Shenzhen Jame Technology Corp., Ltd. (SZSE:300868)",CN,,,,-0.09761,-0.04443,-0.061,NOT-PROFITABLE,300868.SZ,,False
Electronics & Semiconductors,Electronics (General),China,SZSE,002609,"Shenzhen Jieshun Science and Technology Industry Co.,Ltd. (SZSE:002609)",CN,,,,0.03541,0.0255,0.193,PROFITABLE,002609.SZ,,True
Electronics & Semiconductors,Electronics (General),China,SZSE,300814,Shenzhen Jove Enterprise Limited (SZSE:300814),CN,,,,0.01883,0.02369,0.378,PROFITABLE,300814.SZ,,True
Electronics & Semiconductors,Semiconductor,China,SZSE,300303,"Shenzhen Jufei Optoelectronics Co., Ltd. (SZSE:300303)",CN,,,,0.083579995,0.07348,-0.044,PROFITABLE,300303.SZ,,False
Electronics & Semiconductors,Electronics (General),China,SZSE,001308,"Shenzhen KTC Technology Co., Ltd. (SZSE:001308)",CN,,,,0.0301,0.05605,0.111,PROFITABLE,001308.SZ,,True
Electronics & Semiconductors,Electronics (General),China,SZSE,000021,"Shenzhen Kaifa Technology Co., Ltd. (SZSE:000021)",CN,,,,0.074439995,0.0953,0.107,PROFITABLE,000021.SZ,,True
Electronics & Semiconductors,Electronics (General),China,SZSE,002972,"Shenzhen Keanda Electronic Technology Corp., Ltd. (SZSE:002972)",CN,,,,0.23716,0.07357,0.144,PROFITABLE,002972.SZ,,True
Electronics & Semiconductors,Telecom. Equipment,China,SZSE,300565,"Shenzhen Kexin Communication Technologies Co.,Ltd (SZSE:300565)",CN,,,,-0.15519,-0.17511,-0.015,NOT-PROFITABLE,300565.SZ,,False
Electronics & Semiconductors,Electronics (General),China,SZSE,301041,"Shenzhen King Brother Electronics Technology Co.,Ltd. (SZSE:301041)",CN,,,,0.03093,0.029779999,0.157,PROFITABLE,301041.SZ,,True
Electronics & Semiconductors,Electronics (General),China,SHSE,603228,"Shenzhen Kinwong Electronic Co., Ltd. (SHSE:603228)",CN,,,,0.07182,0.09114,0.164,PROFITABLE,603228.SS,,True
Electronics & Semiconductors,Semiconductor,China,SHSE,688045,"Shenzhen Kiwi Instruments Co., Ltd. (SHSE:688045)",CN,,,,0.05076,0.0255,0.664,PROFITABLE,688045.SS,,True
Electronics & Semiconductors,Electronics (General),China,SZSE,002106,"Shenzhen Laibao Hi-Tech Co., Ltd. (SZSE:002106)",CN,,,,0.034360003,0.03179,-0.015,PROFITABLE,002106.SZ,,False
Electronics & Semiconductors,Electronics (General),China,SZSE,300269,"Shenzhen Liantronics Co.,Ltd (SZSE:300269)",CN,,,,-0.00887,-0.051209997,-0.33,NOT-PROFITABLE,300269.SZ,,False
Electronics & Semiconductors,Electronics (General),China,SZSE,301013,"Shenzhen Lihexing Co.,Ltd. (SZSE:301013)",CN,,,,-0.29315,-0.21445999,1.17,NOT-PROFITABLE,301013.SZ,,True
Electronics & Semiconductors,Semiconductor,China,SZSE,300752,"Shenzhen Longli Technology Co.,Ltd (SZSE:300752)",CN,,,,0.02876,0.037469998,0.079,PROFITABLE,300752.SZ,,False
Electronics & Semiconductors,Electronics (General),China,SZSE,300543,"Shenzhen Longood Intelligent Electric Co.,LTD (SZSE:300543)",CN,,,,-0.00567,-0.0058,-0.045,NOT-PROFITABLE,300543.SZ,,False
Electronics & Semiconductors,Computers/Peripherals,China,SZSE,301308,"Shenzhen Longsys Electronics Co., Ltd. (SZSE:301308)",CN,,,,0.32694,1.24341,1.387,PROFITABLE,301308.SZ,,True
Electronics & Semiconductors,Electronics (General),China,SZSE,300916,"Shenzhen Longtech Smart Control Co., Ltd. (SZSE:300916)",CN,,,,0.047069997,0.05219,-0.105,PROFITABLE,300916.SZ,,False
Electronics & Semiconductors,Semiconductor Equip,China,SHSE,688721,"Shenzhen Longtu Photomask Co., Ltd. (SHSE:688721)",CN,,,,0.19259001,0.04004,0.14,PROFITABLE,688721.SS,,True
Electronics & Semiconductors,Electronics (Consumer & Office),China,SZSE,002429,"Shenzhen MTC Co., Ltd. (SZSE:002429)",CN,,,,0.06452,0.07919,0.123,PROFITABLE,002429.SZ,,True
Electronics & Semiconductors,Electronics (General),China,SZSE,002654,"Shenzhen Mason Technologies Co.,Ltd (SZSE:002654)",CN,,,,0.0050999997,0.01227,0.037,PROFITABLE,002654.SZ,,False
Electronics & Semiconductors,Electronics (General),China,SZSE,300319,"Shenzhen Microgate Technology Co., Ltd. (SZSE:300319)",CN,,,,0.077659994,0.06231,0.107,PROFITABLE,300319.SZ,,True
Electronics & Semiconductors,Electronics (General),China,SZSE,300656,Shenzhen MinDe Electronics Technology Ltd. (SZSE:300656),CN,,,,-0.51334,-0.27161,0.213,NOT-PROFITABLE,300656.SZ,,True
Electronics & Semiconductors,Telecom. Equipment,China,SHSE,688159,"Shenzhen Neoway Technology Co.,Ltd. (SHSE:688159)",CN,,,,0.01853,0.0401,-0.409,PROFITABLE,688159.SS,,False
Electronics & Semiconductors,Electronics (General),China,SHSE,688401,"Shenzhen Newway Photomask Making Co., Ltd (SHSE:688401)",CN,,,,0.22187,0.17071,0.256,PROFITABLE,688401.SS,,True
Electronics & Semiconductors,Electronics (General),China,SHSE,688210,"Shenzhen Pacific Union Precision Manufacturing Co., Ltd. (SHSE:688210)",CN,,,,-0.032360002,-0.0100300005,-0.059,NOT-PROFITABLE,688210.SS,,False
Electronics & Semiconductors,Telecom. Equipment,China,SZSE,301191,"Shenzhen Phoenix Telecom Technology Co.,Ltd. (SZSE:301191)",CN,,,,0.03738,0.04265,0.654,PROFITABLE,301191.SZ,,True
Electronics & Semiconductors,Electronics (General),China,SZSE,301628,"Shenzhen Q&D Circuits Co., Ltd. (SZSE:301628)",CN,,,,0.11652,0.101730004,0.253,PROFITABLE,301628.SZ,,True
Electronics & Semiconductors,Electronics (General),China,SHSE,688138,Shenzhen Qingyi Photomask Limited (SHSE:688138),CN,,,,0.15042,0.08738,0.107,PROFITABLE,688138.SS,,True
Electronics & Semiconductors,Computers/Peripherals,China,SZSE,002577,"Shenzhen Rapoo Technology Co., Ltd. (SZSE:002577)",CN,,,,-0.010670001,-0.0043099998,0.114,NOT-PROFITABLE,002577.SZ,,True
Electronics & Semiconductors,Semiconductor,China,SZSE,300241,"Shenzhen Refond Optoelectronics Co.,Ltd. (SZSE:300241)",CN,,,,0.03494,0.03216,0.236,PROFITABLE,300241.SZ,,True
Electronics & Semiconductors,Semiconductor Equip,China,SHSE,688328,"Shenzhen S-king Intelligent Equipment Co., Ltd. (SHSE:688328)",CN,,,,0.05454,0.05277,0.052,PROFITABLE,688328.SS,,False
Electronics & Semiconductors,Semiconductor Equip,China,SZSE,300724,Shenzhen S.C New Energy Technology Corporation (SZSE:300724),CN,,,,0.16936001,0.17161,-0.635,PROFITABLE,300724.SZ,,False
Electronics & Semiconductors,Telecom. Equipment,China,SZSE,000070,"Shenzhen SDG Information Co., Ltd. (SZSE:000070)",CN,,,,-0.109969996,-0.19489999,0.051,NOT-PROFITABLE,000070.SZ,,False
Electronics & Semiconductors,Electronics (General),China,SHSE,688627,"Shenzhen SEICHI Technologies Co., Ltd. (SHSE:688627)",CN,,,,0.07349,0.065409996,1.188,PROFITABLE,688627.SS,,True
Electronics & Semiconductors,Computers/Peripherals,China,SZSE,002912,"Shenzhen Sinovatio Technology Co., Ltd. (SZSE:002912)",CN,,,,0.03506,0.01646,0.218,PROFITABLE,002912.SZ,,True
Electronics & Semiconductors,Electronics (General),China,SZSE,002289,"Shenzhen Success Electronics Co., Ltd (SZSE:002289)",CN,,,,0.06127,0.13081001,4.804,PROFITABLE,002289.SZ,,True
Electronics & Semiconductors,Electronics (General),China,SZSE,002138,"Shenzhen Sunlord Electronics Co.,Ltd. (SZSE:002138)",CN,,,,0.1331,0.15291001,0.233,PROFITABLE,002138.SZ,,True
Electronics & Semiconductors,Semiconductor,China,SHSE,688699,"Shenzhen Sunmoon Microelectronics Co., Ltd (SHSE:688699)",CN,,,,0.01365,0.0086900005,0.949,PROFITABLE,688699.SS,,True
Electronics & Semiconductors,Electronics (General),China,SZSE,002876,"Shenzhen Sunnypol Optoelectronics Co.,Ltd. (SZSE:002876)",CN,,,,0.01328,0.021070002,0.169,PROFITABLE,002876.SZ,,True
Electronics & Semiconductors,Electronics (General),China,SZSE,300227,"Shenzhen Sunshine Laser & Electronics Technology Co., Ltd. (SZSE:300227)",CN,,,,-0.17254,-0.1915,0.578,NOT-PROFITABLE,300227.SZ,,True
Electronics & Semiconductors,Telecom. Equipment,China,SZSE,300136,"Shenzhen Sunway Communication Co., Ltd. (SZSE:300136)",CN,,,,0.080369994,0.0956,0.143,PROFITABLE,300136.SZ,,True
Electronics & Semiconductors,Electronics (General),China,SZSE,002835,"Shenzhen TVT Digital Technology Co., Ltd. (SZSE:002835)",CN,,,,0.10235,0.09154,0.038,PROFITABLE,002835.SZ,,False
Electronics & Semiconductors,Electronics (General),China,SZSE,002845,"Shenzhen TXD Technology Co.,Ltd. (SZSE:002845)",CN,,,,0.00401,0.0073,0.043,PROFITABLE,002845.SZ,,False
Electronics & Semiconductors,Semiconductor,China,SZSE,001309,"Shenzhen Techwinsemi Technology Co., Ltd. (SZSE:001309)",CN,,,,0.24032,0.90702003,5.021,PROFITABLE,001309.SZ,,True
Electronics & Semiconductors,Electronics (General),China,SZSE,000045,"Shenzhen Textile (Holdings) Co., Ltd. (SZSE:000045)",CN,,,,0.02145,0.02276,0.015,PROFITABLE,000045.SZ,,False
Electronics & Semiconductors,Electronics (General),China,SZSE,002139,"Shenzhen Topband Co., Ltd. (SZSE:002139)",CN,,,,0.0198,0.03141,-0.01,PROFITABLE,002139.SZ,,False
Electronics & Semiconductors,Computers/Peripherals,China,SHSE,688036,"Shenzhen Transsion Holdings Co., Ltd. (SHSE:688036)",CN,,,,0.040570002,0.13479,0.246,PROFITABLE,688036.SS,,True
Electronics & Semiconductors,Electronics (General),China,SZSE,301631,"Shenzhen Uniconn Technology Co., Ltd. (SZSE:301631)",CN,,,,0.05519,0.11921,0.374,PROFITABLE,301631.SZ,,True
Electronics & Semiconductors,Electronics (General),China,SZSE,301319,"Shenzhen Vital New Material Co., Ltd. (SZSE:301319)",CN,,,,0.05001,0.07531,0.521,PROFITABLE,301319.SZ,,True
Electronics & Semiconductors,Electronics (General),China,SZSE,301051,"Shenzhen Xinhao Photoelectricity Technology Co., Ltd (SZSE:301051)",CN,,,,-0.16492,-0.13332,-0.29,NOT-PROFITABLE,301051.SZ,,False
Electronics & Semiconductors,Semiconductor Equip,China,SHSE,688383,"Shenzhen Xinyichang Technology Co., Ltd. (SHSE:688383)",CN,,,,-0.16142,-0.087749995,0.111,NOT-PROFITABLE,688383.SS,,True
Electronics & Semiconductors,Electronics (General),China,SHSE,688655,Shenzhen Xunjiexing Technology Corp. Ltd. (SHSE:688655),CN,,,,-0.02937,-0.03441,0.727,NOT-PROFITABLE,688655.SS,,True
Electronics & Semiconductors,Electronics (General),China,SHSE,688312,Shenzhen Yanmade Technology Inc. (SHSE:688312),CN,,,,0.22173999,0.09041,-0.037,PROFITABLE,688312.SS,,False
Electronics & Semiconductors,Electronics (General),China,SZSE,300131,"Shenzhen Yitoa Intelligent Control Co.,Ltd. (SZSE:300131)",CN,,,,0.0023100001,0.00642,0.06,PROFITABLE,300131.SZ,,False
Electronics & Semiconductors,Electronics (General),China,SZSE,301486,"Shenzhen Zesum Technology Co., Ltd. (SZSE:301486)",CN,,,,0.06454,0.02728,-0.001,PROFITABLE,301486.SZ,,False
Electronics & Semiconductors,Electronics (General),China,SZSE,300771,"Shenzhen Zhilai Sci and Tech Co., Ltd. (SZSE:300771)",CN,,,,0.14804,0.04634,0.2,PROFITABLE,300771.SZ,,True
Electronics & Semiconductors,Electronics (General),China,SZSE,000020,"Shenzhen Zhongheng Huafa Co., Ltd. (SZSE:000020)",CN,,,,0.04349,0.08132,-0.281,PROFITABLE,000020.SZ,,False
Electronics & Semiconductors,Telecom. Equipment,China,SZSE,002369,"Shenzhen Zowee Technology Co., Ltd. (SZSE:002369)",CN,,,,-0.15,-0.84977996,-0.13,NOT-PROFITABLE,002369.SZ,,False
Electronics & Semiconductors,Electronics (General),China,SZSE,301086,Shenzhen hongfuhan Technology Co. Ltd. (SZSE:301086),CN,,,,0.119219996,0.050640002,0.628,PROFITABLE,301086.SZ,,True
Electronics & Semiconductors,Electronics (General),China,SZSE,301312,"Shenzhen iN-Cube Automation Co., Ltd. (SZSE:301312)",CN,,,,0.101610005,0.05333,0.2,PROFITABLE,301312.SZ,,True
Electronics & Semiconductors,Electronics (General),China,SZSE,002885,"ShenzhenJingQuanHua Electronics Co.,Ltd. (SZSE:002885)",CN,,,,0.02851,0.06453,0.061,PROFITABLE,002885.SZ,,False
Electronics & Semiconductors,Semiconductor,China,TWSE,6451,ShunSin Technology Holdings Limited (TWSE:6451),CN,,,,,,,UNVERIFIED,6451.SS,yfinance_data_gap,False
Electronics & Semiconductors,Electronics (Consumer & Office),China,SHSE,600839,"Sichuan Changhong Electric Co.,Ltd. (SHSE:600839)",CN,,,,0.00679,0.06339,0.016,PROFITABLE,600839.SS,,False
Electronics & Semiconductors,Electronics (General),China,SZSE,300370,"Sichuan Etrol Technologies Co., Ltd. (SZSE:300370)",CN,,,,-0.29766,-0.19466999,0.106,NOT-PROFITABLE,300370.SZ,,True
Electronics & Semiconductors,Telecom. Equipment,China,SZSE,000586,"Sichuan Huiyuan Optical Communication Co., Ltd. (SZSE:000586)",CN,,,,-0.01912,-0.02888,0.106,NOT-PROFITABLE,000586.SZ,,True
Electronics & Semiconductors,Electronics (Consumer & Office),China,SZSE,000801,"Sichuan Jiuzhou Electronic Co., Ltd. (SZSE:000801)",CN,,,,0.03997,0.062129997,0.239,PROFITABLE,000801.SZ,,True
Electronics & Semiconductors,Telecom. Equipment,China,SZSE,300504,"Sichuan Tianyi Comheart Telecom Co., Ltd. (SZSE:300504)",CN,,,,-0.04587,-0.02712,0.087,NOT-PROFITABLE,300504.SZ,,False
Electronics & Semiconductors,Semiconductor Equip,China,SZSE,301629,"Sidea Semiconductor Equipment (Shenzhen) Co., Ltd. (SZSE:301629)",CN,,,,0.08642,0.02611,-0.66,PROFITABLE,301629.SZ,,False
Electronics & Semiconductors,Electronics (General),China,SHSE,688112,"Siglent Technologies CO.,Ltd. (SHSE:688112)",CN,,,,0.22186,0.08719,0.229,PROFITABLE,688112.SS,,True
Electronics & Semiconductors,Semiconductor,China,SZSE,301536,SigmaStar Technology Ltd. (SZSE:301536),CN,,,,0.14465,0.15127,0.493,PROFITABLE,301536.SZ,,True
Electronics & Semiconductors,Electronics (General),China,SZSE,300852,"Sihui Fuji Electronics Technology Co., Ltd. (SZSE:300852)",CN,,,,0.061,0.071279995,0.453,PROFITABLE,300852.SZ,,True
Electronics & Semiconductors,Electronics (General),China,SZSE,301329,"Singatron Electronic (China) Co., Ltd. (SZSE:301329)",CN,,,,0.07744,0.04823,0.453,PROFITABLE,301329.SZ,,True
Electronics & Semiconductors,Semiconductor,China,SZSE,300327,Sino Wealth Electronic Ltd. (SZSE:300327),CN,,,,0.050380003,0.01877,0.024,PROFITABLE,300327.SZ,,False
Electronics & Semiconductors,Electronics (General),China,SZSE,300333,SinoSun Technology Co. Ltd. (SZSE:300333),CN,,,,-0.1702,-0.02276,-0.062,NOT-PROFITABLE,300333.SZ,,False
Electronics & Semiconductors,Electronics (Consumer & Office),China,SEHK,3882,Sky Light Holdings Limited (SEHK:3882),CN,,,,,,,UNVERIFIED,3882.SZ,yfinance_data_gap,False
Electronics & Semiconductors,Semiconductor Equip,China,SHSE,688361,"Skyverse Technology Co., Ltd. (SHSE:688361)",CN,,,,0.00262,0.0015,0.346,PROFITABLE,688361.SS,,True
Electronics & Semiconductors,Telecom. Equipment,China,SZSE,000810,"Skyworth Digital Co., Ltd. (SZSE:000810)",CN,,,,0.02708,0.038259998,0.387,PROFITABLE,000810.SZ,,True
Electronics & Semiconductors,Semiconductor,China,SHSE,688512,"Smarter Microelectronics (Guangzhou) Co., Ltd. (SHSE:688512)",CN,,,,-0.33784,-0.17517,0.569,NOT-PROFITABLE,688512.SS,,True
Electronics & Semiconductors,Electronics (General),China,SHSE,688115,"Smartgiant Technology Co., Ltd. (SHSE:688115)",CN,,,,0.02607,0.00616,1.306,PROFITABLE,688115.SS,,True
Electronics & Semiconductors,Semiconductor,China,SHSE,688213,"Smartsens Technology (Shanghai) Co., Ltd. (SHSE:688213)",CN,,,,0.111420006,0.21111,0.207,PROFITABLE,688213.SS,,True
Electronics & Semiconductors,Semiconductor,China,SHSE,688484,"Southchip Semiconductor Technology(Shanghai) Co., Ltd. (SHSE:688484)",CN,,,,0.05355,0.04245,0.105,PROFITABLE,688484.SS,,True
Electronics & Semiconductors,Semiconductor Equip,China,SHSE,688605,"Sprint Precision Technologies Co., Ltd. (SHSE:688605)",CN,,,,0.14057,0.10739,-0.055,PROFITABLE,688605.SS,,False
Electronics & Semiconductors,Semiconductor,China,SHSE,603290,StarPower Semiconductor Ltd. (SHSE:603290),CN,,,,0.08292,0.04758,-0.06,PROFITABLE,603290.SS,,False
Electronics & Semiconductors,Telecom. Equipment,China,SZSE,300079,"Sumavision Technologies Co.,Ltd. (SZSE:300079)",CN,,,,0.04935,0.0083099995,-0.073,PROFITABLE,300079.SZ,,False
Electronics & Semiconductors,Telecom. Equipment,China,SHSE,600990,"Sun Create Electronics Co., Ltd (SHSE:600990)",CN,,,,-0.19981001,-0.18587999,-0.419,NOT-PROFITABLE,600990.SS,,False
Electronics & Semiconductors,Electronics (General),China,SEHK,2382,Sunny Optical Technology (Group) Company Limited (SEHK:2382),CN,,,,,,,UNVERIFIED,2382.SZ,yfinance_data_gap,False
Electronics & Semiconductors,Telecom. Equipment,China,SZSE,002313,"Sunsea AIoT Technology Co., Ltd. (SZSE:002313)",CN,,,,-0.06687,-3.61294,0.094,NOT-PROFITABLE,002313.SZ,,False
Electronics & Semiconductors,Electronics (General),China,SZSE,300739,"Sunshine Global Circuits Co.,Ltd. (SZSE:300739)",CN,,,,0.04368,0.03283,0.234,PROFITABLE,300739.SZ,,True
Electronics & Semiconductors,Electronics (General),China,SZSE,002815,"Suntak Technology Co.,Ltd. (SZSE:002815)",CN,,,,0.030650001,0.03498,0.199,PROFITABLE,002815.SZ,,True
Electronics & Semiconductors,Electronics (General),China,SZSE,300259,"Suntront Technology Co., Ltd. (SZSE:300259)",CN,,,,0.22018999,0.08054,0.26,PROFITABLE,300259.SZ,,True
Electronics & Semiconductors,Electronics (General),China,SZSE,002388,"Sunyes Manufacturing (Zhejiang) Holding Co., Ltd. (SZSE:002388)",CN,,,,-0.01556,-0.02567,0.179,NOT-PROFITABLE,002388.SZ,,True
Electronics & Semiconductors,Electronics (General),China,SHSE,688777,"Supcon Technology Co.,Ltd (SHSE:688777)",CN,,,,0.049689997,0.03999,-0.063,PROFITABLE,688777.SS,,False
Electronics & Semiconductors,Electronics (General),China,SHSE,688450,"Suzhou Agioe Technologies Co., Ltd. (SHSE:688450)",CN,,,,-0.25937998,-0.05941,0.237,NOT-PROFITABLE,688450.SS,,True
Electronics & Semiconductors,Semiconductor,China,SHSE,688702,"Suzhou Centec Communications Co., Ltd. (SHSE:688702)",CN,,,,-0.12907,-0.06656,0.114,NOT-PROFITABLE,688702.SS,,True
Electronics & Semiconductors,Electronics (General),China,SHSE,603890,"Suzhou Chunqiu Electronic Technology Co., Ltd. (SHSE:603890)",CN,,,,0.065910004,0.095699996,0.277,PROFITABLE,603890.SS,,True
Electronics & Semiconductors,Semiconductor,China,SHSE,688693,"Suzhou Convert Semiconductor CO., LTD. (SHSE:688693)",CN,,,,-0.34955,-0.115880005,0.445,NOT-PROFITABLE,688693.SS,,True
Electronics & Semiconductors,Semiconductor Equip,China,SHSE,688170,"Suzhou Delphi Laser Co., Ltd. (SHSE:688170)",CN,,,,0.02164,0.01372,-0.119,PROFITABLE,688170.SS,,False
Electronics & Semiconductors,Electronics (General),China,SZSE,002384,"Suzhou Dongshan Precision Manufacturing Co., Ltd. (SZSE:002384)",CN,,,,0.045679998,0.097449996,0.527,PROFITABLE,002384.SZ,,True
Electronics & Semiconductors,Electronics (General),China,SHSE,603380,"Suzhou Etron Technologies Co.,Ltd. (SHSE:603380)",CN,,,,0.0929,0.13335,-0.035,PROFITABLE,603380.SS,,False
Electronics & Semiconductors,Semiconductor,China,SHSE,688048,"Suzhou Everbright Photonics Co., Ltd. (SHSE:688048)",CN,,,,0.06577,0.011569999,0.378,PROFITABLE,688048.SS,,True
Electronics & Semiconductors,Electronics (General),China,SZSE,002808,Suzhou Goldengreen Technologies Ltd. (SZSE:002808),CN,,,,-0.14064,-0.19789,0.12,NOT-PROFITABLE,002808.SZ,,True
Electronics & Semiconductors,Semiconductor,China,SZSE,002079,"Suzhou Good-Ark Electronics Co., Ltd. (SZSE:002079)",CN,,,,0.028169999,0.0385,0.417,PROFITABLE,002079.SZ,,True
Electronics & Semiconductors,Electronics (General),China,SHSE,688260,"Suzhou Gyz Electronic Technology Co.,Ltd (SHSE:688260)",CN,,,,-0.30782,-1.1641101,0.563,NOT-PROFITABLE,688260.SS,,True
Electronics & Semiconductors,Electronics (General),China,SHSE,688001,"Suzhou HYC Technology Co.,Ltd. (SHSE:688001)",CN,,,,0.04849,0.03316,0.37,PROFITABLE,688001.SS,,True
Electronics & Semiconductors,Electronics (General),China,SZSE,002947,"Suzhou Hengmingda Electronic Technology Co., Ltd. (SZSE:002947)",CN,,,,0.19676,0.17671,0.1,PROFITABLE,002947.SZ,,True
Electronics & Semiconductors,Electronics (General),China,SZSE,300128,"Suzhou Jinfu Technology Co., Ltd. (SZSE:300128)",CN,,,,-0.14215,-0.71910006,0.251,NOT-PROFITABLE,300128.SZ,,True
Electronics & Semiconductors,Electronics (General),China,SHSE,603052,"Suzhou K-Hiragawa Electronic Technology Co., Ltd. (SHSE:603052)",CN,,,,-0.00698,-0.0092,0.102,NOT-PROFITABLE,603052.SS,,True
Electronics & Semiconductors,Telecom. Equipment,China,SHSE,603660,"Suzhou Keda Technology Co.,Ltd (SHSE:603660)",CN,,,,-0.6319,-0.68284,-0.396,NOT-PROFITABLE,603660.SS,,False
Electronics & Semiconductors,Computers/Peripherals,China,SZSE,301202,"Suzhou Longway Eletronic Machinery Co., Ltd (SZSE:301202)",CN,,,,0.048839998,0.052449998,0.258,PROFITABLE,301202.SZ,,True
Electronics & Semiconductors,Semiconductor Equip,China,SZSE,300751,"Suzhou Maxwell Technologies Co., Ltd. (SZSE:300751)",CN,,,,0.09332,0.08088,-0.4,PROFITABLE,300751.SZ,,False
Electronics & Semiconductors,Semiconductor,China,SHSE,688052,"Suzhou Novosense Microelectronics Co., Ltd. (SHSE:688052)",CN,,,,-0.05624,-0.03171,0.592,NOT-PROFITABLE,688052.SS,,True
Electronics & Semiconductors,Semiconductor,China,SHSE,688261,Suzhou Oriental Semiconductor Company Limited (SHSE:688261),CN,,,,0.03518,0.01086,-0.011,PROFITABLE,688261.SS,,False
Electronics & Semiconductors,Semiconductor,China,SHSE,688496,"Suzhou QingYue Optoelectronics Technology Co., Ltd. (SHSE:688496)",CN,,,,-0.18089001,-0.13175,-0.186,NOT-PROFITABLE,688496.SS,,False
Electronics & Semiconductors,Electronics (Consumer & Office),China,SHSE,688533,"Suzhou SONAVOX Electronics Co.,Ltd. (SHSE:688533)",CN,,,,0.05843,0.10153,0.081,PROFITABLE,688533.SS,,False
Electronics & Semiconductors,Electronics (General),China,SZSE,300416,"Suzhou Sushi Testing Group Co.,Ltd. (SZSE:300416)",CN,,,,0.1154,0.09651,0.09,PROFITABLE,300416.SZ,,False
Electronics & Semiconductors,Telecom. Equipment,China,SZSE,300394,"Suzhou TFC Optical Communication Co., Ltd. (SZSE:300394)",CN,,,,0.39139,0.42058,0.408,PROFITABLE,300394.SZ,,True
Electronics & Semiconductors,Electronics (General),China,SHSE,688003,"Suzhou TZTEK Technology Co., Ltd (SHSE:688003)",CN,,,,0.059109997,0.058579996,0.756,PROFITABLE,688003.SS,,True
Electronics & Semiconductors,Electronics (General),China,SZSE,301626,"Suzhou Tianmai Thermal Technology Co., Ltd. (SZSE:301626)",CN,,,,0.09977999,0.07081,0.051,PROFITABLE,301626.SZ,,False
Electronics & Semiconductors,Electronics (General),China,SHSE,688661,"Suzhou UIGreen Micro&Nano Technologies Co.,Ltd (SHSE:688661)",CN,,,,-0.01165,-0.0078100003,-0.217,NOT-PROFITABLE,688661.SS,,False
Electronics & Semiconductors,Electronics (General),China,SZSE,002426,"Suzhou Victory Precision Manufacture Co., Ltd. (SZSE:002426)",CN,,,,-0.21570998,-0.3749,-0.012,NOT-PROFITABLE,002426.SZ,,False
Electronics & Semiconductors,Electronics (General),China,SZSE,301180,"Suzhou Wanxiang Technology Co.,Ltd (SZSE:301180)",CN,,,,-0.00446,-0.00496,0.25,NOT-PROFITABLE,301180.SZ,,True
Electronics & Semiconductors,Electronics (General),China,SZSE,301266,"Suzhou YourBest New-type Materials Co.,Ltd. (SZSE:301266)",CN,,,,0.00857,0.01492,0.373,PROFITABLE,301266.SZ,,True
Electronics & Semiconductors,Electronics (General),China,SZSE,300479,"Synthesis Electronic Technology Co.,Ltd. (SZSE:300479)",CN,,,,0.0124699995,0.01184,-0.311,PROFITABLE,300479.SZ,,False
Electronics & Semiconductors,Telecom. Equipment,China,SZSE,300570,"T&S Communications Co.,Ltd. (SZSE:300570)",CN,,,,0.18812001,0.16968,-0.08,PROFITABLE,300570.SZ,,False
Electronics & Semiconductors,Electronics (General),China,SZSE,000100,TCL Technology Group Corporation (SZSE:000100),CN,,,,0.02698,0.0047299997,0.084,PROFITABLE,000100.SZ,,False
Electronics & Semiconductors,Semiconductor Equip,China,SZSE,002129,"TCL Zhonghuan Renewable Energy Technology Co.,Ltd. (SZSE:002129)",CN,,,,-0.30524,-0.23483999,0.073,NOT-PROFITABLE,002129.SZ,,False
Electronics & Semiconductors,Electronics (General),China,SHSE,600330,"TDG Holding Co., Ltd. (SHSE:600330)",CN,,,,-0.077470005,-0.03524,0.127,NOT-PROFITABLE,600330.SS,,True
Electronics & Semiconductors,Electronics (General),China,SZSE,003019,"TES Touch Embedded Solutions (Xiamen) Co., Ltd. (SZSE:003019)",CN,,,,0.06935,0.09656999,-0.06,PROFITABLE,003019.SZ,,False
Electronics & Semiconductors,Computers/Peripherals,China,SZSE,000727,"TPV Technology Co., Ltd. (SZSE:000727)",CN,,,,-0.01644,-0.20277001,0.028,NOT-PROFITABLE,000727.SZ,,False
Electronics & Semiconductors,Electronics (General),China,SZSE,301045,"Talant Optronics (Suzhou) Co., Ltd. (SZSE:301045)",CN,,,,0.06455,0.02723,-0.094,PROFITABLE,301045.SZ,,False
Electronics & Semiconductors,Electronics (General),China,SZSE,002512,"Tatwah Smartech Co.,Ltd. (SZSE:002512)",CN,,,,-0.06287,-0.32102,0.535,NOT-PROFITABLE,002512.SZ,,True
Electronics & Semiconductors,Semiconductor,China,SZSE,300046,"Tech Semiconductors Co., Ltd. (SZSE:300046)",CN,,,,0.121549994,0.03841,0.228,PROFITABLE,300046.SZ,,True
Electronics & Semiconductors,Electronics (General),China,SZSE,301379,"Techshine Electronics Co.,Ltd. (SZSE:301379)",CN,,,,0.06928,0.08818,0.076,PROFITABLE,301379.SZ,,False
Electronics & Semiconductors,Semiconductor,China,SHSE,688591,"Telink Semiconductor(Shanghai)Co.,Ltd. (SHSE:688591)",CN,,,,0.09803,0.041220002,0.016,PROFITABLE,688591.SS,,False
Electronics & Semiconductors,Semiconductor Equip,China,SHSE,688233,Thinkon Semiconductor Jinzhou Corp. (SHSE:688233),CN,,,,0.22248,0.06086,0.062,PROFITABLE,688233.SS,,False
Electronics & Semiconductors,Electronics (General),China,SHSE,600800,"Tian Jin Bohai Chemical Co.,Ltd. (SHSE:600800)",CN,,,,-0.20049,-0.48001,-0.281,NOT-PROFITABLE,600800.SS,,False
Electronics & Semiconductors,Telecom. Equipment,China,SHSE,603712,"TianJin 712 Communication & Broadcasting Co., Ltd. (SHSE:603712)",CN,,,,-0.23111,-0.11174,0.138,NOT-PROFITABLE,603712.SS,,True
Electronics & Semiconductors,Electronics (General),China,SZSE,300120,"Tianjin Jingwei Huikai Optoelectronic Co., Ltd. (SZSE:300120)",CN,,,,-0.18533,-0.17916,0.151,NOT-PROFITABLE,300120.SZ,,True
Electronics & Semiconductors,Electronics (General),China,SZSE,002134,Tianjin Printronics Circuit Corporation (SZSE:002134),CN,,,,0.01053,0.03694,0.424,PROFITABLE,002134.SZ,,True
Electronics & Semiconductors,Electronics (General),China,SZSE,000050,"Tianma Microelectronics Co., Ltd. (SZSE:000050)",CN,,,,-0.00191,-0.00393,-0.07,NOT-PROFITABLE,000050.SZ,,False
Electronics & Semiconductors,Semiconductor,China,SZSE,002185,"Tianshui Huatian Technology Co., Ltd. (SZSE:002185)",CN,,,,0.04423,0.04389,0.345,PROFITABLE,002185.SZ,,True
Electronics & Semiconductors,Telecom. Equipment,China,SZSE,002491,"Tongding Interconnection Information Co., Ltd. (SZSE:002491)",CN,,,,-0.04107,-0.04888,0.611,NOT-PROFITABLE,002491.SZ,,True
Electronics & Semiconductors,Semiconductor,China,SZSE,002156,"Tongfu Microelectronics Co.,Ltd (SZSE:002156)",CN,,,,0.04935,0.0967,0.228,PROFITABLE,002156.SZ,,True
Electronics & Semiconductors,Semiconductor,China,SHSE,600438,"Tongwei Co.,Ltd (SHSE:600438)",CN,,,,-0.1171,-0.20852,-0.239,NOT-PROFITABLE,600438.SS,,False
Electronics & Semiconductors,Electronics (General),China,SZSE,301630,"Tongyu Advanced Materials (Guangdong) Co., LTD (SZSE:301630)",CN,,,,0.110530004,0.107650004,0.205,PROFITABLE,301630.SZ,,True
Electronics & Semiconductors,Telecom. Equipment,China,SZSE,002792,Tongyu Communication Inc. (SZSE:002792),CN,,,,0.014939999,0.00585,0.116,PROFITABLE,002792.SZ,,True
Electronics & Semiconductors,Electronics (General),China,SHSE,688015,"Traffic Control Technology Co., Ltd. (SHSE:688015)",CN,,,,0.061929997,0.072519995,-0.065,PROFITABLE,688015.SS,,False
Electronics & Semiconductors,Semiconductor,China,SHSE,688259,Triductor Technology (Suzhou) Inc. (SHSE:688259),CN,,,,0.22512,0.05007,-0.196,PROFITABLE,688259.SS,,False
Electronics & Semiconductors,Telecom. Equipment,China,SEHK,1300,Trigiant Group Limited (SEHK:1300),CN,,,,,,,UNVERIFIED,1300.SZ,yfinance_data_gap,False
Electronics & Semiconductors,Semiconductor,China,SHSE,688599,"Trina Solar Co., Ltd. (SHSE:688599)",CN,,,,-0.06454,-0.16048999,-0.094,NOT-PROFITABLE,688599.SS,,False
Electronics & Semiconductors,Electronics (General),China,SHSE,600552,"Triumph Science & Technology Co.,Ltd (SHSE:600552)",CN,,,,0.02187,0.033970002,0.151,PROFITABLE,600552.SS,,True
Electronics & Semiconductors,Computers/Peripherals,China,SHSE,600100,"Tsinghua Tongfang Co., Ltd. (SHSE:600100)",CN,,,,0.02234,0.00481,-0.112,PROFITABLE,600100.SS,,False
Electronics & Semiconductors,Telecom. Equipment,China,NasdaqGS,UTSI,UTStarcom Holdings Corp. (NasdaqGS:UTSI),CN,,,,,,,UNVERIFIED,UTSI.SZ,yfinance_data_gap,False
Electronics & Semiconductors,Electronics (General),China,NasdaqCM,WTO,UTime Limited (NasdaqCM:WTO),CN,,,,,,,UNVERIFIED,WTO.SZ,yfinance_data_gap,False
Electronics & Semiconductors,Computers/Peripherals,China,SZSE,301606,Ugreen Group Limited (SZSE:301606),CN,,,,0.075679995,0.23552,0.534,PROFITABLE,301606.SZ,,True
Electronics & Semiconductors,Electronics (General),China,SHSE,688628,"Uni-Trend Technology (China) Co., Ltd. (SHSE:688628)",CN,,,,0.12929,0.12271,0.27,PROFITABLE,688628.SS,,True
Electronics & Semiconductors,Electronics (General),China,SZSE,000925,"UniTTEC Co.,Ltd (SZSE:000925)",CN,,,,-0.01883,-0.00416,0.598,NOT-PROFITABLE,000925.SZ,,True
Electronics & Semiconductors,Electronics (General),China,SHSE,688531,"Unicomp Technology Group Co., Ltd. (SHSE:688531)",CN,,,,0.15742,0.05367,0.483,PROFITABLE,688531.SS,,True
Electronics & Semiconductors,Semiconductor,China,SZSE,002049,"Unigroup Guoxin Microelectronics Co., Ltd. (SZSE:002049)",CN,,,,0.24961,0.12356,0.461,PROFITABLE,002049.SZ,,True
Electronics & Semiconductors,Electronics (General),China,SZSE,300232,"Unilumin Group Co., Ltd (SZSE:300232)",CN,,,,-0.00939,-0.01844,-0.112,NOT-PROFITABLE,300232.SZ,,False
Electronics & Semiconductors,Electronics (General),China,SZSE,300691,"Union Optech Co.,Ltd. (SZSE:300691)",CN,,,,0.01397,0.01879,0.227,PROFITABLE,300691.SZ,,True
Electronics & Semiconductors,Semiconductor,China,SHSE,688403,"Union Semiconductor (Hefei) Co., Ltd. (SHSE:688403)",CN,,,,0.055689998,0.02786,0.097,PROFITABLE,688403.SS,,False
Electronics & Semiconductors,Telecom. Equipment,China,SHSE,688609,"Unionman Technology Co.,Ltd. (SHSE:688609)",CN,,,,-0.05469,-0.18039,0.285,NOT-PROFITABLE,688609.SS,,True
Electronics & Semiconductors,Semiconductor,China,SHSE,688469,"United Nova Technology Co.,Ltd. (SHSE:688469)",CN,,,,-0.01581,-0.05006,0.476,NOT-PROFITABLE,688469.SS,,True
Electronics & Semiconductors,Electronics (General),China,SHSE,601231,"Universal Scientific Industrial (Shanghai) Co., Ltd. (SHSE:601231)",CN,,,,0.03435,0.099,0.031,PROFITABLE,601231.SS,,False
Electronics & Semiconductors,Electronics (General),China,SZSE,300531,"Urovo Technology Co., Ltd. (SZSE:300531)",CN,,,,0.0645,0.07849,0.269,PROFITABLE,300531.SZ,,True
Electronics & Semiconductors,Telecom. Equipment,China,SZSE,301318,ValueHD Corporation (SZSE:301318),CN,,,,0.06898,0.02493,-0.189,PROFITABLE,301318.SZ,,False
Electronics & Semiconductors,Semiconductor,China,SHSE,688153,"Vanchip (Tianjin) Technology Co., Ltd. (SHSE:688153)",CN,,,,0.0059399996,0.0034400001,-0.051,PROFITABLE,688153.SS,,False
Electronics & Semiconductors,Electronics (General),China,SZSE,300552,"Vanjee Technology Co., Ltd. (SZSE:300552)",CN,,,,-0.1365,-0.08286,0.253,NOT-PROFITABLE,300552.SZ,,True
Electronics & Semiconductors,Semiconductor,China,SHSE,688521,"VeriSilicon Microelectronics (Shanghai) Co., Ltd. (SHSE:688521)",CN,,,,-0.18016,-0.2558,1.145,NOT-PROFITABLE,688521.SS,,True
Electronics & Semiconductors,Electronics (General),China,SZSE,300476,"Victory Giant Technology (HuiZhou)Co.,Ltd. (SZSE:300476)",CN,,,,0.22829,0.34242,0.28,PROFITABLE,300476.SZ,,True
Electronics & Semiconductors,Electronics (General),China,SZSE,002387,Visionox Technology Inc. (SZSE:002387),CN,,,,-0.30296,-0.40973,0.031,NOT-PROFITABLE,002387.SZ,,False
Electronics & Semiconductors,Electronics (General),China,SZSE,301328,"WCON Electronics (Guangdong) Co., Ltd. (SZSE:301328)",CN,,,,0.1243,0.05114,0.185,PROFITABLE,301328.SZ,,True
Electronics & Semiconductors,Electronics (General),China,SHSE,603773,"WG TECH (Jiang Xi) Co., Ltd. (SHSE:603773)",CN,,,,-0.07137,-0.12217,0.085,NOT-PROFITABLE,603773.SS,,False
Electronics & Semiconductors,Semiconductor,China,SHSE,688584,"Wafer Works (Shanghai) Co., Ltd. (SHSE:688584)",CN,,,,0.09052,0.02851,-0.0,PROFITABLE,688584.SS,,False
Electronics & Semiconductors,Telecom. Equipment,China,SZSE,300698,"Wanma Technology Co., Ltd. (SZSE:300698)",CN,,,,0.06476,0.09408,0.119,PROFITABLE,300698.SZ,,True
Electronics & Semiconductors,Electronics (General),China,SHSE,605218,"Ways Electron Co.,Ltd. (SHSE:605218)",CN,,,,-0.0069700005,-0.011039999,0.168,NOT-PROFITABLE,605218.SS,,True
Electronics & Semiconductors,Electronics (General),China,SZSE,300283,"Wenzhou Hongfeng Electrical Alloy Co., Ltd. (SZSE:300283)",CN,,,,0.02411,0.080699995,0.781,PROFITABLE,300283.SZ,,True
Electronics & Semiconductors,Electronics (General),China,SZSE,002897,"Wenzhou Yihua Connector Co., Ltd. (SZSE:002897)",CN,,,,0.04645,0.115229994,-0.053,PROFITABLE,002897.SZ,,False
Electronics & Semiconductors,Electronics (General),China,NasdaqCM,WETH,Wetouch Technology Inc. (NasdaqCM:WETH),CN,,,,,,,UNVERIFIED,WETH.SZ,yfinance_data_gap,False
Electronics & Semiconductors,Electronics (General),China,SHSE,688100,"Willfar Information Technology Co., Ltd. (SHSE:688100)",CN,,,,0.22856002,0.20146,-0.042,PROFITABLE,688100.SS,,False
Electronics & Semiconductors,Electronics (General),China,SHSE,600745,"Wingtech Technology Co.,Ltd (SHSE:600745)",CN,,,,-0.48488,-0.30767,-0.938,NOT-PROFITABLE,600745.SS,,False
Electronics & Semiconductors,Semiconductor,China,SHSE,688757,"Wintech Nano (Suzhou) Co., Ltd. (SHSE:688757)",CN,,,,0.104399994,0.06381,0.22,PROFITABLE,688757.SS,,True
Electronics & Semiconductors,Electronics (General),China,SEHK,2481,"Wise Living Technology Co., Ltd (SEHK:2481)",CN,,,,,,,UNVERIFIED,2481.SZ,yfinance_data_gap,False
Electronics & Semiconductors,Telecom. Equipment,China,SHSE,600345,"WuHan Yangtze Communication Industry GroupCo.,Ltd (SHSE:600345)",CN,,,,0.2455,0.0685,0.007,PROFITABLE,600345.SS,,False
Electronics & Semiconductors,Electronics (General),China,SHSE,603416,"WuXi Xinje Electric Co.,Ltd. (SHSE:603416)",CN,,,,0.12562999,0.10288999,0.196,PROFITABLE,603416.SS,,True
Electronics & Semiconductors,Semiconductor Equip,China,SZSE,300776,"Wuhan DR Laser Technology Corp.,Ltd (SZSE:300776)",CN,,,,0.27433002,0.13441,-0.247,PROFITABLE,300776.SZ,,False
Electronics & Semiconductors,Telecom. Equipment,China,SZSE,002194,"Wuhan Fingu Electronic Technology Co., LTD. (SZSE:002194)",CN,,,,-0.01569,-0.00828,-0.074,NOT-PROFITABLE,002194.SZ,,False
Electronics & Semiconductors,Electronics (General),China,SZSE,002414,"Wuhan Guide Infrared Co., Ltd. (SZSE:002414)",CN,,,,0.18683,0.14013,0.83,PROFITABLE,002414.SZ,,True
Electronics & Semiconductors,Electronics (General),China,SZSE,300161,"Wuhan Huazhong Numerical Control Co.,Ltd. (SZSE:300161)",CN,,,,-0.00287,-0.00525,0.114,NOT-PROFITABLE,300161.SZ,,True
Electronics & Semiconductors,Electronics (General),China,SZSE,300567,"Wuhan Jingce Electronic Group Co.,Ltd (SZSE:300567)",CN,,,,0.02565,0.01732,0.073,PROFITABLE,300567.SZ,,False
Electronics & Semiconductors,Electronics (General),China,SZSE,300557,"Wuhan Ligong Guangke Co., Ltd. (SZSE:300557)",CN,,,,0.06392,0.05055,0.129,PROFITABLE,300557.SZ,,True
Electronics & Semiconductors,Electronics (General),China,SZSE,300747,"Wuhan Raycus Fiber Laser Technologies Co.,Ltd. (SZSE:300747)",CN,,,,0.06658,,0.108,UNVERIFIED,300747.SZ,yfinance_data_gap,True
Electronics & Semiconductors,Computers/Peripherals,China,SZSE,300205,"Wuhan Tianyu Information Industry Co., Ltd. (SZSE:300205)",CN,,,,0.0,-0.81947,-0.701,NOT-PROFITABLE,300205.SZ,,False
Electronics & Semiconductors,Electronics (General),China,SZSE,300088,"Wuhu Token Sciences Co., Ltd. (SZSE:300088)",CN,,,,0.01528,0.023139998,-0.118,PROFITABLE,300088.SZ,,False
Electronics & Semiconductors,Electronics (General),China,SZSE,002463,"Wus Printed Circuit (Kunshan) Co., Ltd. (SZSE:002463)",CN,,,,0.20367001,0.29137,0.539,PROFITABLE,002463.SZ,,True
Electronics & Semiconductors,Telecom. Equipment,China,SZSE,300292,"Wutong Holding Group Co., Ltd. (SZSE:300292)",CN,,,,0.02884,0.08778,-0.059,PROFITABLE,300292.SZ,,False
Electronics & Semiconductors,Semiconductor Equip,China,SHSE,688516,"Wuxi Autowell Technology Co.,Ltd. (SHSE:688516)",CN,,,,0.06756,0.081949994,-0.33,PROFITABLE,688516.SS,,False
Electronics & Semiconductors,Semiconductor,China,SHSE,688508,Wuxi Chipown Micro-electronics limited (SHSE:688508),CN,,,,0.14005,0.060289998,-0.026,PROFITABLE,688508.SS,,False
Electronics & Semiconductors,Semiconductor Equip,China,SZSE,300842,"Wuxi DK Electronic Materials Co.,Ltd. (SZSE:300842)",CN,,,,-0.0144299995,-0.04521,0.619,NOT-PROFITABLE,300842.SZ,,True
Electronics & Semiconductors,Semiconductor,China,SHSE,688601,"Wuxi ETEK Microelectronics Co.,Ltd. (SHSE:688601)",CN,,,,0.031719998,0.01872,0.257,PROFITABLE,688601.SS,,True
Electronics & Semiconductors,Electronics (General),China,SZSE,300279,"Wuxi Hodgen Technology Co., Ltd. (SZSE:300279)",CN,,,,0.0208,0.03562,-0.149,PROFITABLE,300279.SZ,,False
Electronics & Semiconductors,Electronics (General),China,SHSE,603375,"Wuxi Holyview Microelectronics Co.,Ltd. (SHSE:603375)",CN,,,,0.01766,0.0033000002,0.079,PROFITABLE,603375.SS,,False
Electronics & Semiconductors,Semiconductor,China,SHSE,605111,"Wuxi NCE Power Co.,Ltd. (SHSE:605111)",CN,,,,0.19532,0.08866,0.151,PROFITABLE,605111.SS,,True
Electronics & Semiconductors,Electronics (General),China,SHSE,688205,"Wuxi Taclink Optoelectronics Technology Co., Ltd. (SHSE:688205)",CN,,,,0.07748,0.03331,0.28,PROFITABLE,688205.SS,,True
Electronics & Semiconductors,Semiconductor,China,SHSE,600667,Wuxi Taiji Industry Limited Corporation (SHSE:600667),CN,,,,0.015,0.060500003,-0.009,PROFITABLE,600667.SS,,False
Electronics & Semiconductors,Electronics (General),China,SZSE,300615,XDC Industries (Shenzhen) Limited (SZSE:300615),CN,,,,-0.071729995,-0.14206,0.794,NOT-PROFITABLE,300615.SZ,,True
Electronics & Semiconductors,Electronics (General),China,SZSE,300130,XGD Inc. (SZSE:300130),CN,,,,0.12526,0.09396,0.236,PROFITABLE,300130.SZ,,True
Electronics & Semiconductors,Electronics (Consumer & Office),China,SHSE,688696,"XGIMI Technology Co.,Ltd. (SHSE:688696)",CN,,,,0.03799,0.040949997,-0.021,PROFITABLE,688696.SS,,False
Electronics & Semiconductors,Semiconductor Equip,China,SHSE,688719,"Xi'an Actionpower Electric Co., Ltd. (SHSE:688719)",CN,,,,-0.04504,-0.02495,0.251,NOT-PROFITABLE,688719.SS,,True
Electronics & Semiconductors,Semiconductor Equip,China,SHSE,688783,"Xi'an ESWIN Material Technology Co., Ltd. (SHSE:688783)",CN,,,,-0.27651,,0.106,UNVERIFIED,688783.SS,yfinance_data_gap,True
Electronics & Semiconductors,Telecom. Equipment,China,SEHK,8227,"Xi'an Haitian Antenna Technologies Co., Ltd. (SEHK:8227)",CN,,,,,,,UNVERIFIED,8227.SZ,yfinance_data_gap,False
Electronics & Semiconductors,Electronics (General),China,SZSE,301589,"Xi'an NovaStar Tech Co., Ltd. (SZSE:301589)",CN,,,,0.16153,0.15347,0.138,PROFITABLE,301589.SZ,,True
Electronics & Semiconductors,Semiconductor,China,SZSE,300831,"Xi'an Peri Power Semiconductor Converting Technology Co.,Ltd. (SZSE:300831)",CN,,,,0.26333,0.06206,3.391,PROFITABLE,300831.SZ,,True
Electronics & Semiconductors,Semiconductor,China,SZSE,300102,"Xiamen Changelight Co., Ltd. (SZSE:300102)",CN,,,,0.03839,0.02737,-0.473,PROFITABLE,300102.SZ,,False
Electronics & Semiconductors,Electronics (General),China,SHSE,600563,"Xiamen Faratronic Co., Ltd. (SHSE:600563)",CN,,,,0.22108999,0.20068,0.067,PROFITABLE,600563.SS,,False
Electronics & Semiconductors,Semiconductor Equip,China,SHSE,688727,"Xiamen Hengkun New Materials Technology Co., Ltd. (SHSE:688727)",CN,,,,0.14435,0.04721,0.001,PROFITABLE,688727.SS,,False
Electronics & Semiconductors,Electronics (General),China,SZSE,300657,Xiamen Hongxin Electronics Technology Group Inc. (SZSE:300657),CN,,,,0.02429,0.14829001,0.019,PROFITABLE,300657.SZ,,False
Electronics & Semiconductors,Electronics (Consumer & Office),China,SZSE,002925,Xiamen Intretech Inc. (SZSE:002925),CN,,,,0.13465999,0.11549,0.324,PROFITABLE,002925.SZ,,True
Electronics & Semiconductors,Electronics (General),China,SHSE,605118,"Xiamen Leading Optics Co., Ltd. (SHSE:605118)",CN,,,,0.30257,0.17181,0.447,PROFITABLE,605118.SS,,True
Electronics & Semiconductors,Electronics (General),China,SZSE,301568,"Xiamen Sinic-Tek Intelligent Technology Co., Ltd. (SZSE:301568)",CN,,,,0.23200001,0.11484,0.456,PROFITABLE,301568.SZ,,True
Electronics & Semiconductors,Electronics (General),China,SHSE,688807,"Xiamen Ux Ic Co., Ltd. (SHSE:688807)",CN,,,,,,,UNVERIFIED,688807.SS,yfinance_data_gap,False
Electronics & Semiconductors,Computers/Peripherals,China,SEHK,1810,Xiaomi Corporation (SEHK:1810),CN,,,,,,,UNVERIFIED,1810.SZ,yfinance_data_gap,False
Electronics & Semiconductors,Semiconductor Equip,China,SHSE,688303,"Xinjiang Daqo New Energy Co.,Ltd. (SHSE:688303)",CN,,,,-0.33301997,-0.03528,-0.792,NOT-PROFITABLE,688303.SS,,False
Electronics & Semiconductors,Semiconductor Equip,China,SEHK,968,Xinyi Solar Holdings Limited (SEHK:968),CN,,,,,,,UNVERIFIED,968.SZ,yfinance_data_gap,False
Electronics & Semiconductors,Electronics (General),China,SZSE,301123,"YD Electronic Technology Co.,Ltd. (SZSE:301123)",CN,,,,-0.02103,-0.01588,0.383,NOT-PROFITABLE,301123.SZ,,True
Electronics & Semiconductors,Semiconductor Equip,China,SZSE,300861,Yangling Metron New Material Inc. (SZSE:300861),CN,,,,0.17682,0.06296,0.397,PROFITABLE,300861.SZ,,True
Electronics & Semiconductors,Telecom. Equipment,China,SHSE,688143,"Yangtze Optical Electronic Co., Ltd. (SHSE:688143)",CN,,,,0.05164,0.01675,0.295,PROFITABLE,688143.SS,,True
Electronics & Semiconductors,Telecom. Equipment,China,SEHK,6869,Yangtze Optical Fibre And Cable Joint Stock Limited Company (SEHK:6869),CN,,,,,,,UNVERIFIED,6869.SS,yfinance_data_gap,False
Electronics & Semiconductors,Semiconductor,China,SZSE,300373,"Yangzhou Yangjie Electronic Technology Co., Ltd. (SZSE:300373)",CN,,,,0.17844,0.1376,0.349,PROFITABLE,300373.SZ,,True
Electronics & Semiconductors,Telecom. Equipment,China,SZSE,300628,"Yealink Network Technology Co., Ltd. (SZSE:300628)",CN,,,,0.4304,0.27643,0.188,PROFITABLE,300628.SZ,,True
Electronics & Semiconductors,Computers/Peripherals,China,SZSE,002952,"Yes Optoelectronics (Group) Co., Ltd. (SZSE:002952)",CN,,,,0.01568,0.018,0.212,PROFITABLE,002952.SZ,,True
Electronics & Semiconductors,Semiconductor Equip,China,SHSE,603396,"Yingkou Jinchen Machinery Co., Ltd. (SHSE:603396)",CN,,,,0.01986,0.03175,-0.148,PROFITABLE,603396.SS,,False
Electronics & Semiconductors,Semiconductor,China,SHSE,688498,"Yuanjie Semiconductor Technology Co., Ltd. (SHSE:688498)",CN,,,,0.40816003,0.15415,3.209,PROFITABLE,688498.SS,,True
Electronics & Semiconductors,Electronics (Consumer & Office),China,SEHK,8005,Yuxing InfoTech Investment Holdings Limited (SEHK:8005),CN,,,,,,,UNVERIFIED,8005.SZ,yfinance_data_gap,False
Electronics & Semiconductors,Telecom. Equipment,China,SZSE,000063,ZTE Corporation (SZSE:000063),CN,,,,0.03293,0.05908,0.061,PROFITABLE,000063.SZ,,False
Electronics & Semiconductors,Semiconductor,China,SHSE,688416,"Zbit Semiconductor, Inc. (SHSE:688416)",CN,,,,-0.039619997,-0.01842,1.921,NOT-PROFITABLE,688416.SS,,True
Electronics & Semiconductors,Electronics (General),China,SZSE,301303,Zenner Metering Technology (Shanghai) Ltd. (SZSE:301303),CN,,,,0.18105,0.09581,0.058,PROFITABLE,301303.SZ,,False
Electronics & Semiconductors,Semiconductor,China,SZSE,301636,"Zerun Co., Ltd (SZSE:301636)",CN,,,,0.00074,0.00068999996,-0.179,PROFITABLE,301636.SZ,,False
Electronics & Semiconductors,Electronics (General),China,SZSE,002214,"Zhe Jiang Dali Technology Co.,Ltd (SZSE:002214)",CN,,,,-0.65208,-0.17333001,0.013,NOT-PROFITABLE,002214.SZ,,False
Electronics & Semiconductors,Semiconductor,China,SZSE,001270,"Zhejiang Chengchang Technology Co., Ltd. (SZSE:001270)",CN,,,,0.32613,0.09072,0.026,PROFITABLE,001270.SZ,,False
Electronics & Semiconductors,Electronics (General),China,SZSE,002273,"Zhejiang Crystal-Optech Co., Ltd (SZSE:002273)",CN,,,,0.16719,0.11725,0.161,PROFITABLE,002273.SZ,,True
Electronics & Semiconductors,Electronics (General),China,SZSE,002236,"Zhejiang Dahua Technology Co., Ltd. (SZSE:002236)",CN,,,,0.11687,0.1007,0.103,PROFITABLE,002236.SZ,,True
Electronics & Semiconductors,Electronics (General),China,SZSE,002199,"Zhejiang East Crystal Electronic Co.,Ltd. (SZSE:002199)",CN,,,,-0.08134,-0.18724,1.985,NOT-PROFITABLE,002199.SZ,,True
Electronics & Semiconductors,Electronics (General),China,SHSE,688320,"Zhejiang Hechuan Technology Co., Ltd. (SHSE:688320)",CN,,,,-0.10256,-0.09852,0.187,NOT-PROFITABLE,688320.SS,,True
Electronics & Semiconductors,Electronics (General),China,SHSE,603583,"Zhejiang Jiecang Linear Motion Technology Co.,Ltd. (SHSE:603583)",CN,,,,0.08332,0.07318,-0.014,PROFITABLE,603583.SS,,False
Electronics & Semiconductors,Semiconductor Equip,China,SZSE,300316,"Zhejiang Jingsheng Mechanical & Electrical Co., Ltd. (SZSE:300316)",CN,,,,0.04165,0.02138,-0.449,PROFITABLE,300316.SZ,,False
Electronics & Semiconductors,Electronics (General),China,SHSE,688127,"Zhejiang Lante Optics Co., Ltd. (SHSE:688127)",CN,,,,0.27304,0.22502,0.765,PROFITABLE,688127.SS,,True
Electronics & Semiconductors,Semiconductor,China,SZSE,003026,"Zhejiang MTCN Technology Co.,Ltd. (SZSE:003026)",CN,,,,0.11143,0.07486,0.185,PROFITABLE,003026.SZ,,True
Electronics & Semiconductors,Telecom. Equipment,China,SHSE,603703,"Zhejiang Shengyang Science and Technology Co.,Ltd. (SHSE:603703)",CN,,,,-0.02429,-0.02623,0.296,NOT-PROFITABLE,603703.SS,,True
Electronics & Semiconductors,Electronics (General),China,SHSE,688623,"Zhejiang Shuangyuan Technology Co., Ltd. (SHSE:688623)",CN,,,,0.16168,0.02586,0.043,PROFITABLE,688623.SS,,False
Electronics & Semiconductors,Semiconductor,China,SHSE,603105,"Zhejiang Sunoren Solar Technology Co.,Ltd. (SHSE:603105)",CN,,,,0.24418,0.07806,-0.14,PROFITABLE,603105.SS,,False
Electronics & Semiconductors,Electronics (General),China,SZSE,301556,"Zhejiang Top Cloud-agri Technology Co.,Ltd. (SZSE:301556)",CN,,,,0.21444,0.11071999,-0.122,PROFITABLE,301556.SZ,,False
Electronics & Semiconductors,Electronics (General),China,SZSE,002849,"Zhejiang Viewshine Intelligent Meter Co.,Ltd (SZSE:002849)",CN,,,,0.03046,0.04593,0.176,PROFITABLE,002849.SZ,,True
Electronics & Semiconductors,Electronics (General),China,SHSE,603186,"Zhejiang Wazam New Materials Co.,LTD. (SHSE:603186)",CN,,,,0.06324,0.15027,0.198,PROFITABLE,603186.SS,,True
Electronics & Semiconductors,Electronics (General),China,SZSE,300882,"Zhejiang Wellsun Intelligent Technology Co.,Ltd. (SZSE:300882)",CN,,,,0.07549,0.08529,0.124,PROFITABLE,300882.SZ,,True
Electronics & Semiconductors,Electronics (General),China,SZSE,301280,"Zhejiang ZUCH Technology Co., Ltd (SZSE:301280)",CN,,,,0.11333,0.11288,0.239,PROFITABLE,301280.SZ,,True
Electronics & Semiconductors,Electronics (General),China,SZSE,300807,"Zhengzhou Tiamaes Technology Co., Ltd. (SZSE:300807)",CN,,,,-0.24741,-0.075679995,-0.497,NOT-PROFITABLE,300807.SZ,,False
Electronics & Semiconductors,Telecom. Equipment,China,SZSE,300308,"Zhongji Innolight Co., Ltd. (SZSE:300308)",CN,,,,0.29275998,0.53931,1.921,PROFITABLE,300308.SZ,,True
Electronics & Semiconductors,Telecom. Equipment,China,SZSE,002188,"Zhongtian Service Co., Ltd. (SZSE:002188)",CN,,,,0.07022,0.08542,0.095,PROFITABLE,002188.SZ,,False
Electronics & Semiconductors,Semiconductor,China,SZSE,300053,"Zhuhai Aerospace Microchips Science & Technology Co., Ltd. (SZSE:300053)",CN,,,,-1.45336,-0.22659001,-0.323,NOT-PROFITABLE,300053.SZ,,False
Electronics & Semiconductors,Electronics (General),China,SZSE,002975,"Zhuhai Bojay Electronics Co.,Ltd. (SZSE:002975)",CN,,,,0.11102,0.11226,1.272,PROFITABLE,002975.SZ,,True
Electronics & Semiconductors,Telecom. Equipment,China,SHSE,688175,"Zhuhai Comleader Information Science & Technology Co., Ltd. (SHSE:688175)",CN,,,,-0.10241,-0.01449,0.408,NOT-PROFITABLE,688175.SS,,True
Electronics & Semiconductors,Electronics (General),China,SZSE,000532,"Zhuhai Huajin Capital Co., Ltd. (SZSE:000532)",CN,,,,0.24274,0.083179995,0.037,PROFITABLE,000532.SZ,,False
Electronics & Semiconductors,Electronics (General),China,SZSE,301314,"Zhuhai Kles Technologyco.,Ltd (SZSE:301314)",CN,,,,0.085439995,0.01765,0.193,PROFITABLE,301314.SZ,,True
Electronics & Semiconductors,Electronics (General),China,SZSE,301042,"Zhuhai Raysharp Technology Co.,Ltd. (SZSE:301042)",CN,,,,0.057239998,0.02902,0.769,PROFITABLE,301042.SZ,,True
Electronics & Semiconductors,Electronics (General),China,SZSE,300726,"Zhuzhou Hongda Electronics Corp.,Ltd. (SZSE:300726)",CN,,,,0.22863,0.09819999,0.117,PROFITABLE,300726.SZ,,True
Electronics & Semiconductors,Electronics (General),China,SZSE,301330,"Zkteco Co., Ltd. (SZSE:301330)",CN,,,,0.0912,0.06533,0.09,PROFITABLE,301330.SZ,,False
Electronics & Semiconductors,Telecom. Equipment,Croatia,ZGSE,ERNT,Ericsson Nikola Tesla d.d. (ZGSE:ERNT),,,,,,,,UNVERIFIED,,exchange_not_covered_by_yfinance,False
Electronics & Semiconductors,Electronics (General),Czech Republic,SEP,ATOMT,AtomTrace a.s. (SEP:ATOMT),,,,,,,,UNVERIFIED,ATOMT.PR,yfinance_data_gap,False
Electronics & Semiconductors,Computers/Peripherals,Czech Republic,SEP,HWIO,HARDWARIO a.s. (SEP:HWIO),,,,,0.012460001,0.02301,0.497,PROFITABLE,HWIO.PR,,True
Electronics & Semiconductors,Computers/Peripherals,Denmark,CPSE,ASTK,Asetek A/S (CPSE:ASTK),DK,,,,,,,UNVERIFIED,ASTK.CO,yfinance_data_gap,False
Electronics & Semiconductors,Electronics (Consumer & Office),Denmark,CPSE,BO,Bang & Olufsen A/S (CPSE:BO),DK,,,,-0.04335,-0.099530004,-0.063,NOT-PROFITABLE,BO.CO,,False
Electronics & Semiconductors,Electronics (Consumer & Office),Denmark,CPSE,DANT,Dantax A/S (CPSE:DANT),DK,,,,0.18821,0.07696,-0.294,PROFITABLE,DANT.CO,,False
Electronics & Semiconductors,Electronics (Consumer & Office),Denmark,CPSE,GN,GN Store Nord A/S (CPSE:GN),DK,,,,-0.02248,0.0297,-0.082,NOT-PROFITABLE,GN.CO,,False
Electronics & Semiconductors,Telecom. Equipment,Denmark,OB,NAPA,Napatech A/S (OB:NAPA),DK,,,,,,,UNVERIFIED,NAPA.CO,yfinance_data_gap,False
Electronics & Semiconductors,Electronics (General),Denmark,CPSE,QINTER,Q-Interline A/S (CPSE:QINTER),DK,,,,-0.50963,-2.08147,-0.114,NOT-PROFITABLE,QINTER.CO,,False
Electronics & Semiconductors,Telecom. Equipment,Denmark,CPSE,RTX,RTX A/S (CPSE:RTX),DK,,,,0.02081,0.03712,-0.007,PROFITABLE,RTX.CO,,False
Electronics & Semiconductors,Telecom. Equipment,Denmark,CPSE,RBLN B,Roblon A/S (CPSE:RBLN B),DK,,,,-0.077259995,-0.018,-0.295,NOT-PROFITABLE,RBLN-B.CO,,False
Electronics & Semiconductors,Electronics (General),Estonia,TLSE,BERCM,Bercman Technologies AS (TLSE:BERCM),,,,,,,,UNVERIFIED,BERCM.TL,yfinance_data_gap,False
Electronics & Semiconductors,Electronics (General),Estonia,TLSE,GRB2G,Grab2Go AS (TLSE:GRB2G),,,,,,,,UNVERIFIED,GRB2G.TL,yfinance_data_gap,False
Electronics & Semiconductors,Electronics (General),Finland,HLSE,ACG1V,Aspocomp Group Oyj (HLSE:ACG1V),FI,,,,0.00715,0.01551,0.05,PROFITABLE,ACG1V.HE,,False
Electronics & Semiconductors,Semiconductor Equip,Finland,HLSE,CANATU,Canatu Oyj (HLSE:CANATU),FI,,,,-0.58084,-0.08758,1.667,NOT-PROFITABLE,CANATU.HE,,True
Electronics & Semiconductors,Electronics (General),Finland,HLSE,DETEC,Detection Technology Oyj (HLSE:DETEC),FI,,,,0.079380006,0.109960005,0.051,PROFITABLE,DETEC.HE,,False
Electronics & Semiconductors,Electronics (General),Finland,HLSE,ICP1V,Incap Oyj (HLSE:ICP1V),FI,,,,0.06746,0.11891,0.341,PROFITABLE,ICP1V.HE,,True
Electronics & Semiconductors,Telecom. Equipment,Finland,HLSE,NOKIA,Nokia Oyj (HLSE:NOKIA),FI,,,,0.03472,0.03455,0.084,PROFITABLE,NOKIA.HE,,False
Electronics & Semiconductors,Electronics (General),Finland,HLSE,SCANFL,Scanfil Oyj (HLSE:SCANFL),FI,,,,0.04818,0.14062999,0.281,PROFITABLE,SCANFL.HE,,True
Electronics & Semiconductors,Electronics (General),Finland,HLSE,TAMTRON,Tamtron Group Oyj (HLSE:TAMTRON),FI,,,,0.00833,0.021949999,0.119,PROFITABLE,TAMTRON.HE,,True
Electronics & Semiconductors,Telecom. Equipment,Finland,HLSE,TLT1V,Teleste Oyj (HLSE:TLT1V),FI,,,,0.02533,0.05895,0.0,PROFITABLE,TLT1V.HE,,False
Electronics & Semiconductors,Electronics (General),Finland,HLSE,VAIAS,Vaisala Oyj (HLSE:VAIAS),FI,,,,0.10797,0.21139999,0.044,PROFITABLE,VAIAS.HE,,False
Electronics & Semiconductors,Computers/Peripherals,France,ENXTPA,AL2SI,2CRSI S.A. (ENXTPA:AL2SI),,,,,0.02009,0.24134001,8.771,PROFITABLE,AL2SI.PA,,True
Electronics & Semiconductors,Electronics (General),France,ENXTPA,ALATI,ACTIA Group S.A. (ENXTPA:ALATI),,,,,-0.00955,-0.03926,0.052,NOT-PROFITABLE,ALATI.PA,,False
Electronics & Semiconductors,Telecom. Equipment,France,ENXTPA,ATEME,ATEME SA (ENXTPA:ATEME),,,,,0.0099599995,0.027509999,0.017,PROFITABLE,ATEME.PA,,False
Electronics & Semiconductors,Telecom. Equipment,France,ENXTPA,ALARF,Adeunis Société anonyme (ENXTPA:ALARF),,,,,-0.63232,,,UNVERIFIED,ALARF.PA,yfinance_data_gap,False
Electronics & Semiconductors,Computers/Peripherals,France,ENXTPA,ALJXR,Archos S.A. (ENXTPA:ALJXR),,,,,0.0155299995,0.24383,0.341,PROFITABLE,ALJXR.PA,,True
Electronics & Semiconductors,Electronics (Consumer & Office),France,ENXTPA,BIG,BigBen Interactive (ENXTPA:BIG),,,,,-0.0071799997,-0.01041,-0.003,NOT-PROFITABLE,BIG.PA,,False
Electronics & Semiconductors,Telecom. Equipment,France,ENXTPA,ALBPK,Broadpeak Société anonyme (ENXTPA:ALBPK),,,,,-0.0044,-0.0113699995,0.015,NOT-PROFITABLE,ALBPK.PA,,False
Electronics & Semiconductors,Electronics (Consumer & Office),France,ENXTPA,ALCAB,Cabasse Société anonyme (ENXTPA:ALCAB),,,,,,,,UNVERIFIED,ALCAB.PA,yfinance_data_gap,False
Electronics & Semiconductors,Computers/Peripherals,France,ENXTPA,ALCBX,Cibox Inter@ctive (ENXTPA:ALCBX),,,,,-0.24596001,-0.68252,0.882,NOT-PROFITABLE,ALCBX.PA,,True
Electronics & Semiconductors,Electronics (General),France,ENXTPA,ALCOF,Cofidur S.A. (ENXTPA:ALCOF),,,,,0.012619999,0.03561,-0.011,PROFITABLE,ALCOF.PA,,False
Electronics & Semiconductors,Telecom. Equipment,France,ENXTPA,ALLEC,Cogelec SA (ENXTPA:ALLEC),,,,,,,,UNVERIFIED,ALLEC.PA,yfinance_data_gap,False
Electronics & Semiconductors,Electronics (General),France,ENXTPA,ALDRV,Drone Volt SA (ENXTPA:ALDRV),,,,,-1.57455,-0.86697,-0.157,NOT-PROFITABLE,ALDRV.PA,,False
Electronics & Semiconductors,Telecom. Equipment,France,ENXTPA,EKI,EKINOPS S.A. (ENXTPA:EKI),,,,,-0.08984,-0.08826999,0.018,NOT-PROFITABLE,EKI.PA,,False
Electronics & Semiconductors,Telecom. Equipment,France,ENXTPA,ALNN6,ENENSYS Technologies SA (ENXTPA:ALNN6),,,,,-0.13419,-0.95989,-0.236,NOT-PROFITABLE,ALNN6.PA,,False
Electronics & Semiconductors,Electronics (General),France,ENXTPA,ALGID,Egide S.A. (ENXTPA:ALGID),,,,,-0.0992,-0.66142,0.081,NOT-PROFITABLE,ALGID.PA,,False
Electronics & Semiconductors,Electronics (General),France,ENXTPA,SFPI,GROUPE SFPI SA (ENXTPA:SFPI),,,,,0.026630001,0.0617,-0.016,PROFITABLE,SFPI.PA,,False
Electronics & Semiconductors,Electronics (General),France,ENXTPA,GEA,Grenobloise d'Electronique et d'Automatismes Société Anonyme (ENXTPA:GEA),,,,,0.08411,0.06166,-0.117,PROFITABLE,GEA.PA,,False
Electronics & Semiconductors,Electronics (General),France,ENXTPA,ALGTR,Groupe Tera SA (ENXTPA:ALGTR),,,,,1.33836,1.62545,-0.263,PROFITABLE,ALGTR.PA,,False
Electronics & Semiconductors,Computers/Peripherals,France,ENXTPA,GUI,Guillemot Corporation S.A. (ENXTPA:GUI),,,,,-0.01912,-0.0247,0.093,NOT-PROFITABLE,GUI.PA,,False
Electronics & Semiconductors,Telecom. Equipment,France,ENXTPA,ALHF,HF Company SA (ENXTPA:ALHF),,,,,2.26287,0.04678,-0.977,PROFITABLE,ALHF.PA,,False
Electronics & Semiconductors,Electronics (General),France,ENXTPA,ALICA,Icape Holding S.A. (ENXTPA:ALICA),,,,,-0.00184,0.08663,,NOT-PROFITABLE,ALICA.PA,,False
Electronics & Semiconductors,Semiconductor,France,ENXTPA,ALKAL,Kalray S.A. (ENXTPA:ALKAL),,,,,-0.18175,-0.1349,-0.449,NOT-PROFITABLE,ALKAL.PA,,False
Electronics & Semiconductors,Telecom. Equipment,France,ENXTPA,ALKLK,Kerlink SA (ENXTPA:ALKLK),,,,,-0.1384,-0.66449,0.368,NOT-PROFITABLE,ALKLK.PA,,True
Electronics & Semiconductors,Electronics (General),France,ENXTPA,LACR,LACROIX Group SA (ENXTPA:LACR),,,,,-0.08904,0.075679995,-0.001,NOT-PROFITABLE,LACR.PA,,False
Electronics & Semiconductors,Electronics (Consumer & Office),France,ENXTPA,ALLEX,Lexibook - Linguistic Electronic System Société anonyme (ENXTPA:ALLEX),,,,,0.08889,0.25847998,0.005,PROFITABLE,ALLEX.PA,,False
Electronics & Semiconductors,Computers/Peripherals,France,ENXTPA,ALLOG,Logic Instrument S.A. (ENXTPA:ALLOG),,,,,0.031070001,0.14249,0.511,PROFITABLE,ALLOG.PA,,True
Electronics & Semiconductors,Electronics (General),France,ENXTPA,LBIRD,Lumibird SA (ENXTPA:LBIRD),,,,,0.061300002,0.06929,0.085,PROFITABLE,LBIRD.PA,,False
Electronics & Semiconductors,Semiconductor,France,ENXTPA,MEMS,"MEMSCAP, S.A. (ENXTPA:MEMS)",,,,,0.058790002,,0.062,UNVERIFIED,MEMS.PA,yfinance_data_gap,False
Electronics & Semiconductors,Computers/Peripherals,France,ENXTPA,ALMDG,MGI Digital Technology Société Anonyme (ENXTPA:ALMDG),,,,,0.09946,0.04454,-0.322,PROFITABLE,ALMDG.PA,,False
Electronics & Semiconductors,Computers/Peripherals,France,ENXTPA,ALTHO,Metavisio (ENXTPA:ALTHO),,,,,0.0,,,UNVERIFIED,ALTHO.PA,yfinance_data_gap,False
Electronics & Semiconductors,Telecom. Equipment,France,ENXTPA,ALMUN,Munic S.A. (ENXTPA:ALMUN),,,,,-0.01644,-0.020299999,-0.001,NOT-PROFITABLE,ALMUN.PA,,False
Electronics & Semiconductors,Electronics (Consumer & Office),France,ENXTPA,NACON,Nacon S.A. (ENXTPA:NACON),,,,,-2.27674,-3.6057801,-0.09,NOT-PROFITABLE,NACON.PA,,False
Electronics & Semiconductors,Electronics (General),France,ENXTPA,MLNOV,Novatech Industries (ENXTPA:MLNOV),,,,,-0.01607,-0.11375,,NOT-PROFITABLE,MLNOV.PA,,False
Electronics & Semiconductors,Computers/Peripherals,France,ENXTPA,ALORD,Ordissimo SA (ENXTPA:ALORD),,,,,-0.061729997,-0.051170003,0.57,NOT-PROFITABLE,ALORD.PA,,True
Electronics & Semiconductors,Telecom. Equipment,France,ENXTPA,PARRO,Parrot S.A. (ENXTPA:PARRO),,,,,0.01963,0.04283,0.706,PROFITABLE,PARRO.PA,,True
Electronics & Semiconductors,Computers/Peripherals,France,ENXTPA,QDT,Quadient S.A. (ENXTPA:QDT),,,,,-0.06566,-0.06302,-0.071,NOT-PROFITABLE,QDT.PA,,False
Electronics & Semiconductors,Semiconductor Equip,France,ENXTPA,ALRIB,Riber S.A. (ENXTPA:ALRIB),,,,,0.12998,0.20594,0.08,PROFITABLE,ALRIB.PA,,False
Electronics & Semiconductors,Semiconductor Equip,France,ENXTPA,ALSEM,SEMCO Technologies Société anonyme (ENXTPA:ALSEM),,,,,0.26261,0.56168,,PROFITABLE,ALSEM.PA,,False
Electronics & Semiconductors,Computers/Peripherals,France,ENXTPA,ARTO,Société Industrielle et Financière de l'Artois Société anonyme (ENXTPA:ARTO),,,,,0.060879998,0.00044,-0.151,PROFITABLE,ARTO.PA,,False
Electronics & Semiconductors,Semiconductor Equip,France,ENXTPA,SOI,Soitec SA (ENXTPA:SOI),,,,,-0.37146,-0.15201999,-0.346,NOT-PROFITABLE,SOI.PA,,False
Electronics & Semiconductors,Telecom. Equipment,France,ENXTPA,ALTXC,TXCOM Société Anonyme (ENXTPA:ALTXC),,,,,-0.0635,-0.03591,-0.497,NOT-PROFITABLE,ALTXC.PA,,False
Electronics & Semiconductors,Electronics (General),France,ENXTPA,ALVG,VEOM Group (ENXTPA:ALVG),,,,,,,,UNVERIFIED,ALVG.PA,yfinance_data_gap,False
Electronics & Semiconductors,Telecom. Equipment,France,ENXTPA,VANTI,Vantiva S.A. (ENXTPA:VANTI),,,,,-0.10317001,,-0.148,UNVERIFIED,VANTI.PA,yfinance_data_gap,False
Electronics & Semiconductors,Electronics (General),France,ENXTPA,VU,VusionGroup S.A. (ENXTPA:VU),,,,,0.09738,0.41415,0.572,PROFITABLE,VU.PA,,True
Electronics & Semiconductors,Electronics (General),France,ENXTPA,ALI2S,i2S SA (ENXTPA:ALI2S),,,,,0.03573,0.05125,0.026,PROFITABLE,ALI2S.PA,,False
Electronics & Semiconductors,Semiconductor Equip,Germany,XTRA,AIXA,AIXTRON SE (XTRA:AIXA),DE,,,,0.12085,0.06315,-0.162,PROFITABLE,AIXA.DE,,False
Electronics & Semiconductors,Telecom. Equipment,Germany,XTRA,ADV,Adtran Networks SE (XTRA:ADV),DE,,,,-0.04542,-0.05639,0.171,NOT-PROFITABLE,ADV.DE,,True
Electronics & Semiconductors,Electronics (General),Germany,XTRA,BSL,Basler Aktiengesellschaft (XTRA:BSL),DE,,,,0.10859,0.20255,0.437,PROFITABLE,BSL.DE,,True
Electronics & Semiconductors,Electronics (General),Germany,XTRA,BKHT,Brockhaus Technologies AG (XTRA:BKHT),DE,,,,-0.67350996,-0.10052,-0.15,NOT-PROFITABLE,BKHT.DE,,False
Electronics & Semiconductors,Semiconductor,Germany,MUN,CV3,Carpevigo Holding AG (MUN:CV3),DE,,,,,,,UNVERIFIED,CV3.DE,yfinance_data_gap,False
Electronics & Semiconductors,Telecom. Equipment,Germany,DB,CEK,CeoTronics AG (DB:CEK),DE,,,,0.113809995,0.28519,0.616,PROFITABLE,CEK.DE,,True
Electronics & Semiconductors,Computers/Peripherals,Germany,XTRA,C3RY,Cherry SE (XTRA:C3RY),DE,,,,-0.53681,-0.63009,-0.178,NOT-PROFITABLE,C3RY.DE,,False
Electronics & Semiconductors,Electronics (General),Germany,XTRA,DAM,DATA MODUL Aktiengesellschaft Produktion und Vertrieb von elektronischen Systemen (XTRA:DAM),DE,,,,-0.01122,-0.01607,-0.041,NOT-PROFITABLE,DAM.DE,,False
Electronics & Semiconductors,Semiconductor,Germany,XTRA,ELG,Elmos Semiconductor SE (XTRA:ELG),DE,,,,0.16374001,0.17993,0.112,PROFITABLE,ELG.DE,,True
Electronics & Semiconductors,Electronics (General),Germany,XTRA,FEV,FORTEC Elektronik AG (XTRA:FEV),DE,,,,0.0077100005,0.01119,-0.045,PROFITABLE,FEV.DE,,False
Electronics & Semiconductors,Semiconductor,Germany,XTRA,SIS,First Sensor AG (XTRA:SIS),DE,,,,0.05347,0.05244,0.987,PROFITABLE,SIS.DE,,True
Electronics & Semiconductors,Telecom. Equipment,Germany,DB,FEW0,Funkwerk AG (DB:FEW0),DE,,,,,,,UNVERIFIED,FEW0.DE,yfinance_data_gap,False
Electronics & Semiconductors,Telecom. Equipment,Germany,DB,GGS,Gigaset AG (DB:GGS),DE,,,,,,,UNVERIFIED,GGS.DE,yfinance_data_gap,False
Electronics & Semiconductors,Semiconductor,Germany,HMSE,QCE,Global PVQ SE (HMSE:QCE),DE,,,,,,,UNVERIFIED,QCE.DE,yfinance_data_gap,False
Electronics & Semiconductors,Computers/Peripherals,Germany,DB,HYI,Hyrican Informationssysteme Aktiengesellschaft (DB:HYI),DE,,,,,,,UNVERIFIED,HYI.DE,yfinance_data_gap,False
Electronics & Semiconductors,Electronics (General),Germany,XTRA,IS7,InTiCa Systems SE (XTRA:IS7),DE,,,,-0.028169999,-0.12876001,-0.003,NOT-PROFITABLE,IS7.DE,,False
Electronics & Semiconductors,Semiconductor,Germany,XTRA,IFX,Infineon Technologies AG (XTRA:IFX),DE,,,,0.07774,0.07019,0.126,PROFITABLE,IFX.DE,,True
Electronics & Semiconductors,Electronics (General),Germany,XTRA,JEN,Jenoptik AG (XTRA:JEN),DE,,,,0.07615,0.07862,-0.01,PROFITABLE,JEN.DE,,False
Electronics & Semiconductors,Electronics (General),Germany,HMSE,KTEK,KATEK SE (HMSE:KTEK),DE,,,,,,,UNVERIFIED,KTEK.DE,yfinance_data_gap,False
Electronics & Semiconductors,Electronics (General),Germany,XTRA,LPK,LPKF Laser & Electronics SE (XTRA:LPK),DE,,,,-0.26125,-0.34219003,-0.419,NOT-PROFITABLE,LPK.DE,,False
Electronics & Semiconductors,Semiconductor Equip,Germany,DB,M5Z,Manz AG (DB:M5Z),DE,,,,,,,UNVERIFIED,M5Z.DE,yfinance_data_gap,False
Electronics & Semiconductors,Electronics (General),Germany,XTRA,MBQ,Mobotix AG (XTRA:MBQ),DE,,,,0.00735,0.03151,-0.145,PROFITABLE,MBQ.DE,,False
Electronics & Semiconductors,Electronics (General),Germany,DB,NXR,NeXR Technologies SE (DB:NXR),DE,,,,,,,UNVERIFIED,NXR.DE,yfinance_data_gap,False
Electronics & Semiconductors,Electronics (General),Germany,XTRA,M7U,Nynomic AG (XTRA:M7U),DE,,,,-0.00756,-0.00342,,NOT-PROFITABLE,M7U.DE,,False
Electronics & Semiconductors,Semiconductor Equip,Germany,XTRA,TPE,PVA TePla AG (XTRA:TPE),DE,,,,-0.0057,-0.00994,0.08,NOT-PROFITABLE,TPE.DE,,False
Electronics & Semiconductors,Semiconductor,Germany,HMSE,PS4,Phoenix Solar Aktiengesellschaft (HMSE:PS4),DE,,,,,,,UNVERIFIED,PS4.DE,yfinance_data_gap,False
Electronics & Semiconductors,Semiconductor,Germany,XTRA,P4O,Planoptik AG (XTRA:P4O),DE,,,,-0.00513,-0.00464,-0.073,NOT-PROFITABLE,P4O.DE,,False
Electronics & Semiconductors,Computers/Peripherals,Germany,XTRA,M3B,Pyramid AG (XTRA:M3B),DE,,,,,,,UNVERIFIED,M3B.DE,yfinance_data_gap,False
Electronics & Semiconductors,Electronics (General),Germany,NasdaqGM,SHMD,SCHMID Group N.V. (NasdaqGM:SHMD),DE,,,,,,,UNVERIFIED,SHMD.DE,yfinance_data_gap,False
Electronics & Semiconductors,Semiconductor Equip,Germany,XTRA,SMHN,SUSS MicroTec SE (XTRA:SMHN),DE,,,,0.058480002,0.08241,-0.18,PROFITABLE,SMHN.DE,,False
Electronics & Semiconductors,Electronics (General),Germany,XTRA,SCE,Schweizer Electronic AG (XTRA:SCE),DE,,,,0.03382,0.29281,0.202,PROFITABLE,SCE.DE,,True
Electronics & Semiconductors,Semiconductor Equip,Germany,XTRA,WAF,Siltronic AG (XTRA:WAF),DE,,,,-0.14831,-0.10442001,-0.023,NOT-PROFITABLE,WAF.DE,,False
Electronics & Semiconductors,Electronics (General),Germany,XTRA,SYT,Softing AG (XTRA:SYT),DE,,,,-0.059710003,-0.09725001,-0.015,NOT-PROFITABLE,SYT.DE,,False
Electronics & Semiconductors,Semiconductor,Germany,HMSE,SWVK,SolarWorld Aktiengesellschaft (HMSE:SWVK),DE,,,,,,,UNVERIFIED,SWVK.DE,yfinance_data_gap,False
Electronics & Semiconductors,Electronics (General),Germany,HMSE,S9I,Stemmer Imaging AG (HMSE:S9I),DE,,,,,,,UNVERIFIED,S9I.DE,yfinance_data_gap,False
Electronics & Semiconductors,Electronics (Consumer & Office),Germany,DB,TCU,TC Unterhaltungselektronik AG (DB:TCU),DE,,,,,,,UNVERIFIED,TCU.DE,yfinance_data_gap,False
Electronics & Semiconductors,Semiconductor,Germany,DUSE,9TS,TubeSolar AG (DUSE:9TS),DE,,,,,,,UNVERIFIED,9TS.DE,yfinance_data_gap,False
Electronics & Semiconductors,Electronics (General),Germany,XTRA,V6C,Viscom SE (XTRA:V6C),DE,,,,-0.12786001,-0.22243999,-0.274,NOT-PROFITABLE,V6C.DE,,False
Electronics & Semiconductors,Telecom. Equipment,Germany,XTRA,CFC,aconnic AG (XTRA:CFC),DE,,,,-0.303,-77.41805,-0.352,NOT-PROFITABLE,CFC.DE,,False
Electronics & Semiconductors,Electronics (General),Germany,XTRA,A6T,artec technologies AG (XTRA:A6T),DE,,,,-0.0014599999,-0.00177,0.315,NOT-PROFITABLE,A6T.DE,,True
Electronics & Semiconductors,Telecom. Equipment,Greece,ATSE,OPTRON,Optronics Technologies S.A. (ATSE:OPTRON),,,,,0.022149999,0.06107,0.885,PROFITABLE,OPTRON.AT,,True
Electronics & Semiconductors,Electronics (Consumer & Office),Hong Kong,SEHK,328,Alco Holdings Limited (SEHK:328),HK,,,,-0.70932996,,0.22,UNVERIFIED,0328.HK,yfinance_data_gap,True
Electronics & Semiconductors,Electronics (General),Hong Kong,SEHK,710,BOE Varitronix Limited (SEHK:710),HK,,,,0.02474,0.072129995,-0.001,PROFITABLE,0710.HK,,False
Electronics & Semiconductors,Electronics (General),Hong Kong,OTCPK,BNSO.F,Bonso Electronics International Inc. (OTCPK:BNSO.F),HK,,,,,,,UNVERIFIED,BNSO.F.HK,yfinance_data_gap,False
Electronics & Semiconductors,Computers/Peripherals,Hong Kong,OTCPK,BRQS.F,"Borqs Technologies, Inc. (OTCPK:BRQS.F)",HK,,,,,,,UNVERIFIED,BRQS.F.HK,yfinance_data_gap,False
Electronics & Semiconductors,Semiconductor,Hong Kong,SEHK,2203,Brainhole Technology Limited (SEHK:2203),HK,,,,-0.41869,,-0.179,UNVERIFIED,2203.HK,yfinance_data_gap,False
Electronics & Semiconductors,Electronics (General),Hong Kong,NasdaqCM,CCTG,CCSC Technology International Holdings Limited (NasdaqCM:CCTG),HK,,,,,,,UNVERIFIED,CCTG.HK,yfinance_data_gap,False
Electronics & Semiconductors,Semiconductor,Hong Kong,SGX,BXE,CDW Holding Limited (SGX:BXE),HK,,,,,,,UNVERIFIED,0BXE.HK,yfinance_data_gap,False
Electronics & Semiconductors,Telecom. Equipment,Hong Kong,SEHK,8245,Canopy SkyFire Group Limited (SEHK:8245),HK,,,,-0.26439,,0.015,UNVERIFIED,8245.HK,yfinance_data_gap,False
Electronics & Semiconductors,Electronics (General),Hong Kong,SEHK,31,China Aerospace International Holdings Limited (SEHK:31),HK,,,,-0.04106,-0.03086,-0.004,NOT-PROFITABLE,0031.HK,,False
Electronics & Semiconductors,Computers/Peripherals,Hong Kong,SEHK,164,China Baoli Technologies Holdings Limited (SEHK:164),HK,,,,-0.49971,,-0.03,UNVERIFIED,0164.HK,yfinance_data_gap,False
Electronics & Semiconductors,Semiconductor,Hong Kong,SEHK,85,China Electronics Huada Technology Company Limited (SEHK:85),HK,,,,0.1079,0.09399,0.081,PROFITABLE,0085.HK,,False
Electronics & Semiconductors,Electronics (General),Hong Kong,SEHK,1143,China Energy Storage Technology Development Limited (SEHK:1143),HK,,,,-0.12347999,-0.0868,,NOT-PROFITABLE,1143.HK,,False
Electronics & Semiconductors,Electronics (General),Hong Kong,SEHK,591,China High Precision Automation Group Limited (SEHK:591),HK,,,,0.03332,0.00317,-0.265,PROFITABLE,0591.HK,,False
Electronics & Semiconductors,Electronics (General),Hong Kong,SEHK,1725,China Strategic Technology Group Limited (SEHK:1725),HK,,,,-0.50627,,1.801,UNVERIFIED,1725.HK,yfinance_data_gap,True
Electronics & Semiconductors,Computers/Peripherals,Hong Kong,SEHK,8111,China Technology Industry Group Limited (SEHK:8111),HK,,,,-1.15913,-1.14245,17.071,NOT-PROFITABLE,8111.HK,,True
Electronics & Semiconductors,Electronics (General),Hong Kong,SEHK,8159,China United Venture Investment Limited (SEHK:8159),HK,,,,-0.66166,-1.9296299,-0.396,NOT-PROFITABLE,8159.HK,,False
Electronics & Semiconductors,Electronics (General),Hong Kong,SEHK,8051,CircuTech International Holdings Limited (SEHK:8051),HK,,,,0.01802,0.04861,0.153,PROFITABLE,8051.HK,,True
Electronics & Semiconductors,Computers/Peripherals,Hong Kong,SEHK,8050,City Coolxuan Company Limited (SEHK:8050),HK,,,,-0.34697,,-0.575,UNVERIFIED,8050.HK,yfinance_data_gap,False
Electronics & Semiconductors,Telecom. Equipment,Hong Kong,SEHK,2342,Comba Telecom Systems Holdings Limited (SEHK:2342),HK,,,,0.0076599997,0.02163,0.086,PROFITABLE,2342.HK,,False
Electronics & Semiconductors,Electronics (General),Hong Kong,SEHK,320,Computime Group Limited (SEHK:320),HK,,,,0.00505,0.01426,0.016,PROFITABLE,0320.HK,,False
Electronics & Semiconductors,Electronics (General),Hong Kong,SEHK,1912,Contel Technology Company Limited (SEHK:1912),HK,,,,-0.2693,-2.9884298,,NOT-PROFITABLE,1912.HK,,False
Electronics & Semiconductors,Electronics (General),Hong Kong,SEHK,567,Daisho Microline Holdings Limited (SEHK:567),HK,,,,-0.48981997,-0.34785998,-0.081,NOT-PROFITABLE,0567.HK,,False
Electronics & Semiconductors,Electronics (General),Hong Kong,SEHK,8375,Data Union Capital International Holdings Group Limited (SEHK:8375),HK,,,,-0.18225999,-0.26923,0.142,NOT-PROFITABLE,8375.HK,,True
Electronics & Semiconductors,Electronics (General),Hong Kong,SEHK,889,Datronix Holdings Limited (SEHK:889),HK,,,,-0.1322,-0.03322,0.122,NOT-PROFITABLE,0889.HK,,True
Electronics & Semiconductors,Electronics (General),Hong Kong,SEHK,8218,Echo International Holdings Group Limited (SEHK:8218),HK,,,,-0.38776,-0.38588002,-0.032,NOT-PROFITABLE,8218.HK,,False
Electronics & Semiconductors,Electronics (General),Hong Kong,SEHK,76,Elate Holdings Limited (SEHK:76),HK,,,,-0.11035,-0.03417,-0.81,NOT-PROFITABLE,0076.HK,,False
Electronics & Semiconductors,Telecom. Equipment,Hong Kong,NasdaqCM,FIEE,"FiEE, Inc. (NasdaqCM:FIEE)",HK,,,,,,,UNVERIFIED,FIEE.HK,yfinance_data_gap,False
Electronics & Semiconductors,Electronics (Consumer & Office),Hong Kong,SEHK,927,Fujikon Industrial Holdings Limited (SEHK:927),HK,,,,-0.033269998,0.00653,-0.133,NOT-PROFITABLE,0927.HK,,False
Electronics & Semiconductors,Telecom. Equipment,Hong Kong,SEHK,261,GBA Holdings Limited (SEHK:261),HK,,,,-0.88527,-0.2215,2.444,NOT-PROFITABLE,0261.HK,,True
Electronics & Semiconductors,Computers/Peripherals,Hong Kong,SEHK,3315,Goldpac Group Limited (SEHK:3315),HK,,,,0.0431,0.01995,-0.145,PROFITABLE,3315.HK,,False
Electronics & Semiconductors,Semiconductor,Hong Kong,SEHK,6908,HG Semiconductor Limited (SEHK:6908),HK,,,,-1.1548,-0.24759,0.577,NOT-PROFITABLE,6908.HK,,True
Electronics & Semiconductors,Electronics (Consumer & Office),Hong Kong,SEHK,167,IDT International Limited (SEHK:167),HK,,,,0.61182,,-0.464,UNVERIFIED,0167.HK,yfinance_data_gap,False
Electronics & Semiconductors,Telecom. Equipment,Hong Kong,SEHK,8487,ISP Global Limited (SEHK:8487),HK,,,,-0.07087,-0.24035999,-0.606,NOT-PROFITABLE,8487.HK,,False
Electronics & Semiconductors,Electronics (Consumer & Office),Hong Kong,SEHK,2358,Jiu Rong Holdings Limited (SEHK:2358),HK,,,,-0.34992,,,UNVERIFIED,2358.HK,yfinance_data_gap,False
Electronics & Semiconductors,Electronics (General),Hong Kong,SEHK,3336,Ju Teng International Holdings Limited (SEHK:3336),HK,,,,-0.0861,-0.11967,-0.003,NOT-PROFITABLE,3336.HK,,False
Electronics & Semiconductors,Electronics (General),Hong Kong,SEHK,1050,Karrie International Holdings Limited (SEHK:1050),HK,,,,0.07807,0.21324,0.092,PROFITABLE,1050.HK,,False
Electronics & Semiconductors,Electronics (General),Hong Kong,SEHK,8070,Keen Ocean International Holding Limited (SEHK:8070),HK,,,,0.10543,0.38827,0.57,PROFITABLE,8070.HK,,True
Electronics & Semiconductors,Electronics (General),Hong Kong,SEHK,148,Kingboard Holdings Limited (SEHK:148),HK,,,,0.09701,0.07588,0.048,PROFITABLE,0148.HK,,False
Electronics & Semiconductors,Electronics (General),Hong Kong,SEHK,1888,Kingboard Laminates Holdings Limited (SEHK:1888),HK,,,,0.11971,0.1539,0.092,PROFITABLE,1888.HK,,False
Electronics & Semiconductors,Computers/Peripherals,Hong Kong,SEHK,2086,Leadway Technology Investment Group Limited (SEHK:2086),HK,,,,-0.05558,-0.08487,-0.045,NOT-PROFITABLE,2086.HK,,False
Electronics & Semiconductors,Computers/Peripherals,Hong Kong,SEHK,992,Lenovo Group Limited (SEHK:992),HK,,,,0.02301,0.28601,0.271,PROFITABLE,0992.HK,,True
Electronics & Semiconductors,Electronics (General),Hong Kong,SEHK,894,Man Yue Technology Holdings Limited (SEHK:894),HK,,,,0.00379,0.0012899999,0.047,PROFITABLE,0894.HK,,False
Electronics & Semiconductors,Electronics (Consumer & Office),Hong Kong,SEHK,8147,Millennium Pacific Group Holdings Limited (SEHK:8147),HK,,,,-0.08449,-1.37615,0.692,NOT-PROFITABLE,8147.HK,,True
Electronics & Semiconductors,Electronics (General),Hong Kong,SEHK,8511,Min Fu International Holding Limited (SEHK:8511),HK,,,,-0.15791,-1.74215,1.462,NOT-PROFITABLE,8511.HK,,True
Electronics & Semiconductors,Semiconductor,Hong Kong,SEHK,8490,Niche-Tech Semiconductor Materials Limited (SEHK:8490),HK,,,,-0.26435,-0.24708,-0.184,NOT-PROFITABLE,8490.HK,,False
Electronics & Semiconductors,Electronics (General),Hong Kong,SEHK,327,PAX Global Technology Limited (SEHK:327),HK,,,,0.12832,0.09734,0.041,PROFITABLE,0327.HK,,False
Electronics & Semiconductors,Computers/Peripherals,Hong Kong,SEHK,1079,PINE Technology Holdings Limited (SEHK:1079),HK,,,,-0.064229995,-0.21202,-0.136,NOT-PROFITABLE,1079.HK,,False
Electronics & Semiconductors,Electronics (General),Hong Kong,SEHK,2078,PanAsialum Holdings Company Limited (SEHK:2078),HK,,,,-0.16434,-0.08327,-0.758,NOT-PROFITABLE,2078.HK,,False
Electronics & Semiconductors,Electronics (General),Hong Kong,SEHK,2885,Peiport Holdings Ltd. (SEHK:2885),HK,,,,0.013350001,0.0114,0.312,PROFITABLE,2885.HK,,True
Electronics & Semiconductors,Computers/Peripherals,Hong Kong,SEHK,8066,Phoenitron Holdings Limited (SEHK:8066),HK,,,,0.08573,0.16563,0.515,PROFITABLE,8066.HK,,True
Electronics & Semiconductors,Telecom. Equipment,Hong Kong,SEHK,1523,Plover Bay Technologies Limited (SEHK:1523),HK,,,,0.36333,0.95856005,0.185,PROFITABLE,1523.HK,,True
Electronics & Semiconductors,Semiconductor,Hong Kong,SEHK,650,Productive Technologies Company Limited (SEHK:650),HK,,,,-0.91415,-0.15579,0.19,NOT-PROFITABLE,0650.HK,,True
Electronics & Semiconductors,Semiconductor,Hong Kong,SEHK,243,QPL International Holdings Limited (SEHK:243),HK,,,,0.28415,0.2627,0.269,PROFITABLE,0243.HK,,True
Electronics & Semiconductors,Electronics (General),Hong Kong,SEHK,2239,SMIT Holdings Limited (SEHK:2239),HK,,,,-0.36023,-0.0348,0.439,NOT-PROFITABLE,2239.HK,,True
Electronics & Semiconductors,Telecom. Equipment,Hong Kong,SEHK,482,Sandmartin International Holdings Limited (SEHK:482),HK,,,,-0.2548,,-0.333,UNVERIFIED,0482.HK,yfinance_data_gap,False
Electronics & Semiconductors,Electronics (General),Hong Kong,SEHK,1611,Sinohope Technology Holdings Limited (SEHK:1611),HK,,,,-0.03373,-0.59209996,-0.431,NOT-PROFITABLE,1611.HK,,False
Electronics & Semiconductors,Semiconductor,Hong Kong,SEHK,1010,Sky Blue 11 Company Limited (SEHK:1010),HK,,,,-1.38815,,-0.254,UNVERIFIED,1010.HK,yfinance_data_gap,False
Electronics & Semiconductors,Electronics (Consumer & Office),Hong Kong,SEHK,751,Skyworth Group Limited (SEHK:751),HK,,,,0.0050700004,0.03624,-0.023,PROFITABLE,0751.HK,,False
Electronics & Semiconductors,Semiconductor Equip,Hong Kong,SEHK,757,Solargiga Energy Holdings Limited (SEHK:757),HK,,,,-0.117539994,-0.34831002,-0.302,NOT-PROFITABLE,0757.HK,,False
Electronics & Semiconductors,Semiconductor,Hong Kong,SEHK,2878,Solomon Systech (International) Limited (SEHK:2878),HK,,,,0.04319,0.02888,-0.082,PROFITABLE,2878.HK,,False
Electronics & Semiconductors,Computers/Peripherals,Hong Kong,OTCPK,STRH,Star8 Corporation (OTCPK:STRH),HK,,,,,,,UNVERIFIED,STRH.HK,yfinance_data_gap,False
Electronics & Semiconductors,Electronics (Consumer & Office),Hong Kong,SEHK,912,Suga International Holdings Limited (SEHK:912),HK,,,,0.02322,0.05001,0.391,PROFITABLE,0912.HK,,True
Electronics & Semiconductors,Telecom. Equipment,Hong Kong,SEHK,1063,Suncorp Technologies Limited (SEHK:1063),HK,,,,0.60321,0.1418,0.159,PROFITABLE,1063.HK,,True
Electronics & Semiconductors,Telecom. Equipment,Hong Kong,SEHK,1613,Synertone Communication Corporation (SEHK:1613),HK,,,,-1.15069,-0.48395002,-0.325,NOT-PROFITABLE,1613.HK,,False
Electronics & Semiconductors,Electronics (Consumer & Office),Hong Kong,SEHK,1070,TCL Electronics Holdings Limited (SEHK:1070),HK,,,,0.022739999,,0.153,UNVERIFIED,1070.HK,yfinance_data_gap,True
Electronics & Semiconductors,Electronics (General),Hong Kong,NasdaqCM,TROO,"TROOPS, Inc. (NasdaqCM:TROO)",HK,,,,,,,UNVERIFIED,TROO.HK,yfinance_data_gap,False
Electronics & Semiconductors,Electronics (General),Hong Kong,SEHK,1991,Ta Yang Group Holdings Limited (SEHK:1991),HK,,,,-0.09674,-4.70776,0.025,NOT-PROFITABLE,1991.HK,,False
Electronics & Semiconductors,Electronics (General),Hong Kong,SEHK,117,Tianli Holdings Group Limited (SEHK:117),HK,,,,0.19654,0.22966999,0.144,PROFITABLE,0117.HK,,True
Electronics & Semiconductors,Electronics (General),Hong Kong,SEHK,698,Tongda Group Holdings Limited (SEHK:698),HK,,,,0.02323,0.050180003,0.036,PROFITABLE,0698.HK,,False
Electronics & Semiconductors,Electronics (General),Hong Kong,SEHK,2363,Tongda Hong Tai Holdings Limited (SEHK:2363),HK,,,,-0.36933,,-0.718,UNVERIFIED,2363.HK,yfinance_data_gap,False
Electronics & Semiconductors,Telecom. Equipment,Hong Kong,SEHK,9963,Transtech Optelecom Science Holdings Limited (SEHK:9963),HK,,,,-1.02151,-0.31312,-0.235,NOT-PROFITABLE,9963.HK,,False
Electronics & Semiconductors,Electronics (General),Hong Kong,SEHK,1710,Trio Industrial Electronics Group Limited (SEHK:1710),HK,,,,-0.045689996,-0.09028,-0.401,NOT-PROFITABLE,1710.HK,,False
Electronics & Semiconductors,Electronics (General),Hong Kong,SEHK,732,Truly International Holdings Limited (SEHK:732),HK,,,,0.016619999,0.02323,-0.092,PROFITABLE,0732.HK,,False
Electronics & Semiconductors,Semiconductor Equip,Hong Kong,SEHK,8529,UBoT Holding Limited (SEHK:8529),HK,,,,0.064109996,0.16304001,0.31,PROFITABLE,8529.HK,,True
Electronics & Semiconductors,Electronics (General),Hong Kong,SGX,BN2,Valuetronics Holdings Limited (SGX:BN2),HK,,,,,,,UNVERIFIED,0BN2.HK,yfinance_data_gap,False
Electronics & Semiconductors,Telecom. Equipment,Hong Kong,SEHK,303,Vtech Holdings Limited (SEHK:303),HK,,,,0.066139996,0.20763001,-0.047,PROFITABLE,0303.HK,,False
Electronics & Semiconductors,Semiconductor,Hong Kong,SEHK,1305,Wai Chi Holdings Company Limited (SEHK:1305),HK,,,,0.01988,0.0537,0.163,PROFITABLE,1305.HK,,True
Electronics & Semiconductors,Electronics (General),Hong Kong,SEHK,3393,Wasion Holdings Limited (SEHK:3393),HK,,,,0.10505,0.18944,0.142,PROFITABLE,3393.HK,,True
Electronics & Semiconductors,Electronics (General),Hong Kong,SEHK,9918,Wise Ally International Holdings Limited (SEHK:9918),HK,,,,-0.03647,-0.15187,-0.448,NOT-PROFITABLE,9918.HK,,False
Electronics & Semiconductors,Electronics (General),Hong Kong,SEHK,99,Wong's International Holdings Limited (SEHK:99),HK,,,,-0.06524,-0.04769,-0.147,NOT-PROFITABLE,0099.HK,,False
Electronics & Semiconductors,Electronics (General),Hong Kong,SEHK,532,Wong's Kong King International (Holdings) Limited (SEHK:532),HK,,,,-0.01497,-0.02796,0.054,NOT-PROFITABLE,0532.HK,,False
Electronics & Semiconductors,Electronics (General),Hong Kong,SEHK,1480,Yan Tat Group Holdings Limited (SEHK:1480),HK,,,,0.01699,0.0053,-0.059,PROFITABLE,1480.HK,,False
Electronics & Semiconductors,Electronics (General),Hong Kong,SEHK,259,Yeebo (International Holdings) Limited (SEHK:259),HK,,,,1.65168,0.41196,0.226,PROFITABLE,0259.HK,,True
Electronics & Semiconductors,Electronics (General),Hong Kong,SEHK,8249,Zhejiang RuiYuan Intelligent Control Technology Company Limited (SEHK:8249),HK,,,,-0.06499,,0.116,UNVERIFIED,8249.HK,yfinance_data_gap,True
Electronics & Semiconductors,Electronics (General),Hungary,BUSE,CHOME,Chameleon Smart Home Zartkoruen Mukodo Reszvenytarsasag (BUSE:CHOME),,,,,0.0,,,UNVERIFIED,CHOME.BD,yfinance_data_gap,False
Electronics & Semiconductors,Telecom. Equipment,India,BSE,523411,ADC India Communications Limited (BSE:523411),IN,,,,,,,UNVERIFIED,523411.NS,yfinance_data_gap,False
Electronics & Semiconductors,Electronics (General),India,BSE,544185,Adtech Systems Limited (BSE:544185),IN,,,,,,,UNVERIFIED,544185.NS,yfinance_data_gap,False
Electronics & Semiconductors,Electronics (General),India,NSEI,AIMTRON,Aimtron Electronics Limited (NSEI:AIMTRON),IN,,,,,,,UNVERIFIED,AIMTRON.NS,yfinance_data_gap,False
Electronics & Semiconductors,Telecom. Equipment,India,NSEI,AKSHOPTFBR,Aksh Optifibre Limited (NSEI:AKSHOPTFBR),IN,23213.0,True,,-0.102749996,,0.238,UNVERIFIED,AKSHOPTFBR.NS,yfinance_data_gap,True
Electronics & Semiconductors,Semiconductor,India,NSEI,ALPEXSOLAR,Alpex Solar Limited (NSEI:ALPEXSOLAR),IN,,,,,,,UNVERIFIED,ALPEXSOLAR.NS,yfinance_data_gap,False
Electronics & Semiconductors,Electronics (General),India,BSE,517096,Aplab Limited (BSE:517096),IN,,,,,,,UNVERIFIED,517096.NS,yfinance_data_gap,False
Electronics & Semiconductors,Electronics (Consumer & Office),India,NSEI,ARHAM,Arham Technologies Limited (NSEI:ARHAM),IN,,,,,,,UNVERIFIED,ARHAM.NS,yfinance_data_gap,False
Electronics & Semiconductors,Semiconductor Equip,India,BSE,526443,Artificial Electronics Intelligent Material Limited (BSE:526443),IN,,,,,,,UNVERIFIED,526443.NS,yfinance_data_gap,False
Electronics & Semiconductors,Telecom. Equipment,India,BSE,532493,Astra Microwave Products Limited (BSE:532493),IN,,,,,,,UNVERIFIED,532493.NS,yfinance_data_gap,False
Electronics & Semiconductors,Semiconductor,India,NSEI,APS,Australian Premium Solar (India) Limited (NSEI:APS),IN,,,,,,,UNVERIFIED,APS.NS,yfinance_data_gap,False
Electronics & Semiconductors,Telecom. Equipment,India,BSE,532406,Avantel Limited (BSE:532406),IN,,,,,,,UNVERIFIED,532406.NS,yfinance_data_gap,False
Electronics & Semiconductors,Electronics (General),India,BSE,517246,BCC Fuba India Limited (BSE:517246),IN,,,,,,,UNVERIFIED,517246.NS,yfinance_data_gap,False
Electronics & Semiconductors,Electronics (Consumer & Office),India,NSEI,BPL,BPL Limited (NSEI:BPL),IN,27932.0,False,-38.8114203828443,-0.10776,-0.02252,0.047,NOT-PROFITABLE,BPL.NS,,False
Electronics & Semiconductors,Electronics (General),India,NSEI,ASMS,Bartronics India Limited (NSEI:ASMS),IN,41114.0,False,,0.05709,0.19015,2.861,PROFITABLE,ASMS.NS,,True
Electronics & Semiconductors,Telecom. Equipment,India,NSEI,BIRLACABLE,Birla Cable Limited (NSEI:BIRLACABLE),IN,157913.0,False,,0.05368,,0.511,UNVERIFIED,BIRLACABLE.NS,yfinance_data_gap,True
Electronics & Semiconductors,Semiconductor Equip,India,BSE,502219,Borosil Renewables Limited (BSE:502219),IN,,,,,,,UNVERIFIED,502219.NS,yfinance_data_gap,False
Electronics & Semiconductors,Electronics (Consumer & Office),India,BSE,543378,CWD Limited (BSE:543378),IN,,,,,,,UNVERIFIED,543378.NS,yfinance_data_gap,False
Electronics & Semiconductors,Electronics (Consumer & Office),India,BSE,517236,Calcom Vision Limited (BSE:517236),IN,,,,,,,UNVERIFIED,517236.NS,yfinance_data_gap,False
Electronics & Semiconductors,Telecom. Equipment,India,BSE,531158,Catvision Limited (BSE:531158),IN,,,,,,,UNVERIFIED,531158.NS,yfinance_data_gap,False
Electronics & Semiconductors,Computers/Peripherals,India,NSEI,CELLECOR,Cellecor Gadgets Limited (NSEI:CELLECOR),IN,,,,,,,UNVERIFIED,CELLECOR.NS,yfinance_data_gap,False
Electronics & Semiconductors,Electronics (General),India,BSE,517544,Centum Electronics Limited (BSE:517544),IN,,,,,,,UNVERIFIED,517544.NS,yfinance_data_gap,False
Electronics & Semiconductors,Telecom. Equipment,India,BSE,517564,Clenon Enterprises Limited (BSE:517564),IN,,,,,,,UNVERIFIED,517564.NS,yfinance_data_gap,False
Electronics & Semiconductors,Electronics (General),India,BSE,522295,Control Print Limited (BSE:522295),IN,,,,,,,UNVERIFIED,522295.NS,yfinance_data_gap,False
Electronics & Semiconductors,Electronics (General),India,NSEI,CYIENTDLM,Cyient DLM Limited (NSEI:CYIENTDLM),IN,965019.0,True,1.3207132206074943,0.060510002,,0.343,UNVERIFIED,CYIENTDLM.NS,yfinance_data_gap,True
Electronics & Semiconductors,Electronics (Consumer & Office),India,NSEI,DIXON,Dixon Technologies (India) Limited (NSEI:DIXON),IN,62336826.0,False,-15.14202320780238,0.03639,,0.211,UNVERIFIED,DIXON.NS,yfinance_data_gap,True
Electronics & Semiconductors,Computers/Peripherals,India,NSEI,EPWINDIA,EPW India Limited (NSEI:EPWINDIA),IN,,,,,,,UNVERIFIED,EPWINDIA.NS,yfinance_data_gap,False
Electronics & Semiconductors,Electronics (General),India,NSEI,ELIN,Elin Electronics Limited (NSEI:ELIN),IN,117277.0,False,,-0.00606,,0.228,UNVERIFIED,ELIN.NS,yfinance_data_gap,True
Electronics & Semiconductors,Semiconductor,India,NSEI,EMMVEE,Emmvee Photovoltaic Power Limited (NSEI:EMMVEE),IN,12111130.0,False,,0.22844,,0.513,UNVERIFIED,EMMVEE.NS,yfinance_data_gap,True
Electronics & Semiconductors,Electronics (General),India,NSEI,EEPL,Eppeltone Engineers Limited (NSEI:EEPL),IN,,,,,,,UNVERIFIED,EEPL.NS,yfinance_data_gap,False
Electronics & Semiconductors,Computers/Peripherals,India,NSEI,ESCONET,Esconet Technologies Limited (NSEI:ESCONET),IN,,,,,,,UNVERIFIED,ESCONET.NS,yfinance_data_gap,False
Electronics & Semiconductors,Electronics (General),India,BSE,517264,Fine-Line Circuits Limited (BSE:517264),IN,,,,,,,UNVERIFIED,517264.NS,yfinance_data_gap,False
Electronics & Semiconductors,Telecom. Equipment,India,NSEI,FROG,Frog Cellsat Limited (NSEI:FROG),IN,,,,,,,UNVERIFIED,FROG.NS,yfinance_data_gap,False
Electronics & Semiconductors,Semiconductor,India,NSEI,GGBL,Ganesh Green Bharat Limited (NSEI:GGBL),IN,,,,,,,UNVERIFIED,GGBL.NS,yfinance_data_gap,False
Electronics & Semiconductors,Electronics (General),India,BSE,530343,Genus Power Infrastructures Limited (BSE:530343),IN,,,,,,,UNVERIFIED,530343.NS,yfinance_data_gap,False
Electronics & Semiconductors,Electronics (General),India,BSE,517288,Gujarat Poly Electronics Limited (BSE:517288),IN,,,,,,,UNVERIFIED,517288.NS,yfinance_data_gap,False
Electronics & Semiconductors,Electronics (General),India,NSEI,HOLMARC,Holmarc Opto-Mechatronics Limited (NSEI:HOLMARC),IN,,,,,,,UNVERIFIED,HOLMARC.NS,yfinance_data_gap,False
Electronics & Semiconductors,Electronics (General),India,BSE,517174,Honeywell Automation India Limited (BSE:517174),IN,,,,,,,UNVERIFIED,517174.NS,yfinance_data_gap,False
Electronics & Semiconductors,Telecom. Equipment,India,BSE,523610,ITI Limited (BSE:523610),IN,,,,,,,UNVERIFIED,523610.NS,yfinance_data_gap,False
Electronics & Semiconductors,Electronics (General),India,BSE,517370,Incap Limited (BSE:517370),IN,,,,,,,UNVERIFIED,517370.NS,yfinance_data_gap,False
Electronics & Semiconductors,Semiconductor,India,BSE,533257,Indosolar Limited (BSE:533257),IN,,,,,,,UNVERIFIED,533257.NS,yfinance_data_gap,False
Electronics & Semiconductors,Electronics (General),India,BSE,541983,Innovative Ideals and Services (India) Limited (BSE:541983),IN,,,,,,,UNVERIFIED,541983.NS,yfinance_data_gap,False
Electronics & Semiconductors,Semiconductor,India,BSE,543620,Insolation Energy Limited (BSE:543620),IN,,,,,,,UNVERIFIED,543620.NS,yfinance_data_gap,False
Electronics & Semiconductors,Computers/Peripherals,India,BSE,517044,International Data Management Limited (BSE:517044),IN,,,,,,,UNVERIFIED,517044.NS,yfinance_data_gap,False
Electronics & Semiconductors,Telecom. Equipment,India,BSE,590041,Kavveri Defence & Wireless Technologies Limited (BSE:590041),IN,,,,,,,UNVERIFIED,590041.NS,yfinance_data_gap,False
Electronics & Semiconductors,Electronics (General),India,NSEI,KAYNES,Kaynes Technology India Limited (NSEI:KAYNES),IN,29017510.0,False,-46.76613688560406,0.08896,,0.426,UNVERIFIED,KAYNES.NS,yfinance_data_gap,True
Electronics & Semiconductors,Semiconductor,India,NSEI,MICEL,MIC Electronics Limited (NSEI:MICEL),IN,223973.0,False,-25.689427294113663,-0.05466,,2.765,UNVERIFIED,MICEL.NS,yfinance_data_gap,True
Electronics & Semiconductors,Electronics (Consumer & Office),India,NSEI,MIRCELECTR,MIRC Electronics Limited (NSEI:MIRCELECTR),IN,602827.0,False,,0.02544,,-0.284,UNVERIFIED,MIRCELECTR.NS,yfinance_data_gap,False
Electronics & Semiconductors,Electronics (General),India,BSE,532362,Nagpur Power and Industries Limited (BSE:532362),IN,,,,,,,UNVERIFIED,532362.NS,yfinance_data_gap,False
Electronics & Semiconductors,Telecom. Equipment,India,BSE,504112,Nelco Limited (BSE:504112),IN,,,,,,,UNVERIFIED,504112.NS,yfinance_data_gap,False
Electronics & Semiconductors,Electronics (General),India,NSEI,NITIRAJ,Nitiraj Engineers Limited (NSEI:NITIRAJ),IN,8838.0,False,-8.50260092645746,0.022850001,0.01284,-0.638,PROFITABLE,NITIRAJ.NS,,False
Electronics & Semiconductors,Electronics (General),India,NSEI,OSELDEVICE,Osel Devices Limited (NSEI:OSELDEVICE),IN,,,,,,,UNVERIFIED,OSELDEVICE.NS,yfinance_data_gap,False
Electronics & Semiconductors,Computers/Peripherals,India,BSE,517119,PCS Technology Limited (BSE:517119),IN,,,,,,,UNVERIFIED,517119.NS,yfinance_data_gap,False
Electronics & Semiconductors,Electronics (General),India,BSE,533581,PG Electroplast Limited (BSE:533581),IN,,,,,,,UNVERIFIED,533581.NS,yfinance_data_gap,False
Electronics & Semiconductors,Computers/Peripherals,India,NSEI,PANACHE,Panache Digilife Limited (NSEI:PANACHE),IN,61384.0,False,,0.072340004,,0.745,UNVERIFIED,PANACHE.NS,yfinance_data_gap,True
Electronics & Semiconductors,Telecom. Equipment,India,BSE,517258,Precision Electronics Limited (BSE:517258),IN,,,,,,,UNVERIFIED,517258.NS,yfinance_data_gap,False
Electronics & Semiconductors,Electronics (Consumer & Office),India,NSEI,PRIZOR,Prizor Viztech Limited (NSEI:PRIZOR),IN,,,,,,,UNVERIFIED,PRIZOR.NS,yfinance_data_gap,False
Electronics & Semiconductors,Electronics (Consumer & Office),India,NSEI,PULZ,Pulz Electronics Limited (NSEI:PULZ),IN,,,,,,,UNVERIFIED,PULZ.NS,yfinance_data_gap,False
Electronics & Semiconductors,Telecom. Equipment,India,BSE,500346,Punjab Communications Limited (BSE:500346),IN,,,,,,,UNVERIFIED,500346.NS,yfinance_data_gap,False
Electronics & Semiconductors,Telecom. Equipment,India,BSE,544627,Purple Wave Infocom Limited (BSE:544627),IN,,,,,,,UNVERIFIED,544627.NS,yfinance_data_gap,False
Electronics & Semiconductors,Electronics (General),India,BSE,541945,Ranjeet Mechatronics Limited (BSE:541945),IN,,,,,,,UNVERIFIED,541945.NS,yfinance_data_gap,False
Electronics & Semiconductors,Electronics (General),India,BSE,517393,Reganto Enterprises Limited (BSE:517393),IN,,,,,,,UNVERIFIED,517393.NS,yfinance_data_gap,False
Electronics & Semiconductors,Electronics (General),India,NSEI,RICHA,Richa Info Systems Limited (NSEI:RICHA),IN,,,,,,,UNVERIFIED,RICHA.NS,yfinance_data_gap,False
Electronics & Semiconductors,Semiconductor,India,BSE,517035,Rir Power Electronics Limited (BSE:517035),IN,,,,,,,UNVERIFIED,517035.NS,yfinance_data_gap,False
Electronics & Semiconductors,Electronics (General),India,NSEI,RISHABH,Rishabh Instruments Limited (NSEI:RISHABH),IN,787278.0,True,,0.105179995,0.12069,0.093,PROFITABLE,RISHABH.NS,,False
Electronics & Semiconductors,Semiconductor,India,BSE,504346,Rrp Semiconductor Limited (BSE:504346),IN,,,,,,,UNVERIFIED,504346.NS,yfinance_data_gap,False
Electronics & Semiconductors,Semiconductor,India,BSE,517166,SPEL Semiconductor Limited (BSE:517166),IN,,,,,,,UNVERIFIED,517166.NS,yfinance_data_gap,False
Electronics & Semiconductors,Semiconductor,India,NSEI,SAATVIKGL,Saatvik Green Energy Limited (NSEI:SAATVIKGL),IN,480241.0,False,,0.07856,0.42051,0.749,PROFITABLE,SAATVIKGL.NS,,True
Electronics & Semiconductors,Electronics (General),India,NSEI,SAHASRA,Sahasra Electronic Solutions Limited (NSEI:SAHASRA),IN,,,,,,,UNVERIFIED,SAHASRA.NS,yfinance_data_gap,False
Electronics & Semiconductors,Computers/Peripherals,India,NSEI,STYL,Seshaasai Technologies Limited (NSEI:STYL),IN,367251.0,False,,0.17489,,0.211,UNVERIFIED,STYL.NS,yfinance_data_gap,True
Electronics & Semiconductors,Electronics (Consumer & Office),India,BSE,523449,Sharp India Limited (BSE:523449),IN,,,,,,,UNVERIFIED,523449.NS,yfinance_data_gap,False
Electronics & Semiconductors,Electronics (General),India,BSE,531201,Shilchar Technologies Limited (BSE:531201),IN,,,,,,,UNVERIFIED,531201.NS,yfinance_data_gap,False
Electronics & Semiconductors,Telecom. Equipment,India,NSEI,SMARTLINK,Smartlink Holdings Limited (NSEI:SMARTLINK),IN,12914.0,True,12.34138608771602,0.0557,,0.619,UNVERIFIED,SMARTLINK.NS,yfinance_data_gap,True
Electronics & Semiconductors,Semiconductor,India,NSEI,SOLEX,Solex Energy Limited (NSEI:SOLEX),IN,455248.0,False,,0.05933,0.47055998,2.481,PROFITABLE,SOLEX.NS,,True
Electronics & Semiconductors,Electronics (General),India,BSE,531370,Sparc Electrex Limited (BSE:531370),IN,,,,,,,UNVERIFIED,531370.NS,yfinance_data_gap,False
Electronics & Semiconductors,Telecom. Equipment,India,BSE,532374,Sterlite Technologies Limited (BSE:532374),IN,,,,,,,UNVERIFIED,532374.NS,yfinance_data_gap,False
Electronics & Semiconductors,Semiconductor,India,BSE,533298,Surana Solar Limited (BSE:533298),IN,,,,,,,UNVERIFIED,533298.NS,yfinance_data_gap,False
Electronics & Semiconductors,Computers/Peripherals,India,NSEI,TVSELECT,TVS Electronics Limited (NSEI:TVSELECT),IN,319649.0,False,,0.0027700001,0.01324,0.024,PROFITABLE,TVSELECT.NS,,False
Electronics & Semiconductors,Telecom. Equipment,India,BSE,523419,Tamilnadu Telecommunications Limited (BSE:523419),IN,,,,,,,UNVERIFIED,523419.NS,yfinance_data_gap,False
Electronics & Semiconductors,Telecom. Equipment,India,BSE,532975,Telogica Limited (BSE:532975),IN,,,,,,,UNVERIFIED,532975.NS,yfinance_data_gap,False
Electronics & Semiconductors,Electronics (General),India,BSE,509015,Thakral Services (India) Limited (BSE:509015),IN,,,,,,,UNVERIFIED,509015.NS,yfinance_data_gap,False
Electronics & Semiconductors,Telecom. Equipment,India,NSEI,UMIYA-MRO,Umiya Buildcon Limited (NSEI:UMIYA-MRO),IN,14121.0,True,31.731597251656616,0.118190005,,0.273,UNVERIFIED,UMIYA-MRO.NS,yfinance_data_gap,True
Electronics & Semiconductors,Semiconductor,India,BSE,526987,Urja Global Limited (BSE:526987),IN,,,,,,,UNVERIFIED,526987.NS,yfinance_data_gap,False
Electronics & Semiconductors,Electronics (General),India,BSE,536672,VCU Data Management Limited (BSE:536672),IN,,,,,,,UNVERIFIED,536672.NS,yfinance_data_gap,False
Electronics & Semiconductors,Computers/Peripherals,India,BSE,517399,VXL Instruments Limited (BSE:517399),IN,,,,,,,UNVERIFIED,517399.NS,yfinance_data_gap,False
Electronics & Semiconductors,Telecom. Equipment,India,BSE,526775,Valiant Communications Limited (BSE:526775),IN,,,,,,,UNVERIFIED,526775.NS,yfinance_data_gap,False
Electronics & Semiconductors,Semiconductor,India,NSEI,VIKRAMSOLR,Vikram Solar Limited (NSEI:VIKRAMSOLR),IN,6766812.0,False,,0.06821,,0.379,UNVERIFIED,VIKRAMSOLR.NS,yfinance_data_gap,True
Electronics & Semiconductors,Electronics (General),India,NSEI,VINYAS,Vinyas Innovative Technologies Limited (NSEI:VINYAS),IN,,,,,,,UNVERIFIED,VINYAS.NS,yfinance_data_gap,False
Electronics & Semiconductors,Computers/Peripherals,India,BSE,532354,Virgo Global Limited (BSE:532354),IN,,,,,,,UNVERIFIED,532354.NS,yfinance_data_gap,False
Electronics & Semiconductors,Computers/Peripherals,India,NSEI,WOL3D,WOL 3D India Limited (NSEI:WOL3D),IN,,,,,,,UNVERIFIED,WOL3D.NS,yfinance_data_gap,False
Electronics & Semiconductors,Semiconductor,India,NSEI,WAAREEENER,Waaree Energies Limited (NSEI:WAAREEENER),IN,22739257.0,False,-1.4051522248243575,0.12703,,0.792,UNVERIFIED,WAAREEENER.NS,yfinance_data_gap,True
Electronics & Semiconductors,Semiconductor,India,BSE,517498,Websol Energy System Limited (BSE:517498),IN,,,,,,,UNVERIFIED,517498.NS,yfinance_data_gap,False
Electronics & Semiconductors,Electronics (General),India,NSEI,WEL,Wonder Electricals Limited (NSEI:WEL),IN,96429.0,False,-41.413329393623734,0.01392,0.08762,-0.192,PROFITABLE,WEL.NS,,False
Electronics & Semiconductors,Telecom. Equipment,Indonesia,IDX,CCSI,PT Communication Cable Systems Indonesia Tbk (IDX:CCSI),,,,,0.00224,0.00105,-0.029,PROFITABLE,CCSI.JK,,False
Electronics & Semiconductors,Computers/Peripherals,Indonesia,IDX,CHIP,PT Pelita Teknologi Global Tbk (IDX:CHIP),,,,,0.03776,0.08455,0.346,PROFITABLE,CHIP.JK,,True
Electronics & Semiconductors,Electronics (General),Indonesia,IDX,PTSN,PT Sat Nusapersada Tbk (IDX:PTSN),,,,,0.05565,0.12694,1.081,PROFITABLE,PTSN.JK,,True
Electronics & Semiconductors,Computers/Peripherals,Indonesia,IDX,LUCK,PT Sentral Mitra Informatika Tbk (IDX:LUCK),,,,,-0.07517,,0.033,UNVERIFIED,LUCK.JK,yfinance_data_gap,False
Electronics & Semiconductors,Telecom. Equipment,Indonesia,IDX,IOTF,PT Sumber Sinergi Makmur Tbk (IDX:IOTF),,,,,0.0121,0.0053600003,0.324,PROFITABLE,IOTF.JK,,True
Electronics & Semiconductors,Electronics (General),Indonesia,IDX,TRON,PT Teknologi Karya Digital Nusa Tbk (IDX:TRON),,,,,-0.88302004,-0.15021,-0.481,NOT-PROFITABLE,TRON.JK,,False
Electronics & Semiconductors,Computers/Peripherals,Indonesia,IDX,AXIO,PT Tera Data Indonusa Tbk (IDX:AXIO),,,,,0.04359,0.13726,0.122,PROFITABLE,AXIO.JK,,True
Electronics & Semiconductors,Computers/Peripherals,Indonesia,IDX,ZYRX,PT Zyrexindo Mandiri Buana Tbk (IDX:ZYRX),,,,,0.01768,0.06843,-0.144,PROFITABLE,ZYRX.JK,,False
Electronics & Semiconductors,Electronics (General),Ireland,NasdaqCM,SMX,SMX (Security Matters) Public Limited Company (NasdaqCM:SMX),,,,,0.0,-5.53234,,NOT-PROFITABLE,SMX,,False
Electronics & Semiconductors,Electronics (General),Ireland,NYSE,TEL,TE Connectivity plc (NYSE:TEL),,,,,0.15609,0.23290001,0.138,PROFITABLE,TEL,,True
Electronics & Semiconductors,Electronics (General),Isle of Man,AIM,KETL,Strix Group Plc (AIM:KETL),,,,,0.58514,,-0.053,UNVERIFIED,KETL.L,yfinance_data_gap,False
Electronics & Semiconductors,Semiconductor Equip,Israel,TASE,ARTS,Airtouch Solar Ltd (TASE:ARTS),,,,,-0.21351999,-0.42623,-0.25,NOT-PROFITABLE,ARTS.TA,,False
Electronics & Semiconductors,Electronics (General),Israel,TASE,ARD,Arad Ltd. (TASE:ARD),,,,,0.07261,0.16804,0.084,PROFITABLE,ARD.TA,,False
Electronics & Semiconductors,Electronics (General),Israel,NasdaqCM,ARBE,Arbe Robotics Ltd. (NasdaqCM:ARBE),,,,,0.0,-0.8318,1.566,NOT-PROFITABLE,ARBE,,True
Electronics & Semiconductors,Telecom. Equipment,Israel,NasdaqGS,AUDC,AudioCodes Ltd. (NasdaqGS:AUDC),,,,,0.02834,0.04231,0.031,PROFITABLE,AUDC,,False
Electronics & Semiconductors,Telecom. Equipment,Israel,NasdaqCM,BOSC,B.O.S. Better Online Solutions Ltd. (NasdaqCM:BOSC),,,,,0.06446,0.11517999,-0.242,PROFITABLE,BOSC,,False
Electronics & Semiconductors,Telecom. Equipment,Israel,LSE,BVC,BATM Advanced Communications Ltd. (LSE:BVC),,,,,-0.14883,-0.16233999,0.075,NOT-PROFITABLE,BVC.L,,False
Electronics & Semiconductors,Computers/Peripherals,Israel,TASE,CLAB,C-Lab Ltd (TASE:CLAB),,,,,,,,UNVERIFIED,CLAB.TA,yfinance_data_gap,False
Electronics & Semiconductors,Semiconductor Equip,Israel,TASE,CISY,CI Systems (Israel) Ltd. (TASE:CISY),,,,,0.02066,0.03954,0.18,PROFITABLE,CISY.TA,,True
Electronics & Semiconductors,Semiconductor Equip,Israel,NasdaqGM,CAMT,Camtek Ltd. (NasdaqGM:CAMT),,,,,0.09629,0.07565,0.025,PROFITABLE,CAMT,,False
Electronics & Semiconductors,Telecom. Equipment,Israel,NasdaqGS,CRNT,Ceragon Networks Ltd. (NasdaqGS:CRNT),,,,,-0.00945,-0.01906,0.142,NOT-PROFITABLE,CRNT,,True
Electronics & Semiconductors,Electronics (General),Israel,ASX,DTZ,Dotz Nano Limited (ASX:DTZ),,,,,0.0,,,UNVERIFIED,DTZ.AX,yfinance_data_gap,False
Electronics & Semiconductors,Computers/Peripherals,Israel,OTCPK,DROR,"Dror Ortho-Design, Inc. (OTCPK:DROR)",,,,,0.0,,,UNVERIFIED,DROR,yfinance_data_gap,False
Electronics & Semiconductors,Electronics (General),Israel,TASE,EEAM-M,E.E.A.M.I Ltd (TASE:EEAM-M),,,,,,,,UNVERIFIED,EEAM-M.TA,yfinance_data_gap,False
Electronics & Semiconductors,Electronics (Consumer & Office),Israel,OTCPK,ESYL,Easylink Solutions Corp. (OTCPK:ESYL),,,,,-0.52588004,,,UNVERIFIED,ESYL,yfinance_data_gap,False
Electronics & Semiconductors,Electronics (General),Israel,NasdaqCM,ELTK,Eltek Ltd. (NasdaqCM:ELTK),,,,,-0.06123,-0.070539996,-0.182,NOT-PROFITABLE,ELTK,,False
Electronics & Semiconductors,Telecom. Equipment,Israel,AIM,ENET,Ethernity Networks Ltd. (AIM:ENET),,,,,0.0,-9.50611,-0.437,NOT-PROFITABLE,ENET.L,,False
Electronics & Semiconductors,Electronics (General),Israel,TASE,FGAS,Fire & Gas Detection Technologies Ltd (TASE:FGAS),,,,,0.00269,0.0073100002,0.481,PROFITABLE,FGAS.TA,,True
Electronics & Semiconductors,Electronics (General),Israel,NasdaqGM,GAUZ,Gauzy Ltd. (NasdaqGM:GAUZ),,,,,-0.39626,-0.9446,-0.178,NOT-PROFITABLE,GAUZ,,False
Electronics & Semiconductors,Telecom. Equipment,Israel,NasdaqGS,GILT,Gilat Satellite Networks Ltd. (NasdaqGS:GILT),,,,,0.06206,0.07036,0.169,PROFITABLE,GILT,,True
Electronics & Semiconductors,Electronics (General),Israel,TASE,HIPR,Hiper Global Ltd. (TASE:HIPR),,,,,0.05286,0.13845,0.137,PROFITABLE,HIPR.TA,,True
Electronics & Semiconductors,Electronics (General),Israel,OTCPK,IDTA,IDenta Corp. (OTCPK:IDTA),,,,,0.1129,0.2349,1.98,PROFITABLE,IDTA,,True
Electronics & Semiconductors,Electronics (General),Israel,NasdaqCM,INVZ,Innoviz Technologies Ltd. (NasdaqCM:INVZ),,,,,-1.53097,-1.14793,0.855,NOT-PROFITABLE,INVZ,,True
Electronics & Semiconductors,Electronics (General),Israel,TASE,ININ,Inter Industries Plus Ltd (TASE:ININ),,,,,-0.02316,-0.14622,0.066,NOT-PROFITABLE,ININ.TA,,False
Electronics & Semiconductors,Electronics (General),Israel,TASE,ICHO,Israel Canada Hotels Ltd (TASE:ICHO),,,,,0.0,,-0.106,UNVERIFIED,ICHO.TA,yfinance_data_gap,False
Electronics & Semiconductors,Telecom. Equipment,Israel,NasdaqGS,ITRN,Ituran Location and Control Ltd. (NasdaqGS:ITRN),,,,,0.1603,0.30265,0.188,PROFITABLE,ITRN,,True
Electronics & Semiconductors,Telecom. Equipment,Israel,TASE,JEEN,Jeen AI Technologies Ltd (TASE:JEEN),,,,,0.0,-1.70433,3.074,NOT-PROFITABLE,JEEN.TA,,True
Electronics & Semiconductors,Electronics (General),Israel,TASE,LUDT,Ludan-Tech Ltd. (TASE:LUDT),,,,,0.0,,,UNVERIFIED,LUDT.TA,yfinance_data_gap,False
Electronics & Semiconductors,Telecom. Equipment,Israel,AIM,MWE,M.T.I Wireless Edge Ltd. (AIM:MWE),,,,,0.10022,0.1583,0.062,PROFITABLE,MWE.L,,False
Electronics & Semiconductors,Electronics (General),Israel,NasdaqCM,MTEK,Maris-Tech Ltd. (NasdaqCM:MTEK),,,,,0.0,-1.6860299,-0.762,NOT-PROFITABLE,MTEK,,False
Electronics & Semiconductors,Semiconductor,Israel,OTCPK,MTLK,Metalink Ltd. (OTCPK:MTLK),,,,,0.0,0.044699997,,NOT-PROFITABLE,MTLK,,False
Electronics & Semiconductors,Telecom. Equipment,Israel,NasdaqCM,MOB,Mobilicom Limited (NasdaqCM:MOB),,,,,0.0,-3.6922102,0.39,NOT-PROFITABLE,MOB,,True
Electronics & Semiconductors,Electronics (General),Israel,TASE,NYAX,Nayax Ltd. (TASE:NYAX),,,,,0.01737,0.03523,0.282,PROFITABLE,NYAX.TA,,True
Electronics & Semiconductors,Electronics (General),Israel,TASE,NXSN,"NextVision Stabilized Systems, Ltd. (TASE:NXSN)",,,,,0.60554004,0.36773,1.377,PROFITABLE,NXSN.TA,,True
Electronics & Semiconductors,Semiconductor Equip,Israel,NasdaqGS,NVMI,Nova Ltd. (NasdaqGS:NVMI),,,,,0.2884,0.21110001,0.159,PROFITABLE,NVMI,,True
Electronics & Semiconductors,Electronics (General),Israel,TASE,ORTC,O.R.T. Technologies Ltd (TASE:ORTC),,,,,-2.28784,-0.1087,0.422,NOT-PROFITABLE,ORTC.TA,,True
Electronics & Semiconductors,Electronics (General),Israel,TASE,ORAD,Orad Ltd (TASE:ORAD),,,,,0.076630004,0.26936,0.19,PROFITABLE,ORAD.TA,,True
Electronics & Semiconductors,Electronics (General),Israel,TASE,PCBT,P.C.B. Technologies Ltd (TASE:PCBT),,,,,0.05742,0.12173,0.053,PROFITABLE,PCBT.TA,,False
Electronics & Semiconductors,Electronics (General),Israel,NasdaqCM,PRZO,ParaZero Technologies Ltd. (NasdaqCM:PRZO),,,,,0.0,-3.80466,0.06,NOT-PROFITABLE,PRZO,,False
Electronics & Semiconductors,Electronics (General),Israel,ENXTBR,PAY,Payton Planar Magnetics Ltd. (ENXTBR:PAY),,,,,0.20419,0.11715,-0.085,PROFITABLE,PAY.BR,,False
Electronics & Semiconductors,Electronics (General),Israel,TASE,PRTC,Priortech Ltd (TASE:PRTC),,,,,47.22017,0.17438,0.189,PROFITABLE,PRTC.TA,,True
Electronics & Semiconductors,Semiconductor Equip,Israel,TASE,QLTU,Qualitau Ltd (TASE:QLTU),,,,,0.29769,0.20226999,0.148,PROFITABLE,QLTU.TA,,True
Electronics & Semiconductors,Electronics (General),Israel,TASE,RPOL,RP Optical Lab Ltd (TASE:RPOL),,,,,0.18042,,0.543,UNVERIFIED,RPOL.TA,yfinance_data_gap,True
Electronics & Semiconductors,Electronics (General),Israel,NasdaqCM,RVSN,Rail Vision Ltd. (NasdaqCM:RVSN),,,,,0.0,-0.58366,1.319,NOT-PROFITABLE,RVSN,,True
Electronics & Semiconductors,Electronics (General),Israel,TASE,SVRE-L,SaverOne 2014 Ltd. (TASE:SVRE-L),,,,,0.0,-2.57448,-0.783,NOT-PROFITABLE,SVRE-L.TA,,False
Electronics & Semiconductors,Telecom. Equipment,Israel,NasdaqGS,SILC,Silicom Ltd. (NasdaqGS:SILC),,,,,-0.12979999,-0.082770005,0.585,NOT-PROFITABLE,SILC,,True
Electronics & Semiconductors,Semiconductor Equip,Israel,NasdaqGS,SEDG,"SolarEdge Technologies, Inc. (NasdaqGS:SEDG)",,,,,-0.20289,-0.58424,0.196,NOT-PROFITABLE,SEDG,,True
Electronics & Semiconductors,Semiconductor,Israel,TASE,SLRM,Solrom Holdings Ltd (TASE:SLRM),,,,,0.12967,0.12291,-0.171,PROFITABLE,SLRM.TA,,False
Electronics & Semiconductors,Electronics (General),Israel,NasdaqCM,SPCB,SuperCom Ltd. (NasdaqCM:SPCB),,,,,0.0298,0.02111,0.08,PROFITABLE,SPCB,,False
Electronics & Semiconductors,Electronics (General),Israel,TASE,TEDE,Tedea Technological Development and Automation Ltd. (TASE:TEDE),,,,,-1.07443,-2.75269,,NOT-PROFITABLE,TEDE.TA,,False
Electronics & Semiconductors,Electronics (General),Israel,TASE,TNDO,Tondo Smart Ltd (TASE:TNDO),,,,,-0.20737,,0.23,UNVERIFIED,TNDO.TA,yfinance_data_gap,True
Electronics & Semiconductors,Semiconductor,Israel,NasdaqGS,TSEM,Tower Semiconductor Ltd. (NasdaqGS:TSEM),,,,,0.16939,0.09979,0.237,PROFITABLE,TSEM,,True
Electronics & Semiconductors,Electronics (General),Israel,TASE,UNIT,"Unitronics (1989) (R""G) Ltd (TASE:UNIT)",,,,,0.13764,0.23361999,-0.038,PROFITABLE,UNIT.TA,,False
Electronics & Semiconductors,Semiconductor,Israel,NYSE,VLN,Valens Semiconductor Ltd. (NYSE:VLN),,,,,-0.44674,-0.27586,0.002,NOT-PROFITABLE,VLN,,False
Electronics & Semiconductors,Computers/Peripherals,Israel,NasdaqCM,WLDS,Wearable Devices Ltd. (NasdaqCM:WLDS),,,,,0.0,-0.72342,1.758,NOT-PROFITABLE,WLDS,,True
Electronics & Semiconductors,Electronics (Consumer & Office),Italy,BIT,BEC,B&C Speakers S.p.A. (BIT:BEC),,,,,0.10049,0.17013,-0.038,PROFITABLE,BEC.MI,,False
Electronics & Semiconductors,Electronics (General),Italy,BIT,BRM,Braga Moro Sistemi di Energia S.p.A. (BIT:BRM),,,,,0.01752,0.09125,0.24,PROFITABLE,BRM.MI,,True
Electronics & Semiconductors,Computers/Peripherals,Italy,BIT,CELL,Cellularline S.p.A. (BIT:CELL),,,,,-0.22809,-0.30597,0.0,NOT-PROFITABLE,CELL.MI,,False
Electronics & Semiconductors,Electronics (General),Italy,BIT,DAL,Datalogic S.p.A. (BIT:DAL),,,,,0.01071,0.012949999,-0.001,PROFITABLE,DAL.MI,,False
Electronics & Semiconductors,Semiconductor Equip,Italy,BIT,ELES,ELES Semiconductor Equipment S.p.A. (BIT:ELES),,,,,,,,UNVERIFIED,ELES.MI,yfinance_data_gap,False
Electronics & Semiconductors,Electronics (General),Italy,BIT,ELB,EdgeLab S.p.A. (BIT:ELB),,,,,0.0,-0.17737,-0.886,NOT-PROFITABLE,ELB.MI,,False
Electronics & Semiconductors,Computers/Peripherals,Italy,BIT,ETH,Eurotech S.p.A. (BIT:ETH),,,,,-0.11882,-0.115389995,0.293,NOT-PROFITABLE,ETH.MI,,True
Electronics & Semiconductors,Electronics (General),Italy,BIT,FAE,FAE Technology S.p.A. (BIT:FAE),,,,,0.02327,0.05192,0.23,PROFITABLE,FAE.MI,,True
Electronics & Semiconductors,Electronics (General),Italy,BIT,GE,Gefran S.p.A. (BIT:GE),,,,,0.06984,0.099530004,0.052,PROFITABLE,GE.MI,,False
Electronics & Semiconductors,Computers/Peripherals,Italy,BIT,MFT,Matica Fintec S.p.A. (BIT:MFT),,,,,0.0197,0.02253,1.952,PROFITABLE,MFT.MI,,True
Electronics & Semiconductors,Computers/Peripherals,Italy,BIT,OLI,Olidata S.p.A. (BIT:OLI),,,,,0.0030399999,0.01908,0.54,PROFITABLE,OLI.MI,,True
Electronics & Semiconductors,Semiconductor Equip,Italy,BIT,OPS,Ops Italia S.p.A. (BIT:OPS),,,,,-1.3340499,-3.7017002,4.272,NOT-PROFITABLE,OPS.MI,,True
Electronics & Semiconductors,Electronics (Consumer & Office),Italy,BIT,PWS,Powersoft S.p.A. (BIT:PWS),,,,,0.10584,0.24440001,0.514,PROFITABLE,PWS.MI,,True
Electronics & Semiconductors,Electronics (General),Italy,BIT,SIT,SIT S.p.A. (BIT:SIT),,,,,0.0076599997,0.028369999,-0.063,PROFITABLE,SIT.MI,,False
Electronics & Semiconductors,Computers/Peripherals,Italy,BIT,IOT,Seco S.p.A. (BIT:IOT),,,,,-0.00364,0.00746,0.03,NOT-PROFITABLE,IOT.MI,,False
Electronics & Semiconductors,Semiconductor Equip,Italy,BIT,TPRO,Technoprobe S.p.A. (BIT:TPRO),,,,,0.26909,0.15774,0.424,PROFITABLE,TPRO.MI,,True
Electronics & Semiconductors,Computers/Peripherals,Italy,BIT,VNE,VNE S.p.A. (BIT:VNE),,,,,0.032449998,0.03944,0.465,PROFITABLE,VNE.MI,,True
Electronics & Semiconductors,Electronics (General),Japan,TSE,7745,"A&D HOLON Holdings Company, Limited (TSE:7745)",JP,,,,0.0804,0.119940005,-0.012,PROFITABLE,7745.T,,False
Electronics & Semiconductors,Electronics (General),Japan,TSE,6232,ACSL Ltd. (TSE:6232),JP,,,,-0.56399,-0.81307,-0.115,NOT-PROFITABLE,6232.T,,False
Electronics & Semiconductors,Semiconductor Equip,Japan,TSE,6227,"AIMECHATEC, Ltd. (TSE:6227)",JP,,,,0.101009995,0.28088,-0.002,PROFITABLE,6227.T,,False
Electronics & Semiconductors,Computers/Peripherals,Japan,TSE,6840,"AKIBA Holdings Co.,Ltd. (TSE:6840)",JP,,,,0.03297,0.22138001,0.637,PROFITABLE,6840.T,,True
Electronics & Semiconductors,Semiconductor,Japan,TSE,6832,"AOI Electronics Co., Ltd. (TSE:6832)",JP,,,,0.0057800002,0.0053600003,0.176,PROFITABLE,6832.T,,True
Electronics & Semiconductors,Semiconductor,Japan,TSE,7836,"AVIX,Inc. (TSE:7836)",JP,,,,0.0431,0.12641,0.331,PROFITABLE,7836.T,,True
Electronics & Semiconductors,Semiconductor,Japan,TSE,6730,AXELL Corporation (TSE:6730),JP,,,,0.077800006,0.0885,0.162,PROFITABLE,6730.T,,True
Electronics & Semiconductors,Semiconductor,Japan,TSE,3856,Abalance Corporation (TSE:3856),JP,,,,0.01313,,,UNVERIFIED,3856.T,yfinance_data_gap,False
Electronics & Semiconductors,Electronics (General),Japan,TSE,6668,"Adtec Plasma Technology Co., Ltd. (TSE:6668)",JP,,,,0.15982,0.13474,-0.095,PROFITABLE,6668.T,,False
Electronics & Semiconductors,Semiconductor Equip,Japan,TSE,6857,Advantest Corporation (TSE:6857),JP,,,,0.37325,0.56895,0.393,PROFITABLE,6857.T,,True
Electronics & Semiconductors,Electronics (General),Japan,TSE,3076,Ai Holdings Corporation (TSE:3076),JP,,,,0.17001,0.123859994,0.313,PROFITABLE,3076.T,,True
Electronics & Semiconductors,Electronics (General),Japan,TSE,7723,"Aichi Tokei Denki Co., Ltd. (TSE:7723)",JP,,,,0.06005,0.07417,0.101,PROFITABLE,7723.T,,True
Electronics & Semiconductors,Telecom. Equipment,Japan,TSE,6718,"Aiphone Co.,Ltd. (TSE:6718)",JP,,,,0.0,0.04518,-0.049,NOT-PROFITABLE,6718.T,,False
Electronics & Semiconductors,Telecom. Equipment,Japan,TSE,6835,Allied Telesis Holdings K.K. (TSE:6835),JP,,,,0.06796,0.17041,0.023,PROFITABLE,6835.T,,False
Electronics & Semiconductors,Electronics (General),Japan,TSE,7859,Almedio Inc. (TSE:7859),JP,,,,-0.20517999,-0.06062,-0.085,NOT-PROFITABLE,7859.T,,False
Electronics & Semiconductors,Electronics (General),Japan,TSE,6770,"Alps Alpine Co., Ltd. (TSE:6770)",JP,,,,0.02564,0.06243,-0.004,PROFITABLE,6770.T,,False
Electronics & Semiconductors,Electronics (General),Japan,TSE,6436,Amano Corporation (TSE:6436),JP,,,,0.111169994,0.15394,-0.001,PROFITABLE,6436.T,,False
Electronics & Semiconductors,Electronics (General),Japan,TSE,6754,Anritsu Corporation (TSE:6754),JP,,,,0.11374,0.11332,0.38,PROFITABLE,6754.T,,True
Electronics & Semiconductors,Electronics (General),Japan,TSE,5208,"Arisawa Mfg. Co., Ltd. (TSE:5208)",JP,,,,0.086789995,0.10741,0.253,PROFITABLE,5208.T,,True
Electronics & Semiconductors,Telecom. Equipment,Japan,TSE,6778,"Artiza Networks, Inc. (TSE:6778)",JP,,,,0.090270005,0.03292,-0.233,PROFITABLE,6778.T,,False
Electronics & Semiconductors,Electronics (General),Japan,TSE,6522,Asterisk Inc. (TSE:6522),JP,,,,-0.083459996,-0.06825,-0.014,NOT-PROFITABLE,6522.T,,False
Electronics & Semiconductors,Semiconductor Equip,Japan,TSE,6918,Aval Data Corporation (TSE:6918),JP,,,,0.086689994,0.068969995,-0.134,PROFITABLE,6918.T,,False
Electronics & Semiconductors,Electronics (General),Japan,TSE,6845,Azbil Corporation (TSE:6845),JP,,,,0.12871,0.16804,0.026,PROFITABLE,6845.T,,False
Electronics & Semiconductors,Computers/Peripherals,Japan,TSE,6448,"Brother Industries, Ltd. (TSE:6448)",JP,,,,0.113350004,0.123900004,0.189,PROFITABLE,6448.T,,True
Electronics & Semiconductors,Computers/Peripherals,Japan,TSE,6676,Buffalo Inc. (TSE:6676),JP,,,,0.06953,0.18231001,-0.161,PROFITABLE,6676.T,,False
Electronics & Semiconductors,Electronics (General),Japan,TSE,6958,CMK Corporation (TSE:6958),JP,,,,0.0363,0.049429998,0.194,PROFITABLE,6958.T,,True
Electronics & Semiconductors,Electronics (General),Japan,TSE,7739,Canon Electronics Inc. (TSE:7739),JP,,,,,,,UNVERIFIED,7739.T,yfinance_data_gap,False
Electronics & Semiconductors,Computers/Peripherals,Japan,TSE,7751,Canon Inc. (TSE:7751),JP,,,,0.07389,0.10371,0.036,PROFITABLE,7751.T,,False
Electronics & Semiconductors,Electronics (Consumer & Office),Japan,TSE,6952,"Casio Computer Co.,Ltd. (TSE:6952)",JP,,,,0.08276,0.10542,0.198,PROFITABLE,6952.T,,True
Electronics & Semiconductors,Electronics (General),Japan,TSE,6850,Chino Corporation (TSE:6850),JP,,,,0.06653,,-0.091,UNVERIFIED,6850.T,yfinance_data_gap,False
Electronics & Semiconductors,Electronics (General),Japan,TSE,7762,"Citizen Watch Co., Ltd. (TSE:7762)",JP,,,,0.08967,0.11017,0.193,PROFITABLE,7762.T,,True
Electronics & Semiconductors,Electronics (General),Japan,TSE,4240,"Cluster Technology Co.,Ltd. (TSE:4240)",JP,,,,0.09623,0.07342,0.054,PROFITABLE,4240.T,,False
Electronics & Semiconductors,Telecom. Equipment,Japan,TSE,6706,"DKK Co., Ltd. (TSE:6706)",JP,,,,0.09262,0.09441,0.251,PROFITABLE,6706.T,,True
Electronics & Semiconductors,Electronics (General),Japan,TSE,6743,"Daido Signal Co., Ltd. (TSE:6743)",JP,,,,0.07216,0.06624,0.116,PROFITABLE,6743.T,,True
Electronics & Semiconductors,Electronics (General),Japan,TSE,6962,Daishinku Corp. (TSE:6962),JP,,,,0.0,,0.128,UNVERIFIED,6962.T,yfinance_data_gap,True
Electronics & Semiconductors,Electronics (General),Japan,TSE,4980,Dexerials Corporation (TSE:4980),JP,,,,0.24971001,,0.04,UNVERIFIED,4980.T,yfinance_data_gap,False
Electronics & Semiconductors,Electronics (General),Japan,TSE,6635,"Di-Nikko Engineering Co., Ltd. (TSE:6635)",JP,,,,0.0073100002,0.04553,0.076,PROFITABLE,6635.T,,False
Electronics & Semiconductors,Semiconductor,Japan,TSE,3652,Digital Media Professionals Inc. (TSE:3652),JP,,,,0.11163,0.049590003,0.125,PROFITABLE,3652.T,,True
Electronics & Semiconductors,Semiconductor Equip,Japan,TSE,6146,Disco Corporation (TSE:6146),JP,,,,0.31645,0.27376,0.271,PROFITABLE,6146.T,,True
Electronics & Semiconductors,Electronics (General),Japan,TSE,6848,Dkk-Toa Corporation (TSE:6848),JP,,,,0.05032,0.04002,0.041,PROFITABLE,6848.T,,False
Electronics & Semiconductors,Semiconductor Equip,Japan,TSE,7794,EDP Corporation (TSE:7794),JP,,,,0.0,-0.94189,0.06,NOT-PROFITABLE,7794.T,,False
Electronics & Semiconductors,Computers/Peripherals,Japan,TSE,6737,EIZO Corporation (TSE:6737),JP,,,,0.09799,0.05106,0.155,PROFITABLE,6737.T,,True
Electronics & Semiconductors,Computers/Peripherals,Japan,TSE,6599,"Ebrains, Inc. (TSE:6599)",JP,,,,0.09116,0.07362,0.118,PROFITABLE,6599.T,,True
Electronics & Semiconductors,Computers/Peripherals,Japan,TSE,6750,"Elecom Co., Ltd. (TSE:6750)",JP,,,,0.15281,0.21157,0.202,PROFITABLE,6750.T,,True
Electronics & Semiconductors,Electronics (General),Japan,TSE,6928,"Enomoto Co.,Ltd. (TSE:6928)",JP,,,,0.04047,0.05456,0.223,PROFITABLE,6928.T,,True
Electronics & Semiconductors,Electronics (General),Japan,TSE,6961,Enplas Corporation (TSE:6961),JP,,,,0.14428,0.1122,0.397,PROFITABLE,6961.T,,True
Electronics & Semiconductors,Electronics (General),Japan,TSE,6859,Espec Corp. (TSE:6859),JP,,,,0.08274,0.10288,0.13,PROFITABLE,6859.T,,True
Electronics & Semiconductors,Computers/Peripherals,Japan,TSE,4901,FUJIFILM Holdings Corporation (TSE:4901),JP,,,,0.075830005,0.07145,0.103,PROFITABLE,4901.T,,True
Electronics & Semiconductors,Electronics (General),Japan,TSE,6870,"Fenwal Controls of Japan, Ltd. (TSE:6870)",JP,,,,0.065809995,0.06033,0.08,PROFITABLE,6870.T,,False
Electronics & Semiconductors,Semiconductor Equip,Japan,TSE,6890,Ferrotec Corporation (TSE:6890),JP,,,,0.05152,0.05375,0.073,PROFITABLE,6890.T,,False
Electronics & Semiconductors,Electronics (Consumer & Office),Japan,TSE,6794,"Foster Electric Company, Limited (TSE:6794)",JP,,,,0.02605,0.07052,0.092,PROFITABLE,6794.T,,False
Electronics & Semiconductors,Electronics (General),Japan,TSE,4237,Fujipream Corporation (TSE:4237),JP,,,,-0.28355,-0.26026,0.033,NOT-PROFITABLE,4237.T,,False
Electronics & Semiconductors,Electronics (General),Japan,TSE,6814,"Furuno Electric Co., Ltd. (TSE:6814)",JP,,,,0.122659996,0.21969,0.218,PROFITABLE,6814.T,,True
Electronics & Semiconductors,Electronics (General),Japan,TSE,7826,"Furuya Metal Co., Ltd. (TSE:7826)",JP,,,,0.05371,0.05692,0.533,PROFITABLE,7826.T,,True
Electronics & Semiconductors,Telecom. Equipment,Japan,TSE,4392,"Future Innovation Group, Inc. (TSE:4392)",JP,,,,0.022739999,,0.192,UNVERIFIED,4392.T,yfinance_data_gap,True
Electronics & Semiconductors,Electronics (General),Japan,TSE,6907,"GEOMATEC Co., Ltd. (TSE:6907)",JP,,,,0.00364,0.0022,0.038,PROFITABLE,6907.T,,False
Electronics & Semiconductors,Semiconductor Equip,Japan,TSE,255A,"Gltechno Holdings, Inc. (TSE:255A)",JP,,,,0.117989995,,0.152,UNVERIFIED,255A.T,yfinance_data_gap,True
Electronics & Semiconductors,Electronics (General),Japan,TSE,6856,"HORIBA, Ltd. (TSE:6856)",JP,,,,0.118240006,0.12679,0.237,PROFITABLE,6856.T,,True
Electronics & Semiconductors,Computers/Peripherals,Japan,TSE,6597,HPC SYSTEMS Inc. (TSE:6597),JP,,,,0.06808,0.21172,0.217,PROFITABLE,6597.T,,True
Electronics & Semiconductors,Electronics (General),Japan,TSE,6965,Hamamatsu Photonics K.K. (TSE:6965),JP,,,,0.07496,0.055180002,0.243,PROFITABLE,6965.T,,True
Electronics & Semiconductors,Electronics (General),Japan,TSE,6866,Hioki E.E. Corporation (TSE:6866),JP,,,,0.15847999,,0.311,UNVERIFIED,6866.T,yfinance_data_gap,True
Electronics & Semiconductors,Electronics (General),Japan,TSE,6806,"Hirose Electric Co.,Ltd. (TSE:6806)",JP,,,,0.14817001,0.08823,0.268,PROFITABLE,6806.T,,True
Electronics & Semiconductors,Electronics (General),Japan,TSE,6745,Hochiki Corporation (TSE:6745),JP,,,,0.090909995,0.15351,0.066,PROFITABLE,6745.T,,False
Electronics & Semiconductors,Electronics (General),Japan,TSE,6989,"Hokuriku Electric Industry Co.,Ltd. (TSE:6989)",JP,,,,0.04285,0.080010004,0.139,PROFITABLE,6989.T,,True
Electronics & Semiconductors,Electronics (General),Japan,TSE,6804,Hosiden Corporation (TSE:6804),JP,,,,0.04309,0.12652001,-0.157,PROFITABLE,6804.T,,False
Electronics & Semiconductors,Electronics (General),Japan,TSE,7760,IMV Corporation (TSE:7760),JP,,,,0.10138,0.17172001,0.245,PROFITABLE,7760.T,,True
Electronics & Semiconductors,Electronics (General),Japan,TSE,4062,"Ibiden Co.,Ltd. (TSE:4062)",JP,,,,0.1559,0.12655,0.264,PROFITABLE,4062.T,,True
Electronics & Semiconductors,Telecom. Equipment,Japan,TSE,6820,Icom Incorporated (TSE:6820),JP,,,,0.07211,0.03795,0.004,PROFITABLE,6820.T,,False
Electronics & Semiconductors,Electronics (General),Japan,TSE,6771,"Ikegami Tsushinki Co., Ltd. (TSE:6771)",JP,,,,0.0159,0.02705,0.439,PROFITABLE,6771.T,,True
Electronics & Semiconductors,Semiconductor Equip,Japan,TSE,7725,Inter Action Corporation (TSE:7725),JP,,,,0.10998,0.047020003,-0.179,PROFITABLE,7725.T,,False
Electronics & Semiconductors,Electronics (General),Japan,TSE,6908,"Iriso Electronics Co., Ltd. (TSE:6908)",JP,,,,0.05627,0.042480003,0.076,PROFITABLE,6908.T,,False
Electronics & Semiconductors,Semiconductor Equip,Japan,TSE,6336,"Ishii Hyoki Co., Ltd. (TSE:6336)",JP,,,,0.061750002,0.09786,0.123,PROFITABLE,6336.T,,True
Electronics & Semiconductors,Semiconductor Equip,Japan,TSE,6228,"J.E.T. Co., Ltd. (TSE:6228)",JP,,,,-0.15932,-0.2141,-0.275,NOT-PROFITABLE,6228.T,,False
Electronics & Semiconductors,Semiconductor Equip,Japan,TSE,6055,"JAPAN MATERIAL Co., Ltd. (TSE:6055)",JP,,,,0.19389,0.2027,0.205,PROFITABLE,6055.T,,True
Electronics & Semiconductors,Electronics (General),Japan,TSE,6951,JEOL Ltd. (TSE:6951),JP,,,,0.1232,0.15697,-0.179,PROFITABLE,6951.T,,False
Electronics & Semiconductors,Electronics (Consumer & Office),Japan,TSE,6632,JVCKENWOOD Corporation (TSE:6632),JP,,,,0.03921,0.10248,0.107,PROFITABLE,6632.T,,True
Electronics & Semiconductors,Electronics (General),Japan,TSE,6807,"Japan Aviation Electronics Industry, Limited (TSE:6807)",JP,,,,0.02791,0.04724,0.129,PROFITABLE,6807.T,,True
Electronics & Semiconductors,Electronics (General),Japan,TSE,6418,"Japan Cash Machine Co., Ltd. (TSE:6418)",JP,,,,0.18123,0.18313,0.351,PROFITABLE,6418.T,,True
Electronics & Semiconductors,Electronics (General),Japan,TSE,6740,Japan Display Inc. (TSE:6740),JP,,,,-0.024300002,,-0.263,UNVERIFIED,6740.T,yfinance_data_gap,False
Electronics & Semiconductors,Semiconductor Equip,Japan,TSE,6855,Japan Electronic Materials Corporation (TSE:6855),JP,,,,0.19756001,0.17809,0.773,PROFITABLE,6855.T,,True
Electronics & Semiconductors,Electronics (General),Japan,TSE,6977,"Japan Resistor Mfg. Co., Ltd. (TSE:6977)",JP,,,,-0.052600004,-0.15853,0.049,NOT-PROFITABLE,6977.T,,False
Electronics & Semiconductors,Electronics (General),Japan,TSE,6919,KEL Corporation (TSE:6919),JP,,,,0.01685,0.014939999,0.196,PROFITABLE,6919.T,,True
Electronics & Semiconductors,Electronics (General),Japan,TSE,6999,KOA Corporation (TSE:6999),JP,,,,0.06762,0.06106,0.24,PROFITABLE,6999.T,,True
Electronics & Semiconductors,Electronics (General),Japan,TSE,7709,KUBOTEK Corporation (TSE:7709),JP,,,,-0.15762,-2.10236,-0.654,NOT-PROFITABLE,7709.T,,False
Electronics & Semiconductors,Electronics (General),Japan,TSE,6861,Keyence Corporation (TSE:6861),JP,,,,0.39224,,0.328,UNVERIFIED,6861.T,yfinance_data_gap,True
Electronics & Semiconductors,Semiconductor,Japan,TSE,285A,Kioxia Holdings Corporation (TSE:285A),JP,,,,0.3664,0.87108004,4.155,PROFITABLE,285A.T,,True
Electronics & Semiconductors,Electronics (General),Japan,TSE,6524,"Kohoku Kogyo CO.,LTD. (TSE:6524)",JP,,,,0.23013,0.1972,0.269,PROFITABLE,6524.T,,True
Electronics & Semiconductors,Semiconductor Equip,Japan,TSE,6525,Kokusai Electric Corporation (TSE:6525),JP,,,,0.0,,0.456,UNVERIFIED,6525.T,yfinance_data_gap,True
Electronics & Semiconductors,Computers/Peripherals,Japan,TSE,4902,"Konica Minolta, Inc. (TSE:4902)",JP,,,,0.02809,0.065349996,0.029,PROFITABLE,4902.T,,False
Electronics & Semiconductors,Semiconductor Equip,Japan,TSE,5216,"Kuramoto Co., Ltd. (TSE:5216)",JP,,,,-1.96254,,1.656,UNVERIFIED,5216.T,yfinance_data_gap,True
Electronics & Semiconductors,Electronics (General),Japan,TSE,6971,Kyocera Corporation (TSE:6971),JP,,,,0.07764,0.05059,0.099,PROFITABLE,6971.T,,False
Electronics & Semiconductors,Electronics (General),Japan,TSE,6874,Kyoritsu Electric Corporation (TSE:6874),JP,,,,0.06013,0.11059,-0.049,PROFITABLE,6874.T,,False
Electronics & Semiconductors,Electronics (General),Japan,TSE,6742,"Kyosan Electric Manufacturing Co., Ltd. (TSE:6742)",JP,,,,0.06538,0.120220006,0.208,PROFITABLE,6742.T,,True
Electronics & Semiconductors,Electronics (General),Japan,TSE,6837,"Kyosha Co., Ltd. (TSE:6837)",JP,,,,0.00518,0.01289,0.062,PROFITABLE,6837.T,,False
Electronics & Semiconductors,Electronics (General),Japan,TSE,6853,"Kyowa Electronic Instruments Co., Ltd. (TSE:6853)",JP,,,,0.06072,0.0538,-0.05,PROFITABLE,6853.T,,False
Electronics & Semiconductors,Electronics (General),Japan,TSE,7213,LECIP Holdings Corporation (TSE:7213),JP,,,,0.08221,0.21172,0.736,PROFITABLE,7213.T,,True
Electronics & Semiconductors,Semiconductor Equip,Japan,TSE,6920,Lasertec Corporation (TSE:6920),JP,,,,0.33618,0.33929002,-0.263,PROFITABLE,6920.T,,False
Electronics & Semiconductors,Electronics (General),Japan,TSE,6867,Leader Electronics Corporation (TSE:6867),JP,,,,-0.02657,-0.0327,-0.195,NOT-PROFITABLE,6867.T,,False
Electronics & Semiconductors,Computers/Peripherals,Japan,TSE,6670,"MCJ Co., Ltd. (TSE:6670)",JP,,,,0.065349996,0.15442,0.035,PROFITABLE,6670.T,,False
Electronics & Semiconductors,Electronics (General),Japan,TSE,6862,MINATO HOLDINGS INC. (TSE:6862),JP,,,,0.05764,0.30134,0.956,PROFITABLE,6862.T,,True
Electronics & Semiconductors,Electronics (General),Japan,TSE,5344,"Maruwa Co.,Ltd. (TSE:5344)",JP,,,,0.24515,,0.117,UNVERIFIED,5344.T,yfinance_data_gap,True
Electronics & Semiconductors,Electronics (General),Japan,TSE,6969,"Matsuo Electric Co.,Ltd. (TSE:6969)",JP,,,,-0.081520006,-0.15672,-0.035,NOT-PROFITABLE,6969.T,,False
Electronics & Semiconductors,Electronics (General),Japan,TSE,6810,"Maxell, Ltd. (TSE:6810)",JP,,,,0.06625,0.09847999,0.244,PROFITABLE,6810.T,,True
Electronics & Semiconductors,Telecom. Equipment,Japan,TSE,6659,"Media Links Co.,Ltd. (TSE:6659)",JP,,,,-0.57399,-0.52714,0.208,NOT-PROFITABLE,6659.T,,True
Electronics & Semiconductors,Semiconductor,Japan,TSE,6875,MegaChips Corporation (TSE:6875),JP,,,,1.0860701,0.18413,0.564,PROFITABLE,6875.T,,True
Electronics & Semiconductors,Electronics (General),Japan,TSE,6787,"Meiko Electronics Co., Ltd. (TSE:6787)",JP,,,,0.07667,0.15284,0.38,PROFITABLE,6787.T,,True
Electronics & Semiconductors,Semiconductor Equip,Japan,TSE,6871,"Micronics Japan Co., Ltd. (TSE:6871)",JP,,,,0.19198999,0.24231,0.258,PROFITABLE,6871.T,,True
Electronics & Semiconductors,Computers/Peripherals,Japan,TSE,6638,"Mimaki Engineering Co., Ltd. (TSE:6638)",JP,,,,0.0,,0.033,UNVERIFIED,6638.T,yfinance_data_gap,False
Electronics & Semiconductors,Semiconductor,Japan,TSE,4238,"Miraial Co., Ltd. (TSE:4238)",JP,,,,0.05198,0.03081,0.264,PROFITABLE,4238.T,,True
Electronics & Semiconductors,Semiconductor,Japan,TSE,6966,"Mitsui High-tec, Inc. (TSE:6966)",JP,,,,0.03,0.06084,0.132,PROFITABLE,6966.T,,True
Electronics & Semiconductors,Electronics (General),Japan,TSE,6981,"Murata Manufacturing Co., Ltd. (TSE:6981)",JP,,,,0.13854,0.10063,0.207,PROFITABLE,6981.T,,True
Electronics & Semiconductors,Computers/Peripherals,Japan,TSE,7999,"Mutoh Holdings Co., Ltd. (TSE:7999)",JP,,,,,,,UNVERIFIED,7999.T,yfinance_data_gap,False
Electronics & Semiconductors,Telecom. Equipment,Japan,TSE,6634,NCXX Group Inc. (TSE:6634),JP,,,,-0.24190001,-0.33912,0.255,NOT-PROFITABLE,6634.T,,True
Electronics & Semiconductors,Electronics (General),Japan,TSE,6864,NF Holdings Corporation (TSE:6864),JP,,,,0.08087,0.04709,-0.059,PROFITABLE,6864.T,,False
Electronics & Semiconductors,Semiconductor Equip,Japan,TSE,6255,NPC Incorporated (TSE:6255),JP,,,,0.11098,0.07807,-0.192,PROFITABLE,6255.T,,False
Electronics & Semiconductors,Electronics (General),Japan,TSE,7715,"Nagano Keiki Co., Ltd. (TSE:7715)",JP,,,,0.079730004,0.1182,-0.038,PROFITABLE,7715.T,,False
Electronics & Semiconductors,Electronics (General),Japan,TSE,6797,"Nagoya Electric Works Co., Ltd. (TSE:6797)",JP,,,,0.09285,0.07326,0.327,PROFITABLE,6797.T,,True
Electronics & Semiconductors,Semiconductor Equip,Japan,TSE,3374,Naigai Tec Corporation (TSE:3374),JP,,,,0.03487,0.10362001,0.6,PROFITABLE,3374.T,,True
Electronics & Semiconductors,Electronics (General),Japan,TSE,6824,"New Cosmos Electric Co.,Ltd. (TSE:6824)",JP,,,,0.103970006,0.105790004,0.054,PROFITABLE,6824.T,,False
Electronics & Semiconductors,Computers/Peripherals,Japan,TSE,6734,"Newtech Co.,Ltd. (TSE:6734)",JP,,,,,,,UNVERIFIED,6734.T,yfinance_data_gap,False
Electronics & Semiconductors,Telecom. Equipment,Japan,TSE,3842,"Nextgen,Inc. (TSE:3842)",JP,,,,0.06861,0.12762,0.152,PROFITABLE,3842.T,,True
Electronics & Semiconductors,Electronics (General),Japan,TSE,6996,Nichicon Corporation (TSE:6996),JP,,,,0.04343,0.06695,0.129,PROFITABLE,6996.T,,True
Electronics & Semiconductors,Electronics (General),Japan,TSE,6779,"Nihon Dempa Kogyo Co., Ltd. (TSE:6779)",JP,,,,0.04143,0.0764,0.205,PROFITABLE,6779.T,,True
Electronics & Semiconductors,Electronics (Consumer & Office),Japan,TSE,7731,Nikon Corporation (TSE:7731),JP,,,,-0.13798,-0.15223,0.038,NOT-PROFITABLE,7731.T,,False
Electronics & Semiconductors,Electronics (General),Japan,TSE,6946,"Nippon Avionics Co., Ltd. (TSE:6946)",JP,,,,0.14109,0.29246,0.649,PROFITABLE,6946.T,,True
Electronics & Semiconductors,Electronics (General),Japan,TSE,6929,"Nippon Ceramic Co., Ltd. (TSE:6929)",JP,,,,0.19934,0.112840004,0.013,PROFITABLE,6929.T,,False
Electronics & Semiconductors,Electronics (General),Japan,TSE,6997,Nippon Chemi-Con Corporation (TSE:6997),JP,,,,0.02369,0.06013,0.23,PROFITABLE,6997.T,,True
Electronics & Semiconductors,Electronics (General),Japan,TSE,5214,"Nippon Electric Glass Co., Ltd. (TSE:5214)",JP,,,,0.082600005,0.05456,0.03,PROFITABLE,5214.T,,False
Electronics & Semiconductors,Electronics (General),Japan,TSE,3891,Nippon Kodoshi Corporation (TSE:3891),JP,,,,0.16534,0.1294,0.303,PROFITABLE,3891.T,,True
Electronics & Semiconductors,Computers/Peripherals,Japan,TSE,2795,Nippon Primex Inc. (TSE:2795),JP,,,,0.07545,0.06728,0.162,PROFITABLE,2795.T,,True
Electronics & Semiconductors,Electronics (General),Japan,TSE,6741,"Nippon Signal Co., Ltd. (TSE:6741)",JP,,,,0.11305001,,0.304,UNVERIFIED,6741.T,yfinance_data_gap,True
Electronics & Semiconductors,Electronics (General),Japan,TSE,7915,"Nissha Co., Ltd. (TSE:7915)",JP,,,,0.01386,0.03286,1.137,PROFITABLE,7915.T,,True
Electronics & Semiconductors,Electronics (General),Japan,TSE,6744,Nohmi Bosai Ltd. (TSE:6744),JP,,,,0.09869,0.10836001,0.164,PROFITABLE,6744.T,,True
Electronics & Semiconductors,Electronics (General),Japan,TSE,6428,OIZUMI Corporation (TSE:6428),JP,,,,0.03554,0.044099998,0.292,PROFITABLE,6428.T,,True
Electronics & Semiconductors,Electronics (General),Japan,TSE,6645,OMRON Corporation (TSE:6645),JP,,,,0.042579997,0.05131,0.108,PROFITABLE,6645.T,,True
Electronics & Semiconductors,Electronics (General),Japan,TSE,6914,"OPTEX GROUP Company, Limited (TSE:6914)",JP,,,,0.10215,0.13075,0.213,PROFITABLE,6914.T,,True
Electronics & Semiconductors,Electronics (General),Japan,TSE,7727,OVAL Corporation (TSE:7727),JP,,,,0.07146,0.06767,-0.179,PROFITABLE,7727.T,,False
Electronics & Semiconductors,Electronics (General),Japan,TSE,6521,OXIDE Corporation (TSE:6521),JP,,,,-0.01857,-0.03946,0.227,NOT-PROFITABLE,6521.T,,True
Electronics & Semiconductors,Electronics (General),Japan,TSE,7314,"Odawara Auto-Machine Mfg. Co., Ltd. (TSE:7314)",JP,,,,0.02298,0.03297,-0.584,PROFITABLE,7314.T,,False
Electronics & Semiconductors,Electronics (General),Japan,TSE,5218,Ohara Inc. (TSE:5218),JP,,,,0.04721,0.02954,0.148,PROFITABLE,5218.T,,True
Electronics & Semiconductors,Telecom. Equipment,Japan,TSE,6822,"Oi Electric Co., Ltd. (TSE:6822)",JP,,,,0.03136,0.12358,0.288,PROFITABLE,6822.T,,True
Electronics & Semiconductors,Electronics (General),Japan,TSE,7746,"Okamoto Glass Co., Ltd. (TSE:7746)",JP,,,,-0.0253,-0.059159998,0.36,NOT-PROFITABLE,7746.T,,True
Electronics & Semiconductors,Electronics (General),Japan,TSE,6926,"Okaya Electric Industries Co., Ltd. (TSE:6926)",JP,,,,-0.14538,-0.24982001,0.222,NOT-PROFITABLE,6926.T,,True
Electronics & Semiconductors,Electronics (General),Japan,TSE,6703,"Oki Electric Industry Co., Ltd. (TSE:6703)",JP,,,,0.06058,0.16402,0.012,PROFITABLE,6703.T,,False
Electronics & Semiconductors,Electronics (General),Japan,TSE,6858,"Ono Sokki Co., Ltd. (TSE:6858)",JP,,,,0.05802,0.05617,0.24,PROFITABLE,6858.T,,True
Electronics & Semiconductors,Electronics (General),Japan,TSE,6664,"Optoelectronics Co., Ltd. (TSE:6664)",JP,,,,-0.07182,-0.07421,0.001,NOT-PROFITABLE,6664.T,,False
Electronics & Semiconductors,Semiconductor Equip,Japan,TSE,6235,"Optorun Co.,Ltd. (TSE:6235)",JP,,,,0.051220004,0.023359999,0.494,PROFITABLE,6235.T,,True
Electronics & Semiconductors,Electronics (General),Japan,TSE,6644,"Osaki Electric Co., Ltd. (TSE:6644)",JP,,,,0.064899996,0.11726,0.044,PROFITABLE,6644.T,,False
Electronics & Semiconductors,Electronics (Consumer & Office),Japan,TSE,6752,Panasonic Holdings Corporation (TSE:6752),JP,,,,0.030989999,0.0525,0.064,PROFITABLE,6752.T,,False
Electronics & Semiconductors,Computers/Peripherals,Japan,TSE,6731,Pixela Corporation (TSE:6731),JP,,,,-1.04418,-1.5097799,-0.015,NOT-PROFITABLE,6731.T,,False
Electronics & Semiconductors,Computers/Peripherals,Japan,TSE,6836,"Plat'Home Co., Ltd. (TSE:6836)",JP,,,,0.01695,,,UNVERIFIED,6836.T,yfinance_data_gap,False
Electronics & Semiconductors,Electronics (General),Japan,TSE,6894,"Pulstec Industrial Co., Ltd. (TSE:6894)",JP,,,,0.11289,0.07448,-0.139,PROFITABLE,6894.T,,False
Electronics & Semiconductors,Semiconductor,Japan,TSE,6613,"QD Laser, Inc. (TSE:6613)",JP,,,,0.0,-0.06293,0.384,NOT-PROFITABLE,6613.T,,True
Electronics & Semiconductors,Semiconductor,Japan,TSE,6963,"ROHM Co., Ltd. (TSE:6963)",JP,,,,-0.30435,,0.168,UNVERIFIED,6963.T,yfinance_data_gap,True
Electronics & Semiconductors,Semiconductor,Japan,TSE,3445,"RS Technologies Co., Ltd. (TSE:3445)",JP,,,,0.12149,0.08759,0.087,PROFITABLE,3445.T,,False
Electronics & Semiconductors,Semiconductor,Japan,TSE,6723,Renesas Electronics Corporation (TSE:6723),JP,,,,0.22947,0.13953,0.285,PROFITABLE,6723.T,,True
Electronics & Semiconductors,Computers/Peripherals,Japan,TSE,7752,"Ricoh Company, Ltd. (TSE:7752)",JP,,,,0.03127,0.07453,0.084,PROFITABLE,7752.T,,False
Electronics & Semiconductors,Electronics (General),Japan,TSE,268A,Rigaku Holdings Corporation (TSE:268A),JP,,,,0.09946,0.10712,0.074,PROFITABLE,268A.T,,False
Electronics & Semiconductors,Electronics (General),Japan,TSE,7734,"Riken Keiki Co., Ltd. (TSE:7734)",JP,,,,0.0,,0.122,UNVERIFIED,7734.T,yfinance_data_gap,True
Electronics & Semiconductors,Computers/Peripherals,Japan,TSE,6413,Riso Kagaku Corporation (TSE:6413),JP,,,,0.05979,0.074099995,0.127,PROFITABLE,6413.T,,True
Electronics & Semiconductors,Electronics (General),Japan,TSE,6666,River Eletec Corporation (TSE:6666),JP,,,,-0.00207,-0.00264,-0.035,NOT-PROFITABLE,6666.T,,False
Electronics & Semiconductors,Semiconductor Equip,Japan,TSE,6323,Rorze Corporation (TSE:6323),JP,,,,0.16545,0.15192,0.125,PROFITABLE,6323.T,,True
Electronics & Semiconductors,Semiconductor Equip,Japan,TSE,6387,SAMCO Inc. (TSE:6387),JP,,,,0.20013,0.1532,0.333,PROFITABLE,6387.T,,True
Electronics & Semiconductors,Telecom. Equipment,Japan,TSE,6675,"SAXA, Inc. (TSE:6675)",JP,,,,0.36183998,0.41492,0.028,PROFITABLE,6675.T,,False
Electronics & Semiconductors,Semiconductor Equip,Japan,TSE,7735,"SCREEN Holdings Co., Ltd. (TSE:7735)",JP,,,,0.14501001,0.1887,-0.103,PROFITABLE,7735.T,,False
Electronics & Semiconductors,Electronics (General),Japan,TSE,6834,"SEIKOH GIKEN Co., Ltd. (TSE:6834)",JP,,,,0.22531,0.23465,0.555,PROFITABLE,6834.T,,True
Electronics & Semiconductors,Electronics (General),Japan,TSE,6626,SEMITEC Corporation (TSE:6626),JP,,,,0.10566,0.11428001,0.015,PROFITABLE,6626.T,,False
Electronics & Semiconductors,Electronics (General),Japan,TSE,7613,SIIX Corporation (TSE:7613),JP,,,,0.01318,0.03795,0.09,PROFITABLE,7613.T,,False
Electronics & Semiconductors,Semiconductor Equip,Japan,TSE,6677,"SK-Electronics CO.,LTD. (TSE:6677)",JP,,,,0.09928001,0.08524,-0.037,PROFITABLE,6677.T,,False
Electronics & Semiconductors,Electronics (General),Japan,TSE,6798,SMK Corporation (TSE:6798),JP,,,,0.0177,0.029059999,0.04,PROFITABLE,6798.T,,False
Electronics & Semiconductors,Semiconductor,Japan,TSE,6707,"Sanken Electric Co., Ltd. (TSE:6707)",JP,,,,-0.122209996,-0.073070005,-0.177,NOT-PROFITABLE,6707.T,,False
Electronics & Semiconductors,Electronics (General),Japan,TSE,6964,"Sanko Co., Ltd. (TSE:6964)",JP,,,,0.04004,0.04761,0.16,PROFITABLE,6964.T,,True
Electronics & Semiconductors,Electronics (General),Japan,TSE,4264,"Secure, Inc. (TSE:4264)",JP,,,,0.032560002,0.07041,0.31,PROFITABLE,4264.T,,True
Electronics & Semiconductors,Computers/Peripherals,Japan,TSE,6724,Seiko Epson Corporation (TSE:6724),JP,,,,0.01684,0.0297,0.144,PROFITABLE,6724.T,,True
Electronics & Semiconductors,Electronics (Consumer & Office),Japan,TSE,6753,Sharp Corporation (TSE:6753),JP,,,,0.012560001,0.09599,-0.079,PROFITABLE,6753.T,,False
Electronics & Semiconductors,Electronics (General),Japan,TSE,6957,"Shibaura Electronics Co.,Ltd. (TSE:6957)",JP,,,,,,,UNVERIFIED,6957.T,yfinance_data_gap,False
Electronics & Semiconductors,Semiconductor Equip,Japan,TSE,6590,Shibaura Mechatronics Corporation (TSE:6590),JP,,,,0.11829001,0.20497999,-0.07,PROFITABLE,6590.T,,False
Electronics & Semiconductors,Semiconductor Equip,Japan,TSE,6614,"Shikino High-Tech CO.,LTD. (TSE:6614)",JP,,,,-0.002,-0.0056800004,0.011,NOT-PROFITABLE,6614.T,,False
Electronics & Semiconductors,Electronics (General),Japan,TSE,7701,Shimadzu Corporation (TSE:7701),JP,,,,0.11504,0.12335,0.103,PROFITABLE,7701.T,,True
Electronics & Semiconductors,Semiconductor,Japan,TSE,6844,"Shindengen Electric Manufacturing Co.,Ltd. (TSE:6844)",JP,,,,0.04336,0.07215,0.077,PROFITABLE,6844.T,,False
Electronics & Semiconductors,Electronics (General),Japan,TSE,6658,"Shirai Electronics Industrial Co., Ltd. (TSE:6658)",JP,,,,0.03255,0.09557,0.019,PROFITABLE,6658.T,,False
Electronics & Semiconductors,Electronics (General),Japan,TSE,6994,Shizuki Electric Company Inc. (TSE:6994),JP,,,,0.07344,0.08359,0.21,PROFITABLE,6994.T,,True
Electronics & Semiconductors,Electronics (General),Japan,TSE,6384,"Showa Shinku Co., Ltd. (TSE:6384)",JP,,,,0.08099,0.06271,-0.41,PROFITABLE,6384.T,,False
Electronics & Semiconductors,Electronics (General),Japan,TSE,7713,"Sigmakoki Co., Ltd. (TSE:7713)",JP,,,,0.07265,0.04586,0.127,PROFITABLE,7713.T,,True
Electronics & Semiconductors,Semiconductor,Japan,TSE,6526,Socionext Inc. (TSE:6526),JP,,,,0.03746,0.059959996,0.13,PROFITABLE,6526.T,,True
Electronics & Semiconductors,Electronics (General),Japan,TSE,7902,"Sonocom Co.,Ltd. (TSE:7902)",JP,,,,0.11209,0.03331,0.196,PROFITABLE,7902.T,,True
Electronics & Semiconductors,Electronics (Consumer & Office),Japan,TSE,6758,Sony Group Corporation (TSE:6758),JP,,,,-0.01746,0.13159999,0.082,NOT-PROFITABLE,6758.T,,False
Electronics & Semiconductors,Electronics (General),Japan,TSE,7711,"Sukegawa Electric Co., Ltd. (TSE:7711)",JP,,,,0.02753,0.031689998,0.263,PROFITABLE,7711.T,,True
Electronics & Semiconductors,Semiconductor Equip,Japan,TSE,3436,Sumco Corporation (TSE:3436),JP,,,,-0.06612,-0.04061,0.104,NOT-PROFITABLE,3436.T,,True
Electronics & Semiconductors,Electronics (General),Japan,TSE,6817,Sumida Corporation (TSE:6817),JP,,,,0.01406,0.03578,0.158,PROFITABLE,6817.T,,True
Electronics & Semiconductors,Computers/Peripherals,Japan,TSE,6736,Sun Corporation (TSE:6736),JP,,,,0.94829005,0.19450001,-0.003,PROFITABLE,6736.T,,False
Electronics & Semiconductors,Electronics (General),Japan,TSE,6785,"Suzuki Co.,Ltd. (TSE:6785)",JP,,,,0.09269,0.13934,,PROFITABLE,6785.T,,False
Electronics & Semiconductors,Electronics (General),Japan,TSE,6775,TB Group Inc. (TSE:6775),JP,,,,-0.12741,-0.54906,-0.283,NOT-PROFITABLE,6775.T,,False
Electronics & Semiconductors,Electronics (General),Japan,TSE,6762,TDK Corporation (TSE:6762),JP,,,,0.08663,0.1163,0.383,PROFITABLE,6762.T,,True
Electronics & Semiconductors,Semiconductor Equip,Japan,TSE,6337,TESEC Corporation (TSE:6337),JP,,,,0.14431,0.06584,0.789,PROFITABLE,6337.T,,True
Electronics & Semiconductors,Semiconductor,Japan,TSE,6769,"THine Electronics, Inc. (TSE:6769)",JP,,,,0.00582,0.0066000004,1.811,PROFITABLE,6769.T,,True
Electronics & Semiconductors,Electronics (Consumer & Office),Japan,TSE,6809,TOA Corporation (TSE:6809),JP,,,,0.06866,0.077360004,0.124,PROFITABLE,6809.T,,True
Electronics & Semiconductors,Semiconductor Equip,Japan,TSE,6315,TOWA Corporation (TSE:6315),JP,,,,0.10852,0.09986,1.003,PROFITABLE,6315.T,,True
Electronics & Semiconductors,Semiconductor,Japan,NasdaqCM,TOYO,"TOYO Co., Ltd. (NasdaqCM:TOYO)",JP,,,,,,,UNVERIFIED,TOYO.T,yfinance_data_gap,False
Electronics & Semiconductors,Telecom. Equipment,Japan,TSE,6696,TRaaS On Product Inc. (TSE:6696),JP,,,,-0.12577,,,UNVERIFIED,6696.T,yfinance_data_gap,False
Electronics & Semiconductors,Semiconductor Equip,Japan,TSE,6596,"TSUKUBASEIKO Co.,Ltd. (TSE:6596)",JP,,,,-0.17626,-0.30341,0.276,NOT-PROFITABLE,6596.T,,True
Electronics & Semiconductors,Electronics (General),Japan,TSE,6663,"Taiyo Technolex Co.,Ltd. (TSE:6663)",JP,,,,0.06113,0.091630004,0.167,PROFITABLE,6663.T,,True
Electronics & Semiconductors,Electronics (General),Japan,TSE,6976,"Taiyo Yuden Co., Ltd. (TSE:6976)",JP,,,,0.0499,0.05335,0.107,PROFITABLE,6976.T,,True
Electronics & Semiconductors,Electronics (General),Japan,TSE,6424,"Takamisawa Cybernetics Company, Ltd. (TSE:6424)",JP,,,,0.03846,0.078379996,-0.067,PROFITABLE,6424.T,,False
Electronics & Semiconductors,Telecom. Equipment,Japan,TSE,6838,"Tamagawa Holdings Co., Ltd. (TSE:6838)",JP,,,,0.28076,,0.208,UNVERIFIED,6838.T,yfinance_data_gap,True
Electronics & Semiconductors,Electronics (Consumer & Office),Japan,TSE,7740,"Tamron Co.,Ltd. (TSE:7740)",JP,,,,0.12785,0.13171,0.114,PROFITABLE,7740.T,,True
Electronics & Semiconductors,Electronics (General),Japan,TSE,6768,Tamura Corporation (TSE:6768),JP,,,,0.011080001,0.022049999,0.135,PROFITABLE,6768.T,,True
Electronics & Semiconductors,Semiconductor Equip,Japan,TSE,6266,"Tazmo Co., Ltd. (TSE:6266)",JP,,,,0.061680004,0.07645,,PROFITABLE,6266.T,,False
Electronics & Semiconductors,Computers/Peripherals,Japan,TSE,6803,Teac Corporation (TSE:6803),JP,,,,0.04953,0.22479999,0.149,PROFITABLE,6803.T,,True
Electronics & Semiconductors,Electronics (General),Japan,TSE,6629,"Techno Horizon Co.,Ltd. (TSE:6629)",JP,,,,0.05612,0.28026,0.274,PROFITABLE,6629.T,,True
Electronics & Semiconductors,Electronics (General),Japan,TSE,2962,"Tecnisco, Ltd. (TSE:2962)",JP,,,,-0.63598,-0.86938006,0.039,NOT-PROFITABLE,2962.T,,False
Electronics & Semiconductors,Electronics (General),Japan,TSE,6763,"Teikoku Tsushin Kogyo Co., Ltd. (TSE:6763)",JP,,,,0.07967,0.05177,0.052,PROFITABLE,6763.T,,False
Electronics & Semiconductors,Semiconductor Equip,Japan,TSE,429A,Tekscend Photomask Corp. (TSE:429A),JP,,,,0.18484,0.16574,0.148,PROFITABLE,429A.T,,True
Electronics & Semiconductors,Semiconductor,Japan,TSE,6627,"Tera Probe, Inc. (TSE:6627)",JP,,,,0.03993,0.07158,0.204,PROFITABLE,6627.T,,True
Electronics & Semiconductors,Electronics (General),Japan,TSE,6772,"Tokyo Cosmos Electric Co., Ltd. (TSE:6772)",JP,,,,0.00087,0.00106,-0.173,PROFITABLE,6772.T,,False
Electronics & Semiconductors,Semiconductor Equip,Japan,TSE,8035,Tokyo Electron Limited (TSE:8035),JP,,,,0.23645,0.30929002,0.333,PROFITABLE,8035.T,,True
Electronics & Semiconductors,Electronics (General),Japan,TSE,7719,Tokyo Koki Co. Ltd. (TSE:7719),JP,,,,0.03739,0.10903,0.473,PROFITABLE,7719.T,,True
Electronics & Semiconductors,Semiconductor Equip,Japan,TSE,7729,"Tokyo Seimitsu Co., Ltd. (TSE:7729)",JP,,,,0.15159,0.144,0.189,PROFITABLE,7729.T,,True
Electronics & Semiconductors,Semiconductor,Japan,TSE,6616,Torex Semiconductor Ltd. (TSE:6616),JP,,,,0.046230003,0.0641,0.211,PROFITABLE,6616.T,,True
Electronics & Semiconductors,Computers/Peripherals,Japan,TSE,6588,Toshiba Tec Corporation (TSE:6588),JP,,,,0.007900001,0.053790003,0.227,PROFITABLE,6588.T,,True
Electronics & Semiconductors,Electronics (General),Japan,NSE,6655,Toyo Electric Corporation (NSE:6655),JP,,,,,,,UNVERIFIED,6655.T,yfinance_data_gap,False
Electronics & Semiconductors,Semiconductor Equip,Japan,TSE,4369,Tri Chemical Laboratories Inc. (TSE:4369),JP,,,,0.24849,0.18105,0.14,PROFITABLE,4369.T,,True
Electronics & Semiconductors,Semiconductor Equip,Japan,TSE,6728,"ULVAC, Inc. (TSE:6728)",JP,,,,0.04975,0.06086,0.282,PROFITABLE,6728.T,,True
Electronics & Semiconductors,Electronics (General),Japan,TSE,6615,"UMC Electronics Co., Ltd. (TSE:6615)",JP,,,,-0.00107,-0.00672,0.102,NOT-PROFITABLE,6615.T,,True
Electronics & Semiconductors,Electronics (General),Japan,TSE,6662,"Ubiteq, Inc. (TSE:6662)",JP,,,,0.03758,0.03185,0.218,PROFITABLE,6662.T,,True
Electronics & Semiconductors,Electronics (General),Japan,TSE,7717,"V Technology Co., Ltd. (TSE:7717)",JP,,,,0.05924,0.09561,0.327,PROFITABLE,7717.T,,True
Electronics & Semiconductors,Computers/Peripherals,Japan,TSE,6727,"Wacom Co., Ltd. (TSE:6727)",JP,,,,0.09206,0.29809,-0.075,PROFITABLE,6727.T,,False
Electronics & Semiconductors,Electronics (General),Japan,TSE,6721,Wintest Corp. (TSE:6721),JP,,,,-2.8951,-2.38388,1.891,NOT-PROFITABLE,6721.T,,True
Electronics & Semiconductors,Semiconductor Equip,Japan,TSE,6298,"Y.A.C. Holdings Co., Ltd. (TSE:6298)",JP,,,,0.05011,0.07867,0.082,PROFITABLE,6298.T,,False
Electronics & Semiconductors,Semiconductor,Japan,TSE,6941,"Yamaichi Electronics Co.,Ltd. (TSE:6941)",JP,,,,0.0,0.24006,0.358,NOT-PROFITABLE,6941.T,,True
Electronics & Semiconductors,Electronics (General),Japan,TSE,3153,"Yashima Denki Co., Ltd. (TSE:3153)",JP,,,,0.07113,0.1694,0.279,PROFITABLE,3153.T,,True
Electronics & Semiconductors,Electronics (General),Japan,TSE,6841,Yokogawa Electric Corporation (TSE:6841),JP,,,,0.0,,0.086,UNVERIFIED,6841.T,yfinance_data_gap,False
Electronics & Semiconductors,Electronics (General),Japan,TSE,6800,"Yokowo Co., Ltd. (TSE:6800)",JP,,,,0.05549,0.09300999,0.234,PROFITABLE,6800.T,,True
Electronics & Semiconductors,Electronics (Consumer & Office),Japan,TSE,6694,Zoom Corporation (TSE:6694),JP,,,,-0.08737001,-0.18992001,0.174,NOT-PROFITABLE,6694.T,,True
Electronics & Semiconductors,Semiconductor Equip,Japan,TSE,6656,inspec Inc. (TSE:6656),JP,,,,-0.45313,-0.56275004,-0.08,NOT-PROFITABLE,6656.T,,False
Electronics & Semiconductors,Electronics (General),Japan,TSE,3559,p-ban.com Corp. (TSE:3559),JP,,,,0.04587,0.07515,0.077,PROFITABLE,3559.T,,False
Electronics & Semiconductors,Electronics (General),Japan,TSE,6777,santec Holdings Corporation (TSE:6777),JP,,,,0.25937,0.36016,0.512,PROFITABLE,6777.T,,True
Electronics & Semiconductors,Telecom. Equipment,Latvia,RISE,SAF1R,SAF Tehnika A/S (RISE:SAF1R),,,,,0.12251,0.26999,1.573,PROFITABLE,SAF1R.RG,,True
Electronics & Semiconductors,Electronics (General),Macau,NasdaqGM,DSWL,"Deswell Industries, Inc. (NasdaqGM:DSWL)",,,,,0.17327,0.10049,-0.134,PROFITABLE,DSWL,,False
Electronics & Semiconductors,Telecom. Equipment,Macau,SEHK,8033,Vodatel Networks Holdings Limited (SEHK:8033),,,,,0.01899,0.04079,-0.004,PROFITABLE,8033.HK,,False
Electronics & Semiconductors,Semiconductor Equip,Malaysia,KLSE,3REN,3REN Berhad (KLSE:3REN),,,,,,,,UNVERIFIED,3REN.KL,yfinance_data_gap,False
Electronics & Semiconductors,Electronics (General),Malaysia,KLSE,AEM,AE Multi Holdings Berhad (KLSE:AEM),,,,,,,,UNVERIFIED,AEM.KL,yfinance_data_gap,False
Electronics & Semiconductors,Semiconductor Equip,Malaysia,KLSE,AEMULUS,Aemulus Holdings Berhad (KLSE:AEMULUS),,,,,,,,UNVERIFIED,AEMULUS.KL,yfinance_data_gap,False
Electronics & Semiconductors,Electronics (General),Malaysia,KLSE,AMLEX,Amlex Holdings Berhad (KLSE:AMLEX),,,,,,,,UNVERIFIED,AMLEX.KL,yfinance_data_gap,False
Electronics & Semiconductors,Electronics (General),Malaysia,KLSE,ATECH,Aurelius Technologies Berhad (KLSE:ATECH),,,,,,,,UNVERIFIED,ATECH.KL,yfinance_data_gap,False
Electronics & Semiconductors,Electronics (General),Malaysia,KLSE,CEB,Cape EMS Berhad (KLSE:CEB),,,,,,,,UNVERIFIED,CEB.KL,yfinance_data_gap,False
Electronics & Semiconductors,Semiconductor,Malaysia,KLSE,D&O,D & O Green Technologies Berhad (KLSE:D&O),,,,,,,,UNVERIFIED,D&O.KL,yfinance_data_gap,False
Electronics & Semiconductors,Semiconductor,Malaysia,KLSE,DNEX,Dagang NeXchange Berhad (KLSE:DNEX),,,,,,,,UNVERIFIED,DNEX.KL,yfinance_data_gap,False
Electronics & Semiconductors,Electronics (Consumer & Office),Malaysia,KLSE,EG,EG Industries Berhad (KLSE:EG),,,,,,,,UNVERIFIED,EG.KL,yfinance_data_gap,False
Electronics & Semiconductors,Semiconductor,Malaysia,KLSE,EDELTEQ,Edelteq Holdings Berhad (KLSE:EDELTEQ),,,,,,,,UNVERIFIED,EDELTEQ.KL,yfinance_data_gap,False
Electronics & Semiconductors,Semiconductor Equip,Malaysia,KLSE,ELSOFT,Elsoft Research Berhad (KLSE:ELSOFT),,,,,,,,UNVERIFIED,ELSOFT.KL,yfinance_data_gap,False
Electronics & Semiconductors,Electronics (Consumer & Office),Malaysia,KLSE,FPI,Formosa Prosonic Industries Berhad (KLSE:FPI),,,,,,,,UNVERIFIED,FPI.KL,yfinance_data_gap,False
Electronics & Semiconductors,Semiconductor Equip,Malaysia,KLSE,FPGROUP,FoundPac Group Berhad (KLSE:FPGROUP),,,,,,,,UNVERIFIED,FPGROUP.KL,yfinance_data_gap,False
Electronics & Semiconductors,Electronics (General),Malaysia,KLSE,GUH,GUH Holdings Berhad (KLSE:GUH),,,,,,,,UNVERIFIED,GUH.KL,yfinance_data_gap,False
Electronics & Semiconductors,Semiconductor Equip,Malaysia,KLSE,GENETEC,Genetec Technology Berhad (KLSE:GENETEC),,,,,,,,UNVERIFIED,GENETEC.KL,yfinance_data_gap,False
Electronics & Semiconductors,Electronics (General),Malaysia,KLSE,GLOTEC,Globaltec Formation Berhad (KLSE:GLOTEC),,,,,,,,UNVERIFIED,GLOTEC.KL,yfinance_data_gap,False
Electronics & Semiconductors,Semiconductor,Malaysia,KLSE,GTRONIC,Globetronics Technology Bhd. (KLSE:GTRONIC),,,,,,,,UNVERIFIED,GTRONIC.KL,yfinance_data_gap,False
Electronics & Semiconductors,Semiconductor Equip,Malaysia,KLSE,GREATEC,Greatech Technology Berhad (KLSE:GREATEC),,,,,,,,UNVERIFIED,GREATEC.KL,yfinance_data_gap,False
Electronics & Semiconductors,Telecom. Equipment,Malaysia,KLSE,GPACKET,Green Packet Berhad (KLSE:GPACKET),,,,,,,,UNVERIFIED,GPACKET.KL,yfinance_data_gap,False
Electronics & Semiconductors,Telecom. Equipment,Malaysia,KLSE,HEXCAP,Hextar Capital Berhad (KLSE:HEXCAP),,,,,,,,UNVERIFIED,HEXCAP.KL,yfinance_data_gap,False
Electronics & Semiconductors,Electronics (General),Malaysia,KLSE,IQGROUP,IQ Group Holdings Berhad (KLSE:IQGROUP),,,,,,,,UNVERIFIED,IQGROUP.KL,yfinance_data_gap,False
Electronics & Semiconductors,Computers/Peripherals,Malaysia,KLSE,IRIS,IRIS Corporation Berhad (KLSE:IRIS),,,,,,,,UNVERIFIED,IRIS.KL,yfinance_data_gap,False
Electronics & Semiconductors,Electronics (General),Malaysia,KLSE,ITMAX,ITMAX System Berhad (KLSE:ITMAX),,,,,,,,UNVERIFIED,ITMAX.KL,yfinance_data_gap,False
Electronics & Semiconductors,Semiconductor,Malaysia,KLSE,INARI,Inari Amertron Berhad (KLSE:INARI),,,,,,,,UNVERIFIED,INARI.KL,yfinance_data_gap,False
Electronics & Semiconductors,Electronics (General),Malaysia,KLSE,ITRONIC,Industronics Berhad (KLSE:ITRONIC),,,,,,,,UNVERIFIED,ITRONIC.KL,yfinance_data_gap,False
Electronics & Semiconductors,Electronics (General),Malaysia,NasdaqCM,IMTE,Integrated Media Technology Limited (NasdaqCM:IMTE),,,,,0.0,-0.01941,,NOT-PROFITABLE,IMTE,,False
Electronics & Semiconductors,Computers/Peripherals,Malaysia,KLSE,JCY,JCY International Berhad (KLSE:JCY),,,,,,,,UNVERIFIED,JCY.KL,yfinance_data_gap,False
Electronics & Semiconductors,Semiconductor Equip,Malaysia,KLSE,JFTECH,JF Technology Berhad (KLSE:JFTECH),,,,,,,,UNVERIFIED,JFTECH.KL,yfinance_data_gap,False
Electronics & Semiconductors,Electronics (General),Malaysia,KLSE,JHM,JHM Consolidation Berhad (KLSE:JHM),,,,,,,,UNVERIFIED,JHM.KL,yfinance_data_gap,False
Electronics & Semiconductors,Electronics (General),Malaysia,KLSE,K1,K-One Technology Berhad (KLSE:K1),,,,,,,,UNVERIFIED,K1.KL,yfinance_data_gap,False
Electronics & Semiconductors,Semiconductor,Malaysia,KLSE,KESM,KESM Industries Berhad (KLSE:KESM),,,,,,,,UNVERIFIED,KESM.KL,yfinance_data_gap,False
Electronics & Semiconductors,Semiconductor,Malaysia,KLSE,KEYASIC,Key ASIC Berhad (KLSE:KEYASIC),,,,,,,,UNVERIFIED,KEYASIC.KL,yfinance_data_gap,False
Electronics & Semiconductors,Semiconductor Equip,Malaysia,KLSE,MQTECH,MQ Technology Berhad (KLSE:MQTECH),,,,,,,,UNVERIFIED,MQTECH.KL,yfinance_data_gap,False
Electronics & Semiconductors,Semiconductor,Malaysia,KLSE,MPI,Malaysian Pacific Industries Berhad (KLSE:MPI),,,,,,,,UNVERIFIED,MPI.KL,yfinance_data_gap,False
Electronics & Semiconductors,Semiconductor Equip,Malaysia,KLSE,MI,Mi Technovation Berhad (KLSE:MI),,,,,,,,UNVERIFIED,MI.KL,yfinance_data_gap,False
Electronics & Semiconductors,Electronics (General),Malaysia,KLSE,MIKROMB,Mikro MSC Berhad (KLSE:MIKROMB),,,,,,,,UNVERIFIED,MIKROMB.KL,yfinance_data_gap,False
Electronics & Semiconductors,Telecom. Equipment,Malaysia,KLSE,MLAB,Mlabs Systems Berhad (KLSE:MLAB),,,,,,,,UNVERIFIED,MLAB.KL,yfinance_data_gap,False
Electronics & Semiconductors,Electronics (General),Malaysia,KLSE,NATGATE,NationGate Holdings Berhad (KLSE:NATGATE),,,,,,,,UNVERIFIED,NATGATE.KL,yfinance_data_gap,False
Electronics & Semiconductors,Electronics (General),Malaysia,KLSE,NE,Northeast Group Berhad (KLSE:NE),,,,,,,,UNVERIFIED,NE.KL,yfinance_data_gap,False
Electronics & Semiconductors,Electronics (General),Malaysia,KLSE,NOTION,Notion VTec Berhad (KLSE:NOTION),,,,,,,,UNVERIFIED,NOTION.KL,yfinance_data_gap,False
Electronics & Semiconductors,Computers/Peripherals,Malaysia,KLSE,OPENSYS,OpenSys (M) Berhad (KLSE:OPENSYS),,,,,,,,UNVERIFIED,OPENSYS.KL,yfinance_data_gap,False
Electronics & Semiconductors,Semiconductor,Malaysia,KLSE,OPPSTAR,Oppstar Berhad (KLSE:OPPSTAR),,,,,,,,UNVERIFIED,OPPSTAR.KL,yfinance_data_gap,False
Electronics & Semiconductors,Electronics (General),Malaysia,KLSE,PNEPCB,PNE PCB Berhad (KLSE:PNEPCB),,,,,,,,UNVERIFIED,PNEPCB.KL,yfinance_data_gap,False
Electronics & Semiconductors,Electronics (General),Malaysia,KLSE,QES,QES Group Berhad (KLSE:QES),,,,,,,,UNVERIFIED,QES.KL,yfinance_data_gap,False
Electronics & Semiconductors,Electronics (General),Malaysia,KLSE,SKPRES,SKP Resources Bhd (KLSE:SKPRES),,,,,,,,UNVERIFIED,SKPRES.KL,yfinance_data_gap,False
Electronics & Semiconductors,Telecom. Equipment,Malaysia,KLSE,SMTRACK,SMTrack Berhad (KLSE:SMTRACK),,,,,,,,UNVERIFIED,SMTRACK.KL,yfinance_data_gap,False
Electronics & Semiconductors,Electronics (General),Malaysia,KLSE,SALUTE,Salutica Berhad (KLSE:SALUTE),,,,,,,,UNVERIFIED,SALUTE.KL,yfinance_data_gap,False
Electronics & Semiconductors,Electronics (General),Malaysia,KLSE,SCOPE,Scope Industries Berhad (KLSE:SCOPE),,,,,,,,UNVERIFIED,SCOPE.KL,yfinance_data_gap,False
Electronics & Semiconductors,Electronics (General),Malaysia,KLSE,SOLUTN,Solution Group Berhad (KLSE:SOLUTN),,,,,,,,UNVERIFIED,SOLUTN.KL,yfinance_data_gap,False
Electronics & Semiconductors,Electronics (General),Malaysia,KLSE,THMY,THMY Holdings Berhad (KLSE:THMY),,,,,,,,UNVERIFIED,THMY.KL,yfinance_data_gap,False
Electronics & Semiconductors,Semiconductor Equip,Malaysia,KLSE,TTVHB,TT Vision Holdings Berhad (KLSE:TTVHB),,,,,,,,UNVERIFIED,TTVHB.KL,yfinance_data_gap,False
Electronics & Semiconductors,Electronics (General),Malaysia,Catalist,CYW,TrickleStar Limited (Catalist:CYW),,,,,-0.1966,-0.15090999,-0.336,NOT-PROFITABLE,CYW.SI,,False
Electronics & Semiconductors,Semiconductor Equip,Malaysia,KLSE,TURIYA,Turiya Berhad (KLSE:TURIYA),,,,,,,,UNVERIFIED,TURIYA.KL,yfinance_data_gap,False
Electronics & Semiconductors,Electronics (General),Malaysia,KLSE,UCHITEC,Uchi Technologies Berhad (KLSE:UCHITEC),,,,,,,,UNVERIFIED,UCHITEC.KL,yfinance_data_gap,False
Electronics & Semiconductors,Semiconductor,Malaysia,KLSE,UNISEM,Unisem (M) Berhad (KLSE:UNISEM),,,,,,,,UNVERIFIED,UNISEM.KL,yfinance_data_gap,False
Electronics & Semiconductors,Electronics (General),Malaysia,KLSE,VS,V.S. Industry Berhad (KLSE:VS),,,,,,,,UNVERIFIED,VS.KL,yfinance_data_gap,False
Electronics & Semiconductors,Semiconductor Equip,Malaysia,KLSE,VITROX,ViTrox Corporation Berhad (KLSE:VITROX),,,,,,,,UNVERIFIED,VITROX.KL,yfinance_data_gap,False
Electronics & Semiconductors,Semiconductor Equip,Malaysia,KLSE,VIS,Visdynamics Holdings Berhad (KLSE:VIS),,,,,,,,UNVERIFIED,VIS.KL,yfinance_data_gap,False
Electronics & Semiconductors,Electronics (General),Malaysia,KLSE,WAJA,Waja Konsortium Berhad (KLSE:WAJA),,,,,,,,UNVERIFIED,WAJA.KL,yfinance_data_gap,False
Electronics & Semiconductors,Electronics (General),Malaysia,KLSE,WAVEFRNT,WaveFront Berhad (KLSE:WAVEFRNT),,,,,,,,UNVERIFIED,WAVEFRNT.KL,yfinance_data_gap,False
Electronics & Semiconductors,Semiconductor Equip,Netherlands,ENXTAM,ASM,ASM International NV (ENXTAM:ASM),,,,,0.31929,0.26798,0.2,PROFITABLE,ASM.AS,,True
Electronics & Semiconductors,Semiconductor Equip,Netherlands,ENXTAM,ASML,ASML Holding N.V. (ENXTAM:ASML),,,,,0.30114,0.53942,0.213,PROFITABLE,ASML.AS,,True
Electronics & Semiconductors,Semiconductor Equip,Netherlands,ENXTAM,BESI,BE Semiconductor Industries N.V. (ENXTAM:BESI),,,,,0.28435,0.44873002,0.687,PROFITABLE,BESI.AS,,True
Electronics & Semiconductors,Semiconductor,Netherlands,NasdaqGS,NXPI,NXP Semiconductors N.V. (NasdaqGS:NXPI),,,,,0.22564,0.27921,0.195,PROFITABLE,NXPI,,True
Electronics & Semiconductors,Electronics (General),Netherlands,ENXTAM,NEDAP,Nedap N.V. (ENXTAM:NEDAP),,,,,0.09567001,0.36967,0.127,PROFITABLE,NEDAP.AS,,True
Electronics & Semiconductors,Semiconductor,Netherlands,ENXTPA,STMPA,STMicroelectronics N.V. (ENXTPA:STMPA),,,,,0.03558,0.02686,0.261,PROFITABLE,STMPA.PA,,True
Electronics & Semiconductors,Electronics (General),New Zealand,NZSE,ERD,EROAD Limited (NZSE:ERD),,,,,-0.82531,-0.63929003,-0.024,NOT-PROFITABLE,ERD.NZ,,False
Electronics & Semiconductors,Electronics (General),New Zealand,NZSE,RAK,Rakon Limited (NZSE:RAK),,,,,,,,UNVERIFIED,RAK.NZ,yfinance_data_gap,False
Electronics & Semiconductors,Telecom. Equipment,New Zealand,OTCPK,SSHT,SSHT S&T Group Ltd. (OTCPK:SSHT),,,,,0.17778999,,0.754,UNVERIFIED,SSHT,yfinance_data_gap,True
Electronics & Semiconductors,Computers/Peripherals,Nigeria,NGSE,OMATEK,Omatek Ventures Plc (NGSE:OMATEK),,,,,,,,UNVERIFIED,,exchange_not_covered_by_yfinance,False
Electronics & Semiconductors,Electronics (General),Norway,OB,AIRX,Airthings ASA (OB:AIRX),,,,,,,,UNVERIFIED,AIRX.OL,yfinance_data_gap,False
Electronics & Semiconductors,Telecom. Equipment,Norway,OB,APR,Appear ASA (OB:APR),,,,,0.15389,0.30245,0.426,PROFITABLE,APR.OL,,True
Electronics & Semiconductors,Computers/Peripherals,Norway,OB,ENSU,Ensurge Micropower ASA (OB:ENSU),,,,,0.0,-5.3923798,,NOT-PROFITABLE,ENSU.OL,,False
Electronics & Semiconductors,Telecom. Equipment,Norway,OB,HDLY,Huddly AS (OB:HDLY),,,,,-0.60580003,-0.35968,0.071,NOT-PROFITABLE,HDLY.OL,,False
Electronics & Semiconductors,Electronics (General),Norway,OB,IDEX,IDEX Biometrics ASA (OB:IDEX),,,,,0.0,,0.587,UNVERIFIED,IDEX.OL,yfinance_data_gap,True
Electronics & Semiconductors,Electronics (General),Norway,OB,KIT,Kitron ASA (OB:KIT),,,,,0.069699995,0.23807,0.717,PROFITABLE,KIT.OL,,True
Electronics & Semiconductors,Semiconductor,Norway,OB,LOKO,Lokotech Group AS (OB:LOKO),,,,,0.0,-0.42946,0.37,NOT-PROFITABLE,LOKO.OL,,True
Electronics & Semiconductors,Electronics (General),Norway,OB,NEXT,NEXT Biometrics Group ASA (OB:NEXT),,,,,0.0,-2.07623,-0.406,NOT-PROFITABLE,NEXT.OL,,False
Electronics & Semiconductors,Electronics (General),Norway,OB,NORBT,Norbit ASA (OB:NORBT),,,,,0.15687999,0.33356,0.403,PROFITABLE,NORBT.OL,,True
Electronics & Semiconductors,Semiconductor,Norway,OB,NOD,Nordic Semiconductor ASA (OB:NOD),,,,,0.04235,0.05032,0.332,PROFITABLE,NOD.OL,,True
Electronics & Semiconductors,Semiconductor Equip,Norway,OB,RECSI,REC Silicon ASA (OB:RECSI),,,,,-0.69725,,-0.089,UNVERIFIED,RECSI.OL,yfinance_data_gap,False
Electronics & Semiconductors,Telecom. Equipment,Norway,OB,SMOP,Smartoptics Group ASA (OB:SMOP),,,,,0.07655,0.26502,0.546,PROFITABLE,SMOP.OL,,True
Electronics & Semiconductors,Electronics (General),Norway,OB,STRO,StrongPoint ASA (OB:STRO),,,,,-0.00772,-0.02319,-0.023,NOT-PROFITABLE,STRO.OL,,False
Electronics & Semiconductors,Computers/Peripherals,Norway,OB,TECH,Techstep ASA (OB:TECH),,,,,-0.11958,-0.23322001,-0.118,NOT-PROFITABLE,TECH.OL,,False
Electronics & Semiconductors,Electronics (General),Norway,OB,XPLRA,Xplora Technologies AS (OB:XPLRA),,,,,0.048979998,0.23127002,0.111,PROFITABLE,XPLRA.OL,,True
Electronics & Semiconductors,Electronics (General),Norway,OB,PLT,poLight ASA (OB:PLT),,,,,0.0,-0.36661,2.057,NOT-PROFITABLE,PLT.OL,,True
Electronics & Semiconductors,Telecom. Equipment,Pakistan,KASE,GEMNETS,Nets International Communication Limited (KASE:GEMNETS),,,,,,,,UNVERIFIED,,exchange_not_covered_by_yfinance,False
Electronics & Semiconductors,Semiconductor Equip,Philippines,PSE,TECH,Cirtek Holdings Philippines Corporation (PSE:TECH),,,,,,,,UNVERIFIED,TECH.PS,yfinance_data_gap,False
Electronics & Semiconductors,Semiconductor,Philippines,PSE,GREEN,Greenergy Holdings Incorporated (PSE:GREEN),,,,,,,,UNVERIFIED,GREEN.PS,yfinance_data_gap,False
Electronics & Semiconductors,Electronics (General),Philippines,PSE,IMI,"Integrated Micro-Electronics, Inc. (PSE:IMI)",,,,,,,,UNVERIFIED,IMI.PS,yfinance_data_gap,False
Electronics & Semiconductors,Electronics (General),Philippines,PSE,ION,"Ionics, Inc. (PSE:ION)",,,,,,,,UNVERIFIED,ION.PS,yfinance_data_gap,False
Electronics & Semiconductors,Electronics (General),Poland,WSE,APA,Apanet S.A. (WSE:APA),,,,,,,,UNVERIFIED,APA.WA,yfinance_data_gap,False
Electronics & Semiconductors,Electronics (General),Poland,WSE,APT,Apator S.A. (WSE:APT),,,,,0.06956,0.13638,0.174,PROFITABLE,APT.WA,,True
Electronics & Semiconductors,Electronics (General),Poland,WSE,APN,Aplisens S.A. (WSE:APN),,,,,0.10348,0.067090005,-0.001,PROFITABLE,APN.WA,,False
Electronics & Semiconductors,Electronics (General),Poland,WSE,BHX,Binary Helix Spólka Akcyjna (WSE:BHX),,,,,,,,UNVERIFIED,BHX.WA,yfinance_data_gap,False
Electronics & Semiconductors,Electronics (General),Poland,WSE,INL,Introl S.A. (WSE:INL),,,,,0.03299,0.13765,0.228,PROFITABLE,INL.WA,,True
Electronics & Semiconductors,Electronics (Consumer & Office),Poland,WSE,JRC,JRC Group S.A. (WSE:JRC),,,,,,,,UNVERIFIED,JRC.WA,yfinance_data_gap,False
Electronics & Semiconductors,Semiconductor,Poland,WSE,MLS,ML System S.A. (WSE:MLS),,,,,-0.22596,-0.27963,0.899,NOT-PROFITABLE,MLS.WA,,True
Electronics & Semiconductors,Computers/Peripherals,Poland,WSE,MXC,Maxcom S.A. (WSE:MXC),,,,,-0.01541,-0.029949998,0.014,NOT-PROFITABLE,MXC.WA,,False
Electronics & Semiconductors,Computers/Peripherals,Poland,WSE,NTT,NTT System S.A. (WSE:NTT),,,,,0.02467,0.14733,0.144,PROFITABLE,NTT.WA,,True
Electronics & Semiconductors,Electronics (General),Poland,WSE,OPM,OPTeam Spólka Akcyjna (WSE:OPM),,,,,0.05278,0.18146,0.325,PROFITABLE,OPM.WA,,True
Electronics & Semiconductors,Semiconductor,Poland,WSE,QNA,QNA Technology S.A. (WSE:QNA),,,,,0.0,-0.78423,-0.874,NOT-PROFITABLE,QNA.WA,,False
Electronics & Semiconductors,Electronics (General),Poland,WSE,SCW,Scanway S.A. (WSE:SCW),,,,,-0.16280001,,0.291,UNVERIFIED,SCW.WA,yfinance_data_gap,True
Electronics & Semiconductors,Electronics (General),Poland,WSE,SON,Sonel S.A. (WSE:SON),,,,,0.0513,0.07674,-0.427,PROFITABLE,SON.WA,,False
Electronics & Semiconductors,Electronics (General),Poland,WSE,SYG,Sygnis SA (WSE:SYG),,,,,,,,UNVERIFIED,SYG.WA,yfinance_data_gap,False
Electronics & Semiconductors,Electronics (General),Poland,WSE,VGO,VIGO Photonics S.A. (WSE:VGO),,,,,-0.17919001,-0.0999,-0.125,NOT-PROFITABLE,VGO.WA,,False
Electronics & Semiconductors,Electronics (General),Poland,WSE,XTP,XTPL S.A. (WSE:XTP),,,,,-1.48224,-0.67045,-0.32,NOT-PROFITABLE,XTP.WA,,False
Electronics & Semiconductors,Telecom. Equipment,Poland,WSE,YAN,Yanosik S.A. (WSE:YAN),,,,,0.14137,,0.204,UNVERIFIED,YAN.WA,yfinance_data_gap,True
Electronics & Semiconductors,Computers/Peripherals,Poland,WSE,ZRX,Zortrax S.A. (WSE:ZRX),,,,,,,,UNVERIFIED,ZRX.WA,yfinance_data_gap,False
Electronics & Semiconductors,Electronics (General),Portugal,ENXTPA,MLAAT,"Azorean Aquatic Technologies, S.A. (ENXTPA:MLAAT)",,,,,0.0,-0.9329,,NOT-PROFITABLE,MLAAT.PA,,False
Electronics & Semiconductors,Telecom. Equipment,Romania,BVB,AST,Arctic Stream S.A. (BVB:AST),,,,,0.05452,0.23948999,0.6,PROFITABLE,AST.RO,,True
Electronics & Semiconductors,Electronics (General),Romania,BVB,ELMA,Electromagnetica S.A. (BVB:ELMA),,,,,-0.29627,-0.02197,-0.3,NOT-PROFITABLE,ELMA.RO,,False
Electronics & Semiconductors,Computers/Peripherals,Romania,BVB,ALW,S.C. Visual Fan S.A. (BVB:ALW),,,,,0.0,,,UNVERIFIED,ALW.RO,yfinance_data_gap,False
Electronics & Semiconductors,Computers/Peripherals,Romania,BVB,HUNT,iHunt Technology Import-Export S.A. (BVB:HUNT),,,,,0.0,,,UNVERIFIED,HUNT.RO,yfinance_data_gap,False
Electronics & Semiconductors,Electronics (General),Saudi Arabia,SASE,9645,National Signage Industrial Company (SASE:9645),SA,,,,0.0947,0.11670999,-0.001,PROFITABLE,9645.SR,,False
Electronics & Semiconductors,Semiconductor Equip,Singapore,SGX,AWX,AEM Holdings Ltd. (SGX:AWX),SG,,,,0.06499,0.05582,0.358,PROFITABLE,AWX.SI,,True
Electronics & Semiconductors,Semiconductor Equip,Singapore,SEHK,522,ASMPT Limited (SEHK:522),SG,,,,,,,UNVERIFIED,522.SI,yfinance_data_gap,False
Electronics & Semiconductors,Telecom. Equipment,Singapore,SGX,A31,Addvalue Technologies Ltd (SGX:A31),SG,,,,0.19462,0.36826,0.636,PROFITABLE,A31.SI,,True
Electronics & Semiconductors,Semiconductor Equip,Singapore,Catalist,WJ9,Advanced Systems Automation Limited (Catalist:WJ9),SG,,,,-0.94468004,,-0.042,UNVERIFIED,WJ9.SI,yfinance_data_gap,False
Electronics & Semiconductors,Semiconductor,Singapore,SGX,1R6,Avi-Tech Holdings Limited (SGX:1R6),SG,,,,-0.0045,-0.00193,-0.03,NOT-PROFITABLE,1R6.SI,,False
Electronics & Semiconductors,Electronics (General),Singapore,SGX,8AZ,Aztech Global Ltd. (SGX:8AZ),SG,,,,0.083979994,0.13594,-0.396,PROFITABLE,8AZ.SI,,False
Electronics & Semiconductors,Computers/Peripherals,Singapore,NasdaqGM,BGIN,Bgin Blockchain Limited (NasdaqGM:BGIN),SG,,,,,,,UNVERIFIED,BGIN.SI,yfinance_data_gap,False
Electronics & Semiconductors,Telecom. Equipment,Singapore,SGX,AWV,Captii Limited (SGX:AWV),SG,,,,-0.25881,-0.13188,0.35,NOT-PROFITABLE,AWV.SI,,True
Electronics & Semiconductors,Computers/Peripherals,Singapore,SGX,C76,Creative Technology Ltd (SGX:C76),SG,,,,-0.08737001,-0.13217,-0.086,NOT-PROFITABLE,C76.SI,,False
Electronics & Semiconductors,Semiconductor Equip,Singapore,SGX,BIX,Ellipsiz Ltd (SGX:BIX),SG,,,,0.01161,0.00214,0.239,PROFITABLE,BIX.SI,,True
Electronics & Semiconductors,Electronics (General),Singapore,Catalist,41F,GSS Energy Limited (Catalist:41F),SG,,,,-0.04902,-0.29709998,1.168,NOT-PROFITABLE,41F.SI,,True
Electronics & Semiconductors,Telecom. Equipment,Singapore,SGX,QS9,Global Invacom Group Limited (SGX:QS9),SG,,,,-0.0731,-0.07696,,NOT-PROFITABLE,QS9.SI,,False
Electronics & Semiconductors,Telecom. Equipment,Singapore,SEHK,1085,Hengxin Technology Ltd. (SEHK:1085),SG,,,,,,,UNVERIFIED,1085.SI,yfinance_data_gap,False
Electronics & Semiconductors,Electronics (Consumer & Office),Singapore,SEHK,1747,Home Control International Limited (SEHK:1747),SG,,,,,,,UNVERIFIED,1747.SI,yfinance_data_gap,False
Electronics & Semiconductors,Electronics (General),Singapore,SEHK,3302,Kinergy Corporation Ltd. (SEHK:3302),SG,,,,,,,UNVERIFIED,3302.SI,yfinance_data_gap,False
Electronics & Semiconductors,Semiconductor Equip,Singapore,NasdaqGS,KLIC,"Kulicke and Soffa Industries, Inc. (NasdaqGS:KLIC)",SG,,,,,,,UNVERIFIED,KLIC.SI,yfinance_data_gap,False
Electronics & Semiconductors,Electronics (General),Singapore,SGX,M11,Manufacturing Integration Technology Ltd (SGX:M11),SG,,,,-0.02093,-0.05375,0.566,NOT-PROFITABLE,M11.SI,,True
Electronics & Semiconductors,Semiconductor,Singapore,NasdaqGS,MAXN,"Maxeon Solar Technologies, Ltd. (NasdaqGS:MAXN)",SG,,,,,,,UNVERIFIED,MAXN.SI,yfinance_data_gap,False
Electronics & Semiconductors,Electronics (General),Singapore,Catalist,9MT,MetaOptics Ltd (Catalist:9MT),SG,,,,0.0,,4.636,UNVERIFIED,9MT.SI,yfinance_data_gap,True
Electronics & Semiconductors,Semiconductor Equip,Singapore,SGX,5DD,Micro-Mechanics (Holdings) Ltd. (SGX:5DD),SG,,,,0.19563,0.27772,0.162,PROFITABLE,5DD.SI,,True
Electronics & Semiconductors,Telecom. Equipment,Singapore,SGX,N01,Nera Telecommunications Ltd (SGX:N01),SG,,,,-0.029860001,-0.07421,0.09,NOT-PROFITABLE,N01.SI,,False
Electronics & Semiconductors,Computers/Peripherals,Singapore,SEHK,1263,PC Partner Group Limited (SEHK:1263),SG,,,,,,,UNVERIFIED,1263.SI,yfinance_data_gap,False
Electronics & Semiconductors,Electronics (General),Singapore,SGX,BDA,PNE Industries Ltd (SGX:BDA),SG,,,,-0.00898,-0.00909,-0.105,NOT-PROFITABLE,BDA.SI,,False
Electronics & Semiconductors,Electronics (General),Singapore,NYSEAM,POAS,Phaos Technology Holdings (Cayman) Limited (NYSEAM:POAS),SG,,,,,,,UNVERIFIED,POAS.SI,yfinance_data_gap,False
Electronics & Semiconductors,Telecom. Equipment,Singapore,SGX,BCY,Powermatic Data Systems Limited (SGX:BCY),SG,,,,0.43285,0.15732001,2.251,PROFITABLE,BCY.SI,,True
Electronics & Semiconductors,Computers/Peripherals,Singapore,NasdaqGS,STX,Seagate Technology Holdings plc (NasdaqGS:STX),SG,,,,,,,UNVERIFIED,STX.SI,yfinance_data_gap,False
Electronics & Semiconductors,Semiconductor Equip,Singapore,SGX,S71,Sunright Limited (SGX:S71),SG,,,,-0.022780001,-0.00879,0.147,NOT-PROFITABLE,S71.SI,,True
Electronics & Semiconductors,Electronics (General),Singapore,SEHK,1206,Technovator International Limited (SEHK:1206),SG,,,,,,,UNVERIFIED,1206.SI,yfinance_data_gap,False
Electronics & Semiconductors,Computers/Peripherals,Singapore,SGX,5AB,Trek 2000 International Ltd (SGX:5AB),SG,,,,0.23462999,0.14575,0.105,PROFITABLE,5AB.SI,,True
Electronics & Semiconductors,Electronics (General),Singapore,NasdaqCM,TRSG,Tungray Technologies Inc. (NasdaqCM:TRSG),SG,,,,,,,UNVERIFIED,TRSG.SI,yfinance_data_gap,False
Electronics & Semiconductors,Semiconductor Equip,Singapore,SGX,558,UMS Integration Limited (SGX:558),SG,,,,0.17417999,0.10411,0.204,PROFITABLE,558.SI,,True
Electronics & Semiconductors,Electronics (General),Singapore,SGX,V03,Venture Corporation Limited (SGX:V03),SG,,,,0.08879,0.08473,0.074,PROFITABLE,V03.SI,,False
Electronics & Semiconductors,Electronics (General),Singapore,Catalist,NXR,iWOW Technology Limited (Catalist:NXR),SG,,,,-0.043509997,-0.08315,0.267,NOT-PROFITABLE,NXR.SI,,True
Electronics & Semiconductors,Semiconductor,South Africa,JSE,LAB,Labat Africa Limited (JSE:LAB),ZA,,,,0.48826,1.27973,3.529,PROFITABLE,LAB.JO,,True
Electronics & Semiconductors,Computers/Peripherals,South Africa,JSE,MST,Mustek Limited (JSE:MST),ZA,,,,0.01007,0.045819998,-0.024,PROFITABLE,MST.JO,,False
Electronics & Semiconductors,Semiconductor,South Korea,KOSDAQ,A177900,3A Logics Inc. (KOSDAQ:A177900),KR,,,,,,,UNVERIFIED,A177900.KS,yfinance_data_gap,False
Electronics & Semiconductors,Electronics (General),South Korea,KOSDAQ,A060310,"3S KOREA Co., Ltd. (KOSDAQ:A060310)",KR,,,,,,,UNVERIFIED,A060310.KS,yfinance_data_gap,False
Electronics & Semiconductors,Electronics (General),South Korea,KOSDAQ,A036010,"ABCO Electronics Co., Ltd. (KOSDAQ:A036010)",KR,,,,,,,UNVERIFIED,A036010.KS,yfinance_data_gap,False
Electronics & Semiconductors,Semiconductor,South Korea,KOSDAQ,A102120,"ABOV Semiconductor Co., Ltd. (KOSDAQ:A102120)",KR,,,,,,,UNVERIFIED,A102120.KS,yfinance_data_gap,False
Electronics & Semiconductors,Semiconductor,South Korea,KOSDAQ,A200710,"ADTechnology Co.,Ltd. (KOSDAQ:A200710)",KR,,,,,,,UNVERIFIED,A200710.KS,yfinance_data_gap,False
Electronics & Semiconductors,Electronics (General),South Korea,XKON,A102950,"AHA Co.,Ltd. (XKON:A102950)",KR,,,,,,,UNVERIFIED,A102950.KS,yfinance_data_gap,False
Electronics & Semiconductors,Semiconductor,South Korea,KOSDAQ,A172670,"ALT Co., Ltd (KOSDAQ:A172670)",KR,,,,,,,UNVERIFIED,A172670.KS,yfinance_data_gap,False
Electronics & Semiconductors,Semiconductor,South Korea,KOSDAQ,A200470,"APACT Co., Ltd. (KOSDAQ:A200470)",KR,,,,,,,UNVERIFIED,A200470.KS,yfinance_data_gap,False
Electronics & Semiconductors,Semiconductor Equip,South Korea,KOSDAQ,A054620,APS Inc. (KOSDAQ:A054620),KR,,,,,,,UNVERIFIED,A054620.KS,yfinance_data_gap,False
Electronics & Semiconductors,Semiconductor Equip,South Korea,KOSDAQ,A159010,"ASFLOW Co., LTD. (KOSDAQ:A159010)",KR,,,,,,,UNVERIFIED,A159010.KS,yfinance_data_gap,False
Electronics & Semiconductors,Semiconductor,South Korea,KOSDAQ,A445090,"ASICLAND Co., Ltd. (KOSDAQ:A445090)",KR,,,,,,,UNVERIFIED,A445090.KS,yfinance_data_gap,False
Electronics & Semiconductors,Electronics (General),South Korea,KOSDAQ,A224110,"ATEC MOBILITY Co., Ltd (KOSDAQ:A224110)",KR,,,,,,,UNVERIFIED,A224110.KS,yfinance_data_gap,False
Electronics & Semiconductors,Semiconductor,South Korea,KOSE,A017900,AUK Corp. (KOSE:A017900),KR,,,,,,,UNVERIFIED,A017900.KS,yfinance_data_gap,False
Electronics & Semiconductors,Semiconductor Equip,South Korea,KOSDAQ,A322310,"AUROS Technology, Inc. (KOSDAQ:A322310)",KR,,,,,,,UNVERIFIED,A322310.KS,yfinance_data_gap,False
Electronics & Semiconductors,Computers/Peripherals,South Korea,KOSDAQ,A129890,"Abko Co., Ltd. (KOSDAQ:A129890)",KR,,,,,,,UNVERIFIED,A129890.KS,yfinance_data_gap,False
Electronics & Semiconductors,Telecom. Equipment,South Korea,KOSDAQ,A088800,Ace Technologies Corp. (KOSDAQ:A088800),KR,,,,,,,UNVERIFIED,A088800.KS,yfinance_data_gap,False
Electronics & Semiconductors,Electronics (General),South Korea,KOSDAQ,A290740,"ActRO Co., Ltd (KOSDAQ:A290740)",KR,,,,,,,UNVERIFIED,A290740.KS,yfinance_data_gap,False
Electronics & Semiconductors,Semiconductor Equip,South Korea,KOSDAQ,A265520,Advanced Process Systems Corporation (KOSDAQ:A265520),KR,,,,,,,UNVERIFIED,A265520.KS,yfinance_data_gap,False
Electronics & Semiconductors,Semiconductor,South Korea,KOSDAQ,A059120,"Ajinextek Co., Ltd. (KOSDAQ:A059120)",KR,,,,,,,UNVERIFIED,A059120.KS,yfinance_data_gap,False
Electronics & Semiconductors,Telecom. Equipment,South Korea,KOSDAQ,A297570,Aloys Inc. (KOSDAQ:A297570),KR,,,,,,,UNVERIFIED,A297570.KS,yfinance_data_gap,False
Electronics & Semiconductors,Semiconductor,South Korea,KOSDAQ,A117670,"Alphachips, Inc. (KOSDAQ:A117670)",KR,,,,,,,UNVERIFIED,A117670.KS,yfinance_data_gap,False
Electronics & Semiconductors,Electronics (General),South Korea,KOSDAQ,A357580,"Amosense Co.,Ltd. (KOSDAQ:A357580)",KR,,,,,,,UNVERIFIED,A357580.KS,yfinance_data_gap,False
Electronics & Semiconductors,Electronics (General),South Korea,KOSDAQ,A052710,"Amotech Co., Ltd. (KOSDAQ:A052710)",KR,,,,,,,UNVERIFIED,A052710.KS,yfinance_data_gap,False
Electronics & Semiconductors,Electronics (Consumer & Office),South Korea,KOSE,A008700,"Anam Electronics Co.,Ltd. (KOSE:A008700)",KR,,,,,,,UNVERIFIED,A008700.KS,yfinance_data_gap,False
Electronics & Semiconductors,Semiconductor,South Korea,KOSDAQ,A123860,"Anapass, Inc. (KOSDAQ:A123860)",KR,,,,,,,UNVERIFIED,A123860.KS,yfinance_data_gap,False
Electronics & Semiconductors,Computers/Peripherals,South Korea,KOSDAQ,A096690,"Aroot Co., Ltd. (KOSDAQ:A096690)",KR,,,,,,,UNVERIFIED,A096690.KS,yfinance_data_gap,False
Electronics & Semiconductors,Telecom. Equipment,South Korea,KOSDAQ,A211270,Asia Pacific Satellite Inc. (KOSDAQ:A211270),KR,,,,,,,UNVERIFIED,A211270.KS,yfinance_data_gap,False
Electronics & Semiconductors,Computers/Peripherals,South Korea,KOSDAQ,A045660,Atec Co. Ltd. (KOSDAQ:A045660),KR,,,,,,,UNVERIFIED,A045660.KS,yfinance_data_gap,False
Electronics & Semiconductors,Semiconductor Equip,South Korea,KOSDAQ,A083930,"Avaco Co., Ltd. (KOSDAQ:A083930)",KR,,,,,,,UNVERIFIED,A083930.KS,yfinance_data_gap,False
Electronics & Semiconductors,Electronics (General),South Korea,KOSDAQ,A149950,"Avatec Co., Ltd. (KOSDAQ:A149950)",KR,,,,,,,UNVERIFIED,A149950.KS,yfinance_data_gap,False
Electronics & Semiconductors,Semiconductor Equip,South Korea,KOSDAQ,A146320,"BCnC Co., Ltd. (KOSDAQ:A146320)",KR,,,,,,,UNVERIFIED,A146320.KS,yfinance_data_gap,False
Electronics & Semiconductors,Electronics (Consumer & Office),South Korea,KOSDAQ,A046310,BG T&A Co. (KOSDAQ:A046310),KR,,,,,,,UNVERIFIED,A046310.KS,yfinance_data_gap,False
Electronics & Semiconductors,Electronics (General),South Korea,KOSE,A090460,"BH Co., Ltd. (KOSE:A090460)",KR,,,,,,,UNVERIFIED,A090460.KS,yfinance_data_gap,False
Electronics & Semiconductors,Semiconductor Equip,South Korea,KOSDAQ,A050090,"BK Holdings CO.,LTD. (KOSDAQ:A050090)",KR,,,,,,,UNVERIFIED,A050090.KS,yfinance_data_gap,False
Electronics & Semiconductors,Computers/Peripherals,South Korea,KOSDAQ,A064520,"Barun Electronics Co., Ltd. (KOSDAQ:A064520)",KR,,,,,,,UNVERIFIED,A064520.KS,yfinance_data_gap,False
Electronics & Semiconductors,Computers/Peripherals,South Korea,KOSDAQ,A038460,"BioSmart Co.,Ltd. (KOSDAQ:A038460)",KR,,,,,,,UNVERIFIED,A038460.KS,yfinance_data_gap,False
Electronics & Semiconductors,Electronics (General),South Korea,KOSDAQ,A093190,"Bixolon Co., Ltd (KOSDAQ:A093190)",KR,,,,,,,UNVERIFIED,A093190.KS,yfinance_data_gap,False
Electronics & Semiconductors,Computers/Peripherals,South Korea,KOSDAQ,A033560,"Bluecom Co., Ltd. (KOSDAQ:A033560)",KR,,,,,,,UNVERIFIED,A033560.KS,yfinance_data_gap,False
Electronics & Semiconductors,Electronics (General),South Korea,XKON,A191600,"Bluetop Co.,Ltd. (XKON:A191600)",KR,,,,,,,UNVERIFIED,A191600.KS,yfinance_data_gap,False
Electronics & Semiconductors,Semiconductor Equip,South Korea,KOSDAQ,A264660,"C&G Hi Tech Co., Ltd (KOSDAQ:A264660)",KR,,,,,,,UNVERIFIED,A264660.KS,yfinance_data_gap,False
Electronics & Semiconductors,Electronics (General),South Korea,KOSDAQ,A198080,"CAP Co.,Ltd. (KOSDAQ:A198080)",KR,,,,,,,UNVERIFIED,A198080.KS,yfinance_data_gap,False
Electronics & Semiconductors,Electronics (General),South Korea,KOSDAQ,A089010,"CHEMTRONICS.Co.,Ltd. (KOSDAQ:A089010)",KR,,,,,,,UNVERIFIED,A089010.KS,yfinance_data_gap,False
Electronics & Semiconductors,Computers/Peripherals,South Korea,KOSE,A004920,"CITECH Co., Ltd. (KOSE:A004920)",KR,,,,,,,UNVERIFIED,A004920.KS,yfinance_data_gap,False
Electronics & Semiconductors,Semiconductor Equip,South Korea,KOSDAQ,A388210,"CMTX Co.,Ltd. (KOSDAQ:A388210)",KR,,,,,,,UNVERIFIED,A388210.KS,yfinance_data_gap,False
Electronics & Semiconductors,Telecom. Equipment,South Korea,XKON,A245450,"CNSLINK Co,. Ltd (XKON:A245450)",KR,,,,,,,UNVERIFIED,A245450.KS,yfinance_data_gap,False
Electronics & Semiconductors,Telecom. Equipment,South Korea,KOSDAQ,A056730,CNT85 Inc. (KOSDAQ:A056730),KR,,,,,,,UNVERIFIED,A056730.KS,yfinance_data_gap,False
Electronics & Semiconductors,Computers/Peripherals,South Korea,KOSDAQ,A448710,"COTS Technology Co., Ltd. (KOSDAQ:A448710)",KR,,,,,,,UNVERIFIED,A448710.KS,yfinance_data_gap,False
Electronics & Semiconductors,Telecom. Equipment,South Korea,KOSDAQ,A065770,CS Corporation (KOSDAQ:A065770),KR,,,,,,,UNVERIFIED,A065770.KS,yfinance_data_gap,False
Electronics & Semiconductors,Electronics (General),South Korea,KOSDAQ,A376290,CU-Tech Corporation (KOSDAQ:A376290),KR,,,,,,,UNVERIFIED,A376290.KS,yfinance_data_gap,False
Electronics & Semiconductors,Semiconductor Equip,South Korea,KOSDAQ,A160980,CYMECHS Inc. (KOSDAQ:A160980),KR,,,,,,,UNVERIFIED,A160980.KS,yfinance_data_gap,False
Electronics & Semiconductors,Electronics (General),South Korea,KOSDAQ,A050110,CammSys Corp. (KOSDAQ:A050110),KR,,,,,,,UNVERIFIED,A050110.KS,yfinance_data_gap,False
Electronics & Semiconductors,Semiconductor Equip,South Korea,KOSDAQ,A313760,"Carry Co., Ltd. (KOSDAQ:A313760)",KR,,,,,,,UNVERIFIED,A313760.KS,yfinance_data_gap,False
Electronics & Semiconductors,Semiconductor Equip,South Korea,KOSE,A009310,"Charm Engineering Co.,Ltd. (KOSE:A009310)",KR,,,,,,,UNVERIFIED,A009310.KS,yfinance_data_gap,False
Electronics & Semiconductors,Telecom. Equipment,South Korea,KOSDAQ,A094360,"Chips&Media, Inc. (KOSDAQ:A094360)",KR,,,,,,,UNVERIFIED,A094360.KS,yfinance_data_gap,False
Electronics & Semiconductors,Electronics (General),South Korea,KOSDAQ,A196450,"CoAsia CM Co.,Ltd (KOSDAQ:A196450)",KR,,,,,,,UNVERIFIED,A196450.KS,yfinance_data_gap,False
Electronics & Semiconductors,Electronics (General),South Korea,KOSDAQ,A045970,CoAsia Corporation (KOSDAQ:A045970),KR,,,,,,,UNVERIFIED,A045970.KS,yfinance_data_gap,False
Electronics & Semiconductors,Telecom. Equipment,South Korea,KOSDAQ,A056360,"Comunication Weaver Co.,Ltd. (KOSDAQ:A056360)",KR,,,,,,,UNVERIFIED,A056360.KS,yfinance_data_gap,False
Electronics & Semiconductors,Electronics (General),South Korea,XKON,A189350,Coset Inc. (XKON:A189350),KR,,,,,,,UNVERIFIED,A189350.KS,yfinance_data_gap,False
Electronics & Semiconductors,Computers/Peripherals,South Korea,KOSE,A005070,"Cosmo Advanced Materials & Technology Co., Ltd. (KOSE:A005070)",KR,,,,,,,UNVERIFIED,A005070.KS,yfinance_data_gap,False
Electronics & Semiconductors,Electronics (General),South Korea,KOSDAQ,A360350,"Coxem Co., Ltd (KOSDAQ:A360350)",KR,,,,,,,UNVERIFIED,A360350.KS,yfinance_data_gap,False
Electronics & Semiconductors,Semiconductor Equip,South Korea,KOSE,A003160,D.I Corporation (KOSE:A003160),KR,,,,,,,UNVERIFIED,A003160.KS,yfinance_data_gap,False
Electronics & Semiconductors,Electronics (General),South Korea,KOSDAQ,A045390,"DAEA TI Co., Ltd. (KOSDAQ:A045390)",KR,,,,,,,UNVERIFIED,A045390.KS,yfinance_data_gap,False
Electronics & Semiconductors,Electronics (General),South Korea,KOSE,A353200,"DAEDUCK ELECTRONICS Co., Ltd. (KOSE:A353200)",KR,,,,,,,UNVERIFIED,A353200.KS,yfinance_data_gap,False
Electronics & Semiconductors,Electronics (General),South Korea,KOSDAQ,A131220,"DAIHAN Scientific Co., Ltd. (KOSDAQ:A131220)",KR,,,,,,,UNVERIFIED,A131220.KS,yfinance_data_gap,False
Electronics & Semiconductors,Electronics (General),South Korea,KOSDAQ,A066900,DAP Corporation (KOSDAQ:A066900),KR,,,,,,,UNVERIFIED,A066900.KS,yfinance_data_gap,False
Electronics & Semiconductors,Telecom. Equipment,South Korea,KOSDAQ,A039560,"DASAN Networks, Inc. (KOSDAQ:A039560)",KR,,,,,,,UNVERIFIED,A039560.KS,yfinance_data_gap,False
Electronics & Semiconductors,Telecom. Equipment,South Korea,KOSDAQ,A340360,DAVOLINK Inc. (KOSDAQ:A340360),KR,,,,,,,UNVERIFIED,A340360.KS,yfinance_data_gap,False
Electronics & Semiconductors,Semiconductor,South Korea,KOSE,A000990,"DB HiTek CO., LTD. (KOSE:A000990)",KR,,,,,,,UNVERIFIED,A000990.KS,yfinance_data_gap,False
Electronics & Semiconductors,Semiconductor Equip,South Korea,KOSDAQ,A079810,"DE&T Co., Ltd. (KOSDAQ:A079810)",KR,,,,,,,UNVERIFIED,A079810.KS,yfinance_data_gap,False
Electronics & Semiconductors,Semiconductor Equip,South Korea,KOSDAQ,A187870,"DEVICE CO.,Ltd (KOSDAQ:A187870)",KR,,,,,,,UNVERIFIED,A187870.KS,yfinance_data_gap,False
Electronics & Semiconductors,Electronics (Consumer & Office),South Korea,KOSDAQ,A025440,"DHAUTOWARE Co., LTD (KOSDAQ:A025440)",KR,,,,,,,UNVERIFIED,A025440.KS,yfinance_data_gap,False
Electronics & Semiconductors,Semiconductor Equip,South Korea,KOSDAQ,A110990,DIT Corp. (KOSDAQ:A110990),KR,,,,,,,UNVERIFIED,A110990.KS,yfinance_data_gap,False
Electronics & Semiconductors,Electronics (General),South Korea,KOSDAQ,A290550,"DK Tech CO., LTD (KOSDAQ:A290550)",KR,,,,,,,UNVERIFIED,A290550.KS,yfinance_data_gap,False
Electronics & Semiconductors,Semiconductor Equip,South Korea,KOSDAQ,A092070,"DNF Co.,Ltd. (KOSDAQ:A092070)",KR,,,,,,,UNVERIFIED,A092070.KS,yfinance_data_gap,False
Electronics & Semiconductors,Semiconductor,South Korea,KOSDAQ,A131970,DOOSAN TESNA Inc. (KOSDAQ:A131970),KR,,,,,,,UNVERIFIED,A131970.KS,yfinance_data_gap,False
Electronics & Semiconductors,Electronics (General),South Korea,KOSE,A192650,"DREAMTECH Co., Ltd. (KOSE:A192650)",KR,,,,,,,UNVERIFIED,A192650.KS,yfinance_data_gap,False
Electronics & Semiconductors,Semiconductor Equip,South Korea,KOSDAQ,A109740,"DSK Co., Ltd. (KOSDAQ:A109740)",KR,,,,,,,UNVERIFIED,A109740.KS,yfinance_data_gap,False
Electronics & Semiconductors,Semiconductor,South Korea,KOSDAQ,A066670,"DTC Co., Ltd. (KOSDAQ:A066670)",KR,,,,,,,UNVERIFIED,A066670.KS,yfinance_data_gap,False
Electronics & Semiconductors,Semiconductor,South Korea,KOSDAQ,A317330,"DUKSAN TECHOPIA Co.,Ltd. (KOSDAQ:A317330)",KR,,,,,,,UNVERIFIED,A317330.KS,yfinance_data_gap,False
Electronics & Semiconductors,Electronics (General),South Korea,KOSE,A008060,"Daeduck Co.,Ltd. (KOSE:A008060)",KR,,,,,,,UNVERIFIED,A008060.KS,yfinance_data_gap,False
Electronics & Semiconductors,Electronics (General),South Korea,KOSDAQ,A078600,"Daejoo Electronic Materials Co., Ltd. (KOSDAQ:A078600)",KR,,,,,,,UNVERIFIED,A078600.KS,yfinance_data_gap,False
Electronics & Semiconductors,Electronics (General),South Korea,KOSDAQ,A263600,"Derkwoo Electronics Co., Ltd (KOSDAQ:A263600)",KR,,,,,,,UNVERIFIED,A263600.KS,yfinance_data_gap,False
Electronics & Semiconductors,Computers/Peripherals,South Korea,KOSDAQ,A043360,Digital Graphics Incorporation (KOSDAQ:A043360),KR,,,,,,,UNVERIFIED,A043360.KS,yfinance_data_gap,False
Electronics & Semiconductors,Computers/Peripherals,South Korea,KOSDAQ,A131180,Dilli Illustrate Inc. (KOSDAQ:A131180),KR,,,,,,,UNVERIFIED,A131180.KS,yfinance_data_gap,False
Electronics & Semiconductors,Electronics (General),South Korea,KOSDAQ,A088130,"Dong A Eltek Co., Ltd. (KOSDAQ:A088130)",KR,,,,,,,UNVERIFIED,A088130.KS,yfinance_data_gap,False
Electronics & Semiconductors,Electronics (General),South Korea,KOSDAQ,A032960,"Dongil Technology, Ltd (KOSDAQ:A032960)",KR,,,,,,,UNVERIFIED,A032960.KS,yfinance_data_gap,False
Electronics & Semiconductors,Semiconductor,South Korea,KOSDAQ,A094170,"Dongwoon Anatech Co., Ltd. (KOSDAQ:A094170)",KR,,,,,,,UNVERIFIED,A094170.KS,yfinance_data_gap,False
Electronics & Semiconductors,Electronics (General),South Korea,KOSDAQ,A484120,"Dowooinsys Co., Ltd. (KOSDAQ:A484120)",KR,,,,,,,UNVERIFIED,A484120.KS,yfinance_data_gap,False
Electronics & Semiconductors,Electronics (Consumer & Office),South Korea,KOSDAQ,A060570,Dreamus Company (KOSDAQ:A060570),KR,,,,,,,UNVERIFIED,A060570.KS,yfinance_data_gap,False
Electronics & Semiconductors,Semiconductor,South Korea,KOSDAQ,A213420,"Duk San Neolux Co.,Ltd (KOSDAQ:A213420)",KR,,,,,,,UNVERIFIED,A213420.KS,yfinance_data_gap,False
Electronics & Semiconductors,Semiconductor,South Korea,KOSDAQ,A077360,"Duksan Hi Metal Co.,Ltd (KOSDAQ:A077360)",KR,,,,,,,UNVERIFIED,A077360.KS,yfinance_data_gap,False
Electronics & Semiconductors,Semiconductor Equip,South Korea,XKON,A341310,"E&H Co., Ltd. (XKON:A341310)",KR,,,,,,,UNVERIFIED,A341310.KS,yfinance_data_gap,False
Electronics & Semiconductors,Semiconductor,South Korea,KOSDAQ,A041520,"ELC Co.,Ltd. (KOSDAQ:A041520)",KR,,,,,,,UNVERIFIED,A041520.KS,yfinance_data_gap,False
Electronics & Semiconductors,Semiconductor Equip,South Korea,KOSDAQ,A063760,ELP Corporation (KOSDAQ:A063760),KR,,,,,,,UNVERIFIED,A063760.KS,yfinance_data_gap,False
Electronics & Semiconductors,Electronics (General),South Korea,KOSDAQ,A091120,"EM-Tech.CO., LTD. (KOSDAQ:A091120)",KR,,,,,,,UNVERIFIED,A091120.KS,yfinance_data_gap,False
Electronics & Semiconductors,Semiconductor,South Korea,KOSDAQ,A083470,"EMnI Co., Ltd. (KOSDAQ:A083470)",KR,,,,,,,UNVERIFIED,A083470.KS,yfinance_data_gap,False
Electronics & Semiconductors,Semiconductor Equip,South Korea,KOSDAQ,A039030,"EO Technics Co., Ltd. (KOSDAQ:A039030)",KR,,,,,,,UNVERIFIED,A039030.KS,yfinance_data_gap,False
Electronics & Semiconductors,Electronics (Consumer & Office),South Korea,KOSDAQ,A069510,ESTec Corporation (KOSDAQ:A069510),KR,,,,,,,UNVERIFIED,A069510.KS,yfinance_data_gap,False
Electronics & Semiconductors,Electronics (General),South Korea,KOSDAQ,A131400,"EV Advanced Material Co.,Ltd (KOSDAQ:A131400)",KR,,,,,,,UNVERIFIED,A131400.KS,yfinance_data_gap,False
Electronics & Semiconductors,Electronics (General),South Korea,KOSDAQ,A097780,"Eco Volt Co.,Ltd. (KOSDAQ:A097780)",KR,,,,,,,UNVERIFIED,A097780.KS,yfinance_data_gap,False
Electronics & Semiconductors,Electronics (General),South Korea,KOSDAQ,A037950,"Elcomtec Co., Ltd (KOSDAQ:A037950)",KR,,,,,,,UNVERIFIED,A037950.KS,yfinance_data_gap,False
Electronics & Semiconductors,Electronics (General),South Korea,XKON,A276240,"Elivision.co., Ltd (XKON:A276240)",KR,,,,,,,UNVERIFIED,A276240.KS,yfinance_data_gap,False
Electronics & Semiconductors,Electronics (General),South Korea,XKON,A278990,"Emb Co.,Ltd. (XKON:A278990)",KR,,,,,,,UNVERIFIED,A278990.KS,yfinance_data_gap,False
Electronics & Semiconductors,Semiconductor Equip,South Korea,KOSDAQ,A084370,"Eugene Technology Co.,Ltd. (KOSDAQ:A084370)",KR,,,,,,,UNVERIFIED,A084370.KS,yfinance_data_gap,False
Electronics & Semiconductors,Semiconductor Equip,South Korea,KOSDAQ,A092870,"Exicon Co., Ltd. (KOSDAQ:A092870)",KR,,,,,,,UNVERIFIED,A092870.KS,yfinance_data_gap,False
Electronics & Semiconductors,Telecom. Equipment,South Korea,KOSDAQ,A031310,Eyesvision Corp. (KOSDAQ:A031310),KR,,,,,,,UNVERIFIED,A031310.KS,yfinance_data_gap,False
Electronics & Semiconductors,Electronics (General),South Korea,KOSDAQ,A368770,"FIBERPRO, Inc. (KOSDAQ:A368770)",KR,,,,,,,UNVERIFIED,A368770.KS,yfinance_data_gap,False
Electronics & Semiconductors,Telecom. Equipment,South Korea,KOSDAQ,A038950,FINEDIGITAL Inc. (KOSDAQ:A038950),KR,,,,,,,UNVERIFIED,A038950.KS,yfinance_data_gap,False
Electronics & Semiconductors,Semiconductor Equip,South Korea,KOSDAQ,A083500,"FNS TECH. Co., Ltd (KOSDAQ:A083500)",KR,,,,,,,UNVERIFIED,A083500.KS,yfinance_data_gap,False
Electronics & Semiconductors,Electronics (General),South Korea,KOSDAQ,A331380,"FOCUS AI Co., Ltd. (KOSDAQ:A331380)",KR,,,,,,,UNVERIFIED,A331380.KS,yfinance_data_gap,False
Electronics & Semiconductors,Electronics (General),South Korea,KOSDAQ,A370090,FURONTEER Inc. (KOSDAQ:A370090),KR,,,,,,,UNVERIFIED,A370090.KS,yfinance_data_gap,False
Electronics & Semiconductors,Semiconductor,South Korea,KOSDAQ,A032580,"Fidelix Co., Ltd. (KOSDAQ:A032580)",KR,,,,,,,UNVERIFIED,A032580.KS,yfinance_data_gap,False
Electronics & Semiconductors,Electronics (General),South Korea,KOSDAQ,A127980,"Fine Circuit Co., Ltd. (KOSDAQ:A127980)",KR,,,,,,,UNVERIFIED,A127980.KS,yfinance_data_gap,False
Electronics & Semiconductors,Electronics (General),South Korea,KOSDAQ,A049120,"Fine DNC Co., Ltd. (KOSDAQ:A049120)",KR,,,,,,,UNVERIFIED,A049120.KS,yfinance_data_gap,False
Electronics & Semiconductors,Electronics (General),South Korea,KOSDAQ,A441270,"Fine M-Tec CO.,LTD. (KOSDAQ:A441270)",KR,,,,,,,UNVERIFIED,A441270.KS,yfinance_data_gap,False
Electronics & Semiconductors,Semiconductor Equip,South Korea,KOSDAQ,A036810,Fine Semitech Corp. (KOSDAQ:A036810),KR,,,,,,,UNVERIFIED,A036810.KS,yfinance_data_gap,False
Electronics & Semiconductors,Semiconductor,South Korea,KOSDAQ,A131760,"Finetek Co., Ltd. (KOSDAQ:A131760)",KR,,,,,,,UNVERIFIED,A131760.KS,yfinance_data_gap,False
Electronics & Semiconductors,Telecom. Equipment,South Korea,KOSDAQ,A033790,Fino Inc. (KOSDAQ:A033790),KR,,,,,,,UNVERIFIED,A033790.KS,yfinance_data_gap,False
Electronics & Semiconductors,Telecom. Equipment,South Korea,KOSDAQ,A073540,Frtek Co.Ltd. (KOSDAQ:A073540),KR,,,,,,,UNVERIFIED,A073540.KS,yfinance_data_gap,False
Electronics & Semiconductors,Semiconductor Equip,South Korea,KOSDAQ,A049080,"GIGALANE Co.,Ltd. (KOSDAQ:A049080)",KR,,,,,,,UNVERIFIED,A049080.KS,yfinance_data_gap,False
Electronics & Semiconductors,Electronics (General),South Korea,KOSDAQ,A446840,"GITSN, Inc (KOSDAQ:A446840)",KR,,,,,,,UNVERIFIED,A446840.KS,yfinance_data_gap,False
Electronics & Semiconductors,Electronics (General),South Korea,KOSDAQ,A311320,"GO Element Co., Ltd. (KOSDAQ:A311320)",KR,,,,,,,UNVERIFIED,A311320.KS,yfinance_data_gap,False
Electronics & Semiconductors,Semiconductor,South Korea,KOSDAQ,A399720,"Gaonchips Co., Ltd. (KOSDAQ:A399720)",KR,,,,,,,UNVERIFIED,A399720.KS,yfinance_data_gap,False
Electronics & Semiconductors,Semiconductor Equip,South Korea,KOSDAQ,A082270,"GemVax&KAEL Co.,Ltd. (KOSDAQ:A082270)",KR,,,,,,,UNVERIFIED,A082270.KS,yfinance_data_gap,False
Electronics & Semiconductors,Semiconductor Equip,South Korea,KOSDAQ,A217190,Genesem Inc. (KOSDAQ:A217190),KR,,,,,,,UNVERIFIED,A217190.KS,yfinance_data_gap,False
Electronics & Semiconductors,Semiconductor Equip,South Korea,KOSDAQ,A420770,"GigaVis Co., Ltd. (KOSDAQ:A420770)",KR,,,,,,,UNVERIFIED,A420770.KS,yfinance_data_gap,False
Electronics & Semiconductors,Semiconductor Equip,South Korea,KOSDAQ,A083450,"Global Standard Technology, Limited (KOSDAQ:A083450)",KR,,,,,,,UNVERIFIED,A083450.KS,yfinance_data_gap,False
Electronics & Semiconductors,Computers/Peripherals,South Korea,KOSDAQ,A0015G0,"Green Optics Co., Ltd. (KOSDAQ:A0015G0)",KR,,,,,,,UNVERIFIED,A0015G0.KS,yfinance_data_gap,False
Electronics & Semiconductors,Semiconductor Equip,South Korea,KOSDAQ,A402490,"Green Resource Co., Ltd. (KOSDAQ:A402490)",KR,,,,,,,UNVERIFIED,A402490.KS,yfinance_data_gap,False
Electronics & Semiconductors,Electronics (General),South Korea,XKON,A044990,H&S Hightech Corp. (XKON:A044990),KR,,,,,,,UNVERIFIED,A044990.KS,yfinance_data_gap,False
Electronics & Semiconductors,Semiconductor Equip,South Korea,KOSE,A195870,"HAESUNG DS Co., Ltd. (KOSE:A195870)",KR,,,,,,,UNVERIFIED,A195870.KS,yfinance_data_gap,False
Electronics & Semiconductors,Semiconductor,South Korea,KOSDAQ,A067310,HANA Micron Inc. (KOSDAQ:A067310),KR,,,,,,,UNVERIFIED,A067310.KS,yfinance_data_gap,False
Electronics & Semiconductors,Semiconductor Equip,South Korea,KOSE,A042700,"HANMI Semiconductor Co., Ltd. (KOSE:A042700)",KR,,,,,,,UNVERIFIED,A042700.KS,yfinance_data_gap,False
Electronics & Semiconductors,Semiconductor Equip,South Korea,KOSDAQ,A297890,"HB SOLUTION Co., Ltd. (KOSDAQ:A297890)",KR,,,,,,,UNVERIFIED,A297890.KS,yfinance_data_gap,False
Electronics & Semiconductors,Semiconductor Equip,South Korea,KOSDAQ,A078150,"HB Technology CO.,LTD. (KOSDAQ:A078150)",KR,,,,,,,UNVERIFIED,A078150.KS,yfinance_data_gap,False
Electronics & Semiconductors,Semiconductor,South Korea,KOSE,A322000,"HD Hyundai Energy Solutions Co.,Ltd. (KOSE:A322000)",KR,,,,,,,UNVERIFIED,A322000.KS,yfinance_data_gap,False
Electronics & Semiconductors,Telecom. Equipment,South Korea,KOSDAQ,A230240,"HFR, Inc. (KOSDAQ:A230240)",KR,,,,,,,UNVERIFIED,A230240.KS,yfinance_data_gap,False
Electronics & Semiconductors,Semiconductor Equip,South Korea,KOSDAQ,A238490,"HIMS Co.,Ltd. (KOSDAQ:A238490)",KR,,,,,,,UNVERIFIED,A238490.KS,yfinance_data_gap,False
Electronics & Semiconductors,Electronics (General),South Korea,KOSDAQ,A044780,"HK Co., Ltd. (KOSDAQ:A044780)",KR,,,,,,,UNVERIFIED,A044780.KS,yfinance_data_gap,False
Electronics & Semiconductors,Semiconductor Equip,South Korea,KOSDAQ,A024850,"HLB innoVation Co.,Ltd. (KOSDAQ:A024850)",KR,,,,,,,UNVERIFIED,A024850.KS,yfinance_data_gap,False
Electronics & Semiconductors,Semiconductor,South Korea,KOSDAQ,A036170,"HMNEX Co., Ltd. (KOSDAQ:A036170)",KR,,,,,,,UNVERIFIED,A036170.KS,yfinance_data_gap,False
Electronics & Semiconductors,Semiconductor Equip,South Korea,KOSDAQ,A403870,"HPSP Co., Ltd. (KOSDAQ:A403870)",KR,,,,,,,UNVERIFIED,A403870.KS,yfinance_data_gap,False
Electronics & Semiconductors,Telecom. Equipment,South Korea,KOSDAQ,A175140,"HUMAN TECHNOLOGY Co., Ltd (KOSDAQ:A175140)",KR,,,,,,,UNVERIFIED,A175140.KS,yfinance_data_gap,False
Electronics & Semiconductors,Electronics (General),South Korea,KOSDAQ,A076610,"Haesung Optics Co., Ltd. (KOSDAQ:A076610)",KR,,,,,,,UNVERIFIED,A076610.KS,yfinance_data_gap,False
Electronics & Semiconductors,Telecom. Equipment,South Korea,KOSDAQ,A091440,"HanWool Materials Science, Inc. (KOSDAQ:A091440)",KR,,,,,,,UNVERIFIED,A091440.KS,yfinance_data_gap,False
Electronics & Semiconductors,Semiconductor Equip,South Korea,KOSDAQ,A320000,"HanWool Semiconductor, Inc. (KOSDAQ:A320000)",KR,,,,,,,UNVERIFIED,A320000.KS,yfinance_data_gap,False
Electronics & Semiconductors,Semiconductor Equip,South Korea,KOSDAQ,A166090,Hana Materials Inc. (KOSDAQ:A166090),KR,,,,,,,UNVERIFIED,A166090.KS,yfinance_data_gap,False
Electronics & Semiconductors,Electronics (General),South Korea,KOSDAQ,A092460,"Hanla IMS Co., Ltd. (KOSDAQ:A092460)",KR,,,,,,,UNVERIFIED,A092460.KS,yfinance_data_gap,False
Electronics & Semiconductors,Semiconductor,South Korea,KOSDAQ,A114810,"Hansol IONES Co.,Ltd. (KOSDAQ:A114810)",KR,,,,,,,UNVERIFIED,A114810.KS,yfinance_data_gap,False
Electronics & Semiconductors,Semiconductor,South Korea,KOSE,A004710,"Hansol Technics Co., Ltd. (KOSE:A004710)",KR,,,,,,,UNVERIFIED,A004710.KS,yfinance_data_gap,False
Electronics & Semiconductors,Semiconductor Equip,South Korea,KOSDAQ,A066980,"Hansung Cleantech Co., Ltd. (KOSDAQ:A066980)",KR,,,,,,,UNVERIFIED,A066980.KS,yfinance_data_gap,False
Electronics & Semiconductors,Electronics (General),South Korea,KOSE,A489790,"Hanwha Vision CO.,LTD (KOSE:A489790)",KR,,,,,,,UNVERIFIED,A489790.KS,yfinance_data_gap,False
Electronics & Semiconductors,Semiconductor,South Korea,KOSDAQ,A078350,"Hanyang Digitech Co., Ltd. (KOSDAQ:A078350)",KR,,,,,,,UNVERIFIED,A078350.KS,yfinance_data_gap,False
Electronics & Semiconductors,Telecom. Equipment,South Korea,KOSDAQ,A064240,"Homecast Co.,Ltd. (KOSDAQ:A064240)",KR,,,,,,,UNVERIFIED,A064240.KS,yfinance_data_gap,False
Electronics & Semiconductors,Telecom. Equipment,South Korea,KOSDAQ,A115160,"Humax Co., Ltd. (KOSDAQ:A115160)",KR,,,,,,,UNVERIFIED,A115160.KS,yfinance_data_gap,False
Electronics & Semiconductors,Telecom. Equipment,South Korea,KOSDAQ,A028080,"Humax Holdings Co., Ltd. (KOSDAQ:A028080)",KR,,,,,,,UNVERIFIED,A028080.KS,yfinance_data_gap,False
Electronics & Semiconductors,Telecom. Equipment,South Korea,KOSE,A005870,Huneed Technologies (KOSE:A005870),KR,,,,,,,UNVERIFIED,A005870.KS,yfinance_data_gap,False
Electronics & Semiconductors,Electronics (General),South Korea,KOSDAQ,A126700,HyVision System. Inc (KOSDAQ:A126700),KR,,,,,,,UNVERIFIED,A126700.KS,yfinance_data_gap,False
Electronics & Semiconductors,Electronics (General),South Korea,KOSDAQ,A092300,"Hyunwoo Industrial Co., LTD (KOSDAQ:A092300)",KR,,,,,,,UNVERIFIED,A092300.KS,yfinance_data_gap,False
Electronics & Semiconductors,Semiconductor,South Korea,KOSDAQ,A052860,"I&C Technology Co., Ltd. (KOSDAQ:A052860)",KR,,,,,,,UNVERIFIED,A052860.KS,yfinance_data_gap,False
Electronics & Semiconductors,Semiconductor Equip,South Korea,KOSDAQ,A040910,"ICD Co., Ltd. (KOSDAQ:A040910)",KR,,,,,,,UNVERIFIED,A040910.KS,yfinance_data_gap,False
Electronics & Semiconductors,Electronics (General),South Korea,KOSDAQ,A368600,"ICH Co., Ltd. (KOSDAQ:A368600)",KR,,,,,,,UNVERIFIED,A368600.KS,yfinance_data_gap,False
Electronics & Semiconductors,Semiconductor,South Korea,KOSDAQ,A456010,"ICTK Co., Ltd. (KOSDAQ:A456010)",KR,,,,,,,UNVERIFIED,A456010.KS,yfinance_data_gap,False
Electronics & Semiconductors,Electronics (General),South Korea,KOSDAQ,A054800,"IDIS Holdings Co., Ltd. (KOSDAQ:A054800)",KR,,,,,,,UNVERIFIED,A054800.KS,yfinance_data_gap,False
Electronics & Semiconductors,Computers/Peripherals,South Korea,KOSDAQ,A332370,"IDP Corp., Ltd. (KOSDAQ:A332370)",KR,,,,,,,UNVERIFIED,A332370.KS,yfinance_data_gap,False
Electronics & Semiconductors,Semiconductor,South Korea,XKON,A149010,"IK Semicon Co.,Ltd (XKON:A149010)",KR,,,,,,,UNVERIFIED,A149010.KS,yfinance_data_gap,False
Electronics & Semiconductors,Semiconductor,South Korea,KOSDAQ,A178780,"ILWOUL GML Co.,Ltd (KOSDAQ:A178780)",KR,,,,,,,UNVERIFIED,A178780.KS,yfinance_data_gap,False
Electronics & Semiconductors,Semiconductor,South Korea,KOSDAQ,A115610,"IMAGIS Co., Ltd. (KOSDAQ:A115610)",KR,,,,,,,UNVERIFIED,A115610.KS,yfinance_data_gap,False
Electronics & Semiconductors,Semiconductor Equip,South Korea,KOSDAQ,A451220,"IMT Co., Ltd. (KOSDAQ:A451220)",KR,,,,,,,UNVERIFIED,A451220.KS,yfinance_data_gap,False
Electronics & Semiconductors,Electronics (General),South Korea,KOSDAQ,A083640,"INCON Co.,Ltd. (KOSDAQ:A083640)",KR,,,,,,,UNVERIFIED,A083640.KS,yfinance_data_gap,False
Electronics & Semiconductors,Semiconductor Equip,South Korea,KOSDAQ,A272290,"INNOX Advanced Materials Co.,Ltd. (KOSDAQ:A272290)",KR,,,,,,,UNVERIFIED,A272290.KS,yfinance_data_gap,False
Electronics & Semiconductors,Semiconductor Equip,South Korea,KOSDAQ,A064290,"INTEKPLUS Co., Ltd. (KOSDAQ:A064290)",KR,,,,,,,UNVERIFIED,A064290.KS,yfinance_data_gap,False
Electronics & Semiconductors,Semiconductor Equip,South Korea,KOSDAQ,A079950,"INVENIA Co., Ltd. (KOSDAQ:A079950)",KR,,,,,,,UNVERIFIED,A079950.KS,yfinance_data_gap,False
Electronics & Semiconductors,Semiconductor Equip,South Korea,KOSDAQ,A095340,"ISC Co., Ltd. (KOSDAQ:A095340)",KR,,,,,,,UNVERIFIED,A095340.KS,yfinance_data_gap,False
Electronics & Semiconductors,Semiconductor Equip,South Korea,KOSDAQ,A212710,"ISTE Co., Ltd. (KOSDAQ:A212710)",KR,,,,,,,UNVERIFIED,A212710.KS,yfinance_data_gap,False
Electronics & Semiconductors,Electronics (General),South Korea,KOSE,A007660,"ISU Petasys Co., Ltd. (KOSE:A007660)",KR,,,,,,,UNVERIFIED,A007660.KS,yfinance_data_gap,False
Electronics & Semiconductors,Semiconductor,South Korea,KOSDAQ,A119830,"ITEK, Inc. (KOSDAQ:A119830)",KR,,,,,,,UNVERIFIED,A119830.KS,yfinance_data_gap,False
Electronics & Semiconductors,Semiconductor,South Korea,KOSDAQ,A084850,"ITM Semiconductor Co., Ltd. (KOSDAQ:A084850)",KR,,,,,,,UNVERIFIED,A084850.KS,yfinance_data_gap,False
Electronics & Semiconductors,Electronics (General),South Korea,XKON,A403810,Il Conus Co. Ltd (XKON:A403810),KR,,,,,,,UNVERIFIED,A403810.KS,yfinance_data_gap,False
Electronics & Semiconductors,Telecom. Equipment,South Korea,KOSDAQ,A215790,Inno Instrument Inc. (KOSDAQ:A215790),KR,,,,,,,UNVERIFIED,A215790.KS,yfinance_data_gap,False
Electronics & Semiconductors,Electronics (General),South Korea,KOSDAQ,A302430,"Innometry Co., Ltd. (KOSDAQ:A302430)",KR,,,,,,,UNVERIFIED,A302430.KS,yfinance_data_gap,False
Electronics & Semiconductors,Telecom. Equipment,South Korea,KOSDAQ,A073490,"Innowireless Co., Ltd. (KOSDAQ:A073490)",KR,,,,,,,UNVERIFIED,A073490.KS,yfinance_data_gap,False
Electronics & Semiconductors,Semiconductor Equip,South Korea,KOSDAQ,A088390,Innox Corporation (KOSDAQ:A088390),KR,,,,,,,UNVERIFIED,A088390.KS,yfinance_data_gap,False
Electronics & Semiconductors,Telecom. Equipment,South Korea,KOSDAQ,A189300,"Intellian Technologies, Inc. (KOSDAQ:A189300)",KR,,,,,,,UNVERIFIED,A189300.KS,yfinance_data_gap,False
Electronics & Semiconductors,Electronics (General),South Korea,KOSDAQ,A143160,"Intelligent Digital Integrated Security Co., Ltd. (KOSDAQ:A143160)",KR,,,,,,,UNVERIFIED,A143160.KS,yfinance_data_gap,False
Electronics & Semiconductors,Electronics (Consumer & Office),South Korea,KOSDAQ,A017250,Inter-M Corporation (KOSDAQ:A017250),KR,,,,,,,UNVERIFIED,A017250.KS,yfinance_data_gap,False
Electronics & Semiconductors,Electronics (General),South Korea,KOSDAQ,A051370,"Interflex Co., Ltd. (KOSDAQ:A051370)",KR,,,,,,,UNVERIFIED,A051370.KS,yfinance_data_gap,False
Electronics & Semiconductors,Electronics (General),South Korea,KOSDAQ,A049070,"Intops Co., Ltd. (KOSDAQ:A049070)",KR,,,,,,,UNVERIFIED,A049070.KS,yfinance_data_gap,False
Electronics & Semiconductors,Electronics (General),South Korea,KOSDAQ,A037330,"Inzi Display Co.,Ltd (KOSDAQ:A037330)",KR,,,,,,,UNVERIFIED,A037330.KS,yfinance_data_gap,False
Electronics & Semiconductors,Semiconductor,South Korea,KOSDAQ,A464500,Iron Device Corporation (KOSDAQ:A464500),KR,,,,,,,UNVERIFIED,A464500.KS,yfinance_data_gap,False
Electronics & Semiconductors,Semiconductor Equip,South Korea,KOSDAQ,A090470,"JASTECH, Ltd. (KOSDAQ:A090470)",KR,,,,,,,UNVERIFIED,A090470.KS,yfinance_data_gap,False
Electronics & Semiconductors,Computers/Peripherals,South Korea,KOSDAQ,A033320,"JCH Systems, Inc. (KOSDAQ:A033320)",KR,,,,,,,UNVERIFIED,A033320.KS,yfinance_data_gap,False
Electronics & Semiconductors,Semiconductor Equip,South Korea,KOSDAQ,A417500,"JI-Tech Co., Ltd. (KOSDAQ:A417500)",KR,,,,,,,UNVERIFIED,A417500.KS,yfinance_data_gap,False
Electronics & Semiconductors,Electronics (General),South Korea,KOSDAQ,A094970,"JMT Co.,Ltd. (KOSDAQ:A094970)",KR,,,,,,,UNVERIFIED,A094970.KS,yfinance_data_gap,False
Electronics & Semiconductors,Semiconductor,South Korea,KOSDAQ,A452160,"JNB Co., Ltd. (KOSDAQ:A452160)",KR,,,,,,,UNVERIFIED,A452160.KS,yfinance_data_gap,False
Electronics & Semiconductors,Electronics (General),South Korea,KOSDAQ,A204270,"JNTC Co., Ltd. (KOSDAQ:A204270)",KR,,,,,,,UNVERIFIED,A204270.KS,yfinance_data_gap,False
Electronics & Semiconductors,Telecom. Equipment,South Korea,KOSDAQ,A051980,"JOONGANG ADVANCED MATERIALS Co., Ltd. (KOSDAQ:A051980)",KR,,,,,,,UNVERIFIED,A051980.KS,yfinance_data_gap,False
Electronics & Semiconductors,Computers/Peripherals,South Korea,KOSE,A044380,"JOOYONTECH CO., Ltd (KOSE:A044380)",KR,,,,,,,UNVERIFIED,A044380.KS,yfinance_data_gap,False
Electronics & Semiconductors,Semiconductor Equip,South Korea,KOSDAQ,A089790,JT Corporation (KOSDAQ:A089790),KR,,,,,,,UNVERIFIED,A089790.KS,yfinance_data_gap,False
Electronics & Semiconductors,Semiconductor Equip,South Korea,KOSDAQ,A036930,"JUSUNG ENGINEERING Co.,Ltd. (KOSDAQ:A036930)",KR,,,,,,,UNVERIFIED,A036930.KS,yfinance_data_gap,False
Electronics & Semiconductors,Electronics (General),South Korea,KOSDAQ,A049630,"Jaeyoung Solutec Co., Ltd. (KOSDAQ:A049630)",KR,,,,,,,UNVERIFIED,A049630.KS,yfinance_data_gap,False
Electronics & Semiconductors,Electronics (General),South Korea,KOSE,A033240,"Jahwa Electronics. Co., Ltd (KOSE:A033240)",KR,,,,,,,UNVERIFIED,A033240.KS,yfinance_data_gap,False
Electronics & Semiconductors,Semiconductor,South Korea,KOSDAQ,A080220,Jeju Semiconductor Corp. (KOSDAQ:A080220),KR,,,,,,,UNVERIFIED,A080220.KS,yfinance_data_gap,False
Electronics & Semiconductors,Semiconductor,South Korea,KOSDAQ,A033050,"Jeong Moon Information. Co., Ltd (KOSDAQ:A033050)",KR,,,,,,,UNVERIFIED,A033050.KS,yfinance_data_gap,False
Electronics & Semiconductors,Semiconductor Equip,South Korea,KOSDAQ,A417840,"Justem Co., Ltd. (KOSDAQ:A417840)",KR,,,,,,,UNVERIFIED,A417840.KS,yfinance_data_gap,False
Electronics & Semiconductors,Telecom. Equipment,South Korea,KOSDAQ,A078890,"KAON Group Co., Ltd. (KOSDAQ:A078890)",KR,,,,,,,UNVERIFIED,A078890.KS,yfinance_data_gap,False
Electronics & Semiconductors,Semiconductor,South Korea,KOSDAQ,A038530,KBIO COMPANY Inc. (KOSDAQ:A038530),KR,,,,,,,UNVERIFIED,A038530.KS,yfinance_data_gap,False
Electronics & Semiconductors,Semiconductor Equip,South Korea,KOSE,A029460,"KC Co., Ltd. (KOSE:A029460)",KR,,,,,,,UNVERIFIED,A029460.KS,yfinance_data_gap,False
Electronics & Semiconductors,Semiconductor Equip,South Korea,KOSE,A281820,"KCTech Co., Ltd. (KOSE:A281820)",KR,,,,,,,UNVERIFIED,A281820.KS,yfinance_data_gap,False
Electronics & Semiconductors,Semiconductor,South Korea,KOSE,A006200,"KEC Holdings Co., Ltd. (KOSE:A006200)",KR,,,,,,,UNVERIFIED,A006200.KS,yfinance_data_gap,False
Electronics & Semiconductors,Electronics (General),South Korea,KOSDAQ,A106080,KEM Tech Corp. (KOSDAQ:A106080),KR,,,,,,,UNVERIFIED,A106080.KS,yfinance_data_gap,False
Electronics & Semiconductors,Telecom. Equipment,South Korea,KOSDAQ,A079190,"KESPION Co., Ltd. (KOSDAQ:A079190)",KR,,,,,,,UNVERIFIED,A079190.KS,yfinance_data_gap,False
Electronics & Semiconductors,Electronics (General),South Korea,KOSDAQ,A060720,"KHVATEC Co.,Ltd. (KOSDAQ:A060720)",KR,,,,,,,UNVERIFIED,A060720.KS,yfinance_data_gap,False
Electronics & Semiconductors,Semiconductor Equip,South Korea,KOSDAQ,A272110,"KNJ Co., Ltd. (KOSDAQ:A272110)",KR,,,,,,,UNVERIFIED,A272110.KS,yfinance_data_gap,False
Electronics & Semiconductors,Electronics (General),South Korea,KOSDAQ,A126730,KORCHIP Inc. (KOSDAQ:A126730),KR,,,,,,,UNVERIFIED,A126730.KS,yfinance_data_gap,False
Electronics & Semiconductors,Telecom. Equipment,South Korea,KOSDAQ,A062970,"KOREA ADVANCED MATERIALS Co., Ltd. (KOSDAQ:A062970)",KR,,,,,,,UNVERIFIED,A062970.KS,yfinance_data_gap,False
Electronics & Semiconductors,Semiconductor Equip,South Korea,KOSDAQ,A089890,"KOSES Co.,Ltd (KOSDAQ:A089890)",KR,,,,,,,UNVERIFIED,A089890.KS,yfinance_data_gap,False
Electronics & Semiconductors,Semiconductor,South Korea,KOSE,A092220,Kec Corporation (KOSE:A092220),KR,,,,,,,UNVERIFIED,A092220.KS,yfinance_data_gap,False
Electronics & Semiconductors,Semiconductor Equip,South Korea,KOSDAQ,A256940,Keeps Biopharma Inc. (KOSDAQ:A256940),KR,,,,,,,UNVERIFIED,A256940.KS,yfinance_data_gap,False
Electronics & Semiconductors,Telecom. Equipment,South Korea,KOSDAQ,A035460,"Kisan Telecom Co., Ltd (KOSDAQ:A035460)",KR,,,,,,,UNVERIFIED,A035460.KS,yfinance_data_gap,False
Electronics & Semiconductors,Telecom. Equipment,South Korea,KOSDAQ,A032500,Kmw Inc. (KOSDAQ:A032500),KR,,,,,,,UNVERIFIED,A032500.KS,yfinance_data_gap,False
Electronics & Semiconductors,Semiconductor Equip,South Korea,KOSDAQ,A183300,KoMiCo Ltd. (KOSDAQ:A183300),KR,,,,,,,UNVERIFIED,A183300.KS,yfinance_data_gap,False
Electronics & Semiconductors,Telecom. Equipment,South Korea,KOSDAQ,A015710,"Kocom Co., Ltd. (KOSDAQ:A015710)",KR,,,,,,,UNVERIFIED,A015710.KS,yfinance_data_gap,False
Electronics & Semiconductors,Semiconductor Equip,South Korea,KOSDAQ,A098460,Koh Young Technology Inc. (KOSDAQ:A098460),KR,,,,,,,UNVERIFIED,A098460.KS,yfinance_data_gap,False
Electronics & Semiconductors,Computers/Peripherals,South Korea,KOSDAQ,A052400,"Kona I Co.,Ltd. (KOSDAQ:A052400)",KR,,,,,,,UNVERIFIED,A052400.KS,yfinance_data_gap,False
Electronics & Semiconductors,Electronics (General),South Korea,KOSE,A007810,"Korea Circuit Co., Ltd. (KOSE:A007810)",KR,,,,,,,UNVERIFIED,A007810.KS,yfinance_data_gap,False
Electronics & Semiconductors,Electronics (General),South Korea,KOSDAQ,A054040,Korea Computer Inc. (KOSDAQ:A054040),KR,,,,,,,UNVERIFIED,A054040.KS,yfinance_data_gap,False
Electronics & Semiconductors,Computers/Peripherals,South Korea,KOSDAQ,A089150,Korea Computer Terminal Inc. (KOSDAQ:A089150),KR,,,,,,,UNVERIFIED,A089150.KS,yfinance_data_gap,False
Electronics & Semiconductors,Semiconductor,South Korea,KOSDAQ,A093640,"Korea Robot Manufacturing Co.,Ltd. (KOSDAQ:A093640)",KR,,,,,,,UNVERIFIED,A093640.KS,yfinance_data_gap,False
Electronics & Semiconductors,Computers/Peripherals,South Korea,KOSDAQ,A052330,Kortek Corporation (KOSDAQ:A052330),KR,,,,,,,UNVERIFIED,A052330.KS,yfinance_data_gap,False
Electronics & Semiconductors,Electronics (General),South Korea,KOSDAQ,A355150,"Kostecsys. Co., Ltd. (KOSDAQ:A355150)",KR,,,,,,,UNVERIFIED,A355150.KS,yfinance_data_gap,False
Electronics & Semiconductors,Semiconductor Equip,South Korea,XKON,A169670,"Kostek Systems, Inc. (XKON:A169670)",KR,,,,,,,UNVERIFIED,A169670.KS,yfinance_data_gap,False
Electronics & Semiconductors,Semiconductor Equip,South Korea,KOSDAQ,A052900,"Kx Hitech Co., Ltd. (KOSDAQ:A052900)",KR,,,,,,,UNVERIFIED,A052900.KS,yfinance_data_gap,False
Electronics & Semiconductors,Electronics (Consumer & Office),South Korea,KOSE,A009140,"Kyungin Electronics Co., Ltd (KOSE:A009140)",KR,,,,,,,UNVERIFIED,A009140.KS,yfinance_data_gap,False
Electronics & Semiconductors,Electronics (General),South Korea,KOSDAQ,A300120,LAON PEOPLE Inc (KOSDAQ:A300120),KR,,,,,,,UNVERIFIED,A300120.KS,yfinance_data_gap,False
Electronics & Semiconductors,Semiconductor,South Korea,XKON,A311060,"LAT Co.,Ltd. (XKON:A311060)",KR,,,,,,,UNVERIFIED,A311060.KS,yfinance_data_gap,False
Electronics & Semiconductors,Semiconductor,South Korea,KOSDAQ,A061970,LB Semicon Inc. (KOSDAQ:A061970),KR,,,,,,,UNVERIFIED,A061970.KS,yfinance_data_gap,False
Electronics & Semiconductors,Semiconductor,South Korea,KOSDAQ,A096870,LDT Inc. (KOSDAQ:A096870),KR,,,,,,,UNVERIFIED,A096870.KS,yfinance_data_gap,False
Electronics & Semiconductors,Semiconductor,South Korea,KOSDAQ,A058470,LEENO Industrial Inc. (KOSDAQ:A058470),KR,,,,,,,UNVERIFIED,A058470.KS,yfinance_data_gap,False
Electronics & Semiconductors,Electronics (General),South Korea,KOSE,A034220,"LG Display Co., Ltd. (KOSE:A034220)",KR,,,,,,,UNVERIFIED,A034220.KS,yfinance_data_gap,False
Electronics & Semiconductors,Electronics (Consumer & Office),South Korea,KOSE,A066570,LG Electronics Inc. (KOSE:A066570),KR,,,,,,,UNVERIFIED,A066570.KS,yfinance_data_gap,False
Electronics & Semiconductors,Electronics (General),South Korea,KOSE,A011070,"LG Innotek Co., Ltd. (KOSE:A011070)",KR,,,,,,,UNVERIFIED,A011070.KS,yfinance_data_gap,False
Electronics & Semiconductors,Electronics (Consumer & Office),South Korea,KOSDAQ,A225190,"LK Samyang Co., Ltd (KOSDAQ:A225190)",KR,,,,,,,UNVERIFIED,A225190.KS,yfinance_data_gap,False
Electronics & Semiconductors,Semiconductor Equip,South Korea,KOSDAQ,A083310,"LOT VACUUM Co., Ltd. (KOSDAQ:A083310)",KR,,,,,,,UNVERIFIED,A083310.KS,yfinance_data_gap,False
Electronics & Semiconductors,Semiconductor Equip,South Korea,XKON,A162120,"LUKEN Technologies Co., Ltd. (XKON:A162120)",KR,,,,,,,UNVERIFIED,A162120.KS,yfinance_data_gap,False
Electronics & Semiconductors,Semiconductor,South Korea,KOSE,A108320,"LX Semicon Co., Ltd. (KOSE:A108320)",KR,,,,,,,UNVERIFIED,A108320.KS,yfinance_data_gap,False
Electronics & Semiconductors,Semiconductor Equip,South Korea,KOSDAQ,A412350,Laserssel Co. Ltd. (KOSDAQ:A412350),KR,,,,,,,UNVERIFIED,A412350.KS,yfinance_data_gap,False
Electronics & Semiconductors,Telecom. Equipment,South Korea,KOSDAQ,A388790,"LiComm Co., Ltd. (KOSDAQ:A388790)",KR,,,,,,,UNVERIFIED,A388790.KS,yfinance_data_gap,False
Electronics & Semiconductors,Telecom. Equipment,South Korea,KOSDAQ,A069540,Lightron Fiber-Optic Devices Inc. (KOSDAQ:A069540),KR,,,,,,,UNVERIFIED,A069540.KS,yfinance_data_gap,False
Electronics & Semiconductors,Electronics (General),South Korea,KOSDAQ,A193250,Linked Inc. (KOSDAQ:A193250),KR,,,,,,,UNVERIFIED,A193250.KS,yfinance_data_gap,False
Electronics & Semiconductors,Electronics (General),South Korea,KOSE,A020150,Lotte Energy Materials Corporation (KOSE:A020150),KR,,,,,,,UNVERIFIED,A020150.KS,yfinance_data_gap,False
Electronics & Semiconductors,Semiconductor,South Korea,KOSDAQ,A038060,"Lumens Co., Ltd. (KOSDAQ:A038060)",KR,,,,,,,UNVERIFIED,A038060.KS,yfinance_data_gap,False
Electronics & Semiconductors,Semiconductor,South Korea,XKON,A092590,"Luxpia Co., Ltd. (XKON:A092590)",KR,,,,,,,UNVERIFIED,A092590.KS,yfinance_data_gap,False
Electronics & Semiconductors,Electronics (General),South Korea,KOSDAQ,A347890,M2I Corporation (KOSDAQ:A347890),KR,,,,,,,UNVERIFIED,A347890.KS,yfinance_data_gap,False
Electronics & Semiconductors,Electronics (General),South Korea,KOSE,A097520,"MCNEX Co., Ltd (KOSE:A097520)",KR,,,,,,,UNVERIFIED,A097520.KS,yfinance_data_gap,False
Electronics & Semiconductors,Semiconductor,South Korea,KOSDAQ,A226590,"MEGAELECTRONICS Co., Ltd. (KOSDAQ:A226590)",KR,,,,,,,UNVERIFIED,A226590.KS,yfinance_data_gap,False
Electronics & Semiconductors,Semiconductor Equip,South Korea,KOSDAQ,A424980,"MICRO2NANO, Inc. (KOSDAQ:A424980)",KR,,,,,,,UNVERIFIED,A424980.KS,yfinance_data_gap,False
Electronics & Semiconductors,Semiconductor,South Korea,KOSDAQ,A033160,"MK Electron Co., Ltd. (KOSDAQ:A033160)",KR,,,,,,,UNVERIFIED,A033160.KS,yfinance_data_gap,False
Electronics & Semiconductors,Computers/Peripherals,South Korea,KOSDAQ,A101330,"MOBASE Co.,Ltd. (KOSDAQ:A101330)",KR,,,,,,,UNVERIFIED,A101330.KS,yfinance_data_gap,False
Electronics & Semiconductors,Semiconductor,South Korea,NYSE,MX,Magnachip Semiconductor Corporation (NYSE:MX),KR,,,,,,,UNVERIFIED,MX.KS,yfinance_data_gap,False
Electronics & Semiconductors,Semiconductor Equip,South Korea,KOSDAQ,A241770,"Mecaro Co., Ltd. (KOSDAQ:A241770)",KR,,,,,,,UNVERIFIED,A241770.KS,yfinance_data_gap,False
Electronics & Semiconductors,Telecom. Equipment,South Korea,KOSDAQ,A100590,Mercury Corporation (KOSDAQ:A100590),KR,,,,,,,UNVERIFIED,A100590.KS,yfinance_data_gap,False
Electronics & Semiconductors,Semiconductor Equip,South Korea,KOSDAQ,A059090,MiCo Ltd. (KOSDAQ:A059090),KR,,,,,,,UNVERIFIED,A059090.KS,yfinance_data_gap,False
Electronics & Semiconductors,Semiconductor,South Korea,KOSDAQ,A098120,"Micro Contact Solution Co., Ltd. (KOSDAQ:A098120)",KR,,,,,,,UNVERIFIED,A098120.KS,yfinance_data_gap,False
Electronics & Semiconductors,Electronics (General),South Korea,KOSDAQ,A452200,"MinTech Co., Ltd. (KOSDAQ:A452200)",KR,,,,,,,UNVERIFIED,A452200.KS,yfinance_data_gap,False
Electronics & Semiconductors,Semiconductor Equip,South Korea,KOSE,A025560,Mirae Corporation (KOSE:A025560),KR,,,,,,,UNVERIFIED,A025560.KS,yfinance_data_gap,False
Electronics & Semiconductors,Electronics (General),South Korea,KOSDAQ,A250060,"Mobiis Co., Ltd. (KOSDAQ:A250060)",KR,,,,,,,UNVERIFIED,A250060.KS,yfinance_data_gap,False
Electronics & Semiconductors,Electronics (General),South Korea,KOSDAQ,A080420,"Moda-InnoChips Co., Ltd. (KOSDAQ:A080420)",KR,,,,,,,UNVERIFIED,A080420.KS,yfinance_data_gap,False
Electronics & Semiconductors,Electronics (General),South Korea,KOSDAQ,A417970,"Model Solution Co., Ltd. (KOSDAQ:A417970)",KR,,,,,,,UNVERIFIED,A417970.KS,yfinance_data_gap,False
Electronics & Semiconductors,Semiconductor,South Korea,KOSDAQ,A101400,"N Citron, Inc. (KOSDAQ:A101400)",KR,,,,,,,UNVERIFIED,A101400.KS,yfinance_data_gap,False
Electronics & Semiconductors,Semiconductor Equip,South Korea,KOSDAQ,A227950,"N2Tech Co.,Ltd (KOSDAQ:A227950)",KR,,,,,,,UNVERIFIED,A227950.KS,yfinance_data_gap,False
Electronics & Semiconductors,Semiconductor Equip,South Korea,KOSDAQ,A482630,NC Chem Corporation (KOSDAQ:A482630),KR,,,,,,,UNVERIFIED,A482630.KS,yfinance_data_gap,False
Electronics & Semiconductors,Semiconductor,South Korea,KOSDAQ,A092600,"NC& Co.,Ltd (KOSDAQ:A092600)",KR,,,,,,,UNVERIFIED,A092600.KS,yfinance_data_gap,False
Electronics & Semiconductors,Semiconductor Equip,South Korea,KOSDAQ,A348210,"NEXTIN, Inc. (KOSDAQ:A348210)",KR,,,,,,,UNVERIFIED,A348210.KS,yfinance_data_gap,False
Electronics & Semiconductors,Electronics (Consumer & Office),South Korea,KOSE,A004270,Namsung Corp. (KOSE:A004270),KR,,,,,,,UNVERIFIED,A004270.KS,yfinance_data_gap,False
Electronics & Semiconductors,Electronics (General),South Korea,KOSDAQ,A190510,"Namuga Co., Ltd. (KOSDAQ:A190510)",KR,,,,,,,UNVERIFIED,A190510.KS,yfinance_data_gap,False
Electronics & Semiconductors,Semiconductor Equip,South Korea,KOSDAQ,A306620,"Neontech Co.,Ltd. (KOSDAQ:A306620)",KR,,,,,,,UNVERIFIED,A306620.KS,yfinance_data_gap,False
Electronics & Semiconductors,Semiconductor Equip,South Korea,KOSDAQ,A253590,Neosem Inc. (KOSDAQ:A253590),KR,,,,,,,UNVERIFIED,A253590.KS,yfinance_data_gap,False
Electronics & Semiconductors,Semiconductor,South Korea,KOSDAQ,A330860,Nepes Ark Corporation (KOSDAQ:A330860),KR,,,,,,,UNVERIFIED,A330860.KS,yfinance_data_gap,False
Electronics & Semiconductors,Semiconductor,South Korea,KOSDAQ,A033640,Nepes Corporation (KOSDAQ:A033640),KR,,,,,,,UNVERIFIED,A033640.KS,yfinance_data_gap,False
Electronics & Semiconductors,Semiconductor Equip,South Korea,KOSDAQ,A144960,New Power Plasma (KOSDAQ:A144960),KR,,,,,,,UNVERIFIED,A144960.KS,yfinance_data_gap,False
Electronics & Semiconductors,Electronics (General),South Korea,KOSDAQ,A085670,"NewFlex Technology Co., Ltd. (KOSDAQ:A085670)",KR,,,,,,,UNVERIFIED,A085670.KS,yfinance_data_gap,False
Electronics & Semiconductors,Semiconductor Equip,South Korea,KOSDAQ,A351320,"Nexa Dynamics Co., Ltd. (KOSDAQ:A351320)",KR,,,,,,,UNVERIFIED,A351320.KS,yfinance_data_gap,False
Electronics & Semiconductors,Electronics (General),South Korea,KOSDAQ,A137940,"NextEye Co., Ltd. (KOSDAQ:A137940)",KR,,,,,,,UNVERIFIED,A137940.KS,yfinance_data_gap,False
Electronics & Semiconductors,Semiconductor,South Korea,KOSDAQ,A396270,"Nextchip Co., Ltd. (KOSDAQ:A396270)",KR,,,,,,,UNVERIFIED,A396270.KS,yfinance_data_gap,False
Electronics & Semiconductors,Electronics (General),South Korea,KOSDAQ,A012340,"Nuintek Co.,Ltd. (KOSDAQ:A012340)",KR,,,,,,,UNVERIFIED,A012340.KS,yfinance_data_gap,False
Electronics & Semiconductors,Telecom. Equipment,South Korea,KOSDAQ,A040160,"NuriFlex Co.,Ltd. (KOSDAQ:A040160)",KR,,,,,,,UNVERIFIED,A040160.KS,yfinance_data_gap,False
Electronics & Semiconductors,Semiconductor,South Korea,KOSDAQ,A080520,"ODTech Co., Ltd. (KOSDAQ:A080520)",KR,,,,,,,UNVERIFIED,A080520.KS,yfinance_data_gap,False
Electronics & Semiconductors,Telecom. Equipment,South Korea,KOSDAQ,A138080,"OE Solutions Co., Ltd. (KOSDAQ:A138080)",KR,,,,,,,UNVERIFIED,A138080.KS,yfinance_data_gap,False
Electronics & Semiconductors,Semiconductor Equip,South Korea,KOSDAQ,A080580,"OKins Electronics Co.,Ltd. (KOSDAQ:A080580)",KR,,,,,,,UNVERIFIED,A080580.KS,yfinance_data_gap,False
Electronics & Semiconductors,Telecom. Equipment,South Korea,KOSDAQ,A192410,"ONEUL E&M co.,Ltd. (KOSDAQ:A192410)",KR,,,,,,,UNVERIFIED,A192410.KS,yfinance_data_gap,False
Electronics & Semiconductors,Electronics (General),South Korea,KOSDAQ,A082210,OPTRONTEC Inc. (KOSDAQ:A082210),KR,,,,,,,UNVERIFIED,A082210.KS,yfinance_data_gap,False
Electronics & Semiconductors,Electronics (General),South Korea,KOSDAQ,A057540,"Omnisystem Co.,Ltd. (KOSDAQ:A057540)",KR,,,,,,,UNVERIFIED,A057540.KS,yfinance_data_gap,False
Electronics & Semiconductors,Semiconductor,South Korea,KOSDAQ,A394280,"Openedges Technology, Inc. (KOSDAQ:A394280)",KR,,,,,,,UNVERIFIED,A394280.KS,yfinance_data_gap,False
Electronics & Semiconductors,Telecom. Equipment,South Korea,KOSDAQ,A380540,OptiCore Inc. (KOSDAQ:A380540),KR,,,,,,,UNVERIFIED,A380540.KS,yfinance_data_gap,False
Electronics & Semiconductors,Telecom. Equipment,South Korea,KOSDAQ,A109080,Opticis Company Limited (KOSDAQ:A109080),KR,,,,,,,UNVERIFIED,A109080.KS,yfinance_data_gap,False
Electronics & Semiconductors,Semiconductor Equip,South Korea,KOSDAQ,A052420,"Osung Advanced Materials Co., Ltd. (KOSDAQ:A052420)",KR,,,,,,,UNVERIFIED,A052420.KS,yfinance_data_gap,False
Electronics & Semiconductors,Semiconductor Equip,South Korea,KOSDAQ,A239890,"P&H Tech Co., Ltd. (KOSDAQ:A239890)",KR,,,,,,,UNVERIFIED,A239890.KS,yfinance_data_gap,False
Electronics & Semiconductors,Electronics (General),South Korea,KOSDAQ,A065690,"PAKERS.Co.,Ltd. (KOSDAQ:A065690)",KR,,,,,,,UNVERIFIED,A065690.KS,yfinance_data_gap,False
Electronics & Semiconductors,Electronics (General),South Korea,KOSDAQ,A168360,PEMTRON Corporation (KOSDAQ:A168360),KR,,,,,,,UNVERIFIED,A168360.KS,yfinance_data_gap,False
Electronics & Semiconductors,Electronics (General),South Korea,KOSDAQ,A452450,"PIE Co., LTD. (KOSDAQ:A452450)",KR,,,,,,,UNVERIFIED,A452450.KS,yfinance_data_gap,False
Electronics & Semiconductors,Semiconductor Equip,South Korea,KOSDAQ,A347770,PIMS Inc. (KOSDAQ:A347770),KR,,,,,,,UNVERIFIED,A347770.KS,yfinance_data_gap,False
Electronics & Semiconductors,Telecom. Equipment,South Korea,KOSDAQ,A170790,"PIOLINK, Inc. (KOSDAQ:A170790)",KR,,,,,,,UNVERIFIED,A170790.KS,yfinance_data_gap,False
Electronics & Semiconductors,Electronics (General),South Korea,KOSDAQ,A006140,"PJ Electronics Co., Ltd. (KOSDAQ:A006140)",KR,,,,,,,UNVERIFIED,A006140.KS,yfinance_data_gap,False
Electronics & Semiconductors,Electronics (General),South Korea,KOSDAQ,A237750,"PNC Technologies co., Ltd (KOSDAQ:A237750)",KR,,,,,,,UNVERIFIED,A237750.KS,yfinance_data_gap,False
Electronics & Semiconductors,Semiconductor Equip,South Korea,KOSDAQ,A256630,"POINT ENGINEERING Co.,Ltd. (KOSDAQ:A256630)",KR,,,,,,,UNVERIFIED,A256630.KS,yfinance_data_gap,False
Electronics & Semiconductors,Electronics (General),South Korea,KOSDAQ,A371950,"POONGWON PRECISION CO.,Ltd. (KOSDAQ:A371950)",KR,,,,,,,UNVERIFIED,A371950.KS,yfinance_data_gap,False
Electronics & Semiconductors,Electronics (General),South Korea,KOSDAQ,A002230,"PS Tec. Co., Ltd. (KOSDAQ:A002230)",KR,,,,,,,UNVERIFIED,A002230.KS,yfinance_data_gap,False
Electronics & Semiconductors,Semiconductor Equip,South Korea,KOSDAQ,A031980,PSK HOLDINGS Inc. (KOSDAQ:A031980),KR,,,,,,,UNVERIFIED,A031980.KS,yfinance_data_gap,False
Electronics & Semiconductors,Semiconductor Equip,South Korea,KOSDAQ,A319660,PSK Inc. (KOSDAQ:A319660),KR,,,,,,,UNVERIFIED,A319660.KS,yfinance_data_gap,False
Electronics & Semiconductors,Electronics (General),South Korea,KOSDAQ,A140860,Park Systems Corp. (KOSDAQ:A140860),KR,,,,,,,UNVERIFIED,A140860.KS,yfinance_data_gap,False
Electronics & Semiconductors,Electronics (General),South Korea,KOSDAQ,A091700,"Partron Co., Ltd. (KOSDAQ:A091700)",KR,,,,,,,UNVERIFIED,A091700.KS,yfinance_data_gap,False
Electronics & Semiconductors,Electronics (General),South Korea,KOSDAQ,A177830,"Pavonine Co., Ltd. (KOSDAQ:A177830)",KR,,,,,,,UNVERIFIED,A177830.KS,yfinance_data_gap,False
Electronics & Semiconductors,Electronics (General),South Korea,KOSDAQ,A332570,"Pentastone Electronics, Inc. (KOSDAQ:A332570)",KR,,,,,,,UNVERIFIED,A332570.KS,yfinance_data_gap,False
Electronics & Semiconductors,Semiconductor Equip,South Korea,KOSDAQ,A161580,"Philoptics Co., Ltd. (KOSDAQ:A161580)",KR,,,,,,,UNVERIFIED,A161580.KS,yfinance_data_gap,False
Electronics & Semiconductors,Electronics (General),South Korea,KOSDAQ,A208710,"Photon Co., Ltd. (KOSDAQ:A208710)",KR,,,,,,,UNVERIFIED,A208710.KS,yfinance_data_gap,False
Electronics & Semiconductors,Electronics (General),South Korea,KOSDAQ,A291810,"Pintel Co., Ltd. (KOSDAQ:A291810)",KR,,,,,,,UNVERIFIED,A291810.KS,yfinance_data_gap,False
Electronics & Semiconductors,Semiconductor,South Korea,KOSDAQ,A087600,"Pixelplus. Co., Ltd. (KOSDAQ:A087600)",KR,,,,,,,UNVERIFIED,A087600.KS,yfinance_data_gap,False
Electronics & Semiconductors,Computers/Peripherals,South Korea,KOSDAQ,A318020,"Point Mobile Co., Ltd. (KOSDAQ:A318020)",KR,,,,,,,UNVERIFIED,A318020.KS,yfinance_data_gap,False
Electronics & Semiconductors,Electronics (General),South Korea,KOSDAQ,A105760,"Posbank Co.,Ltd. (KOSDAQ:A105760)",KR,,,,,,,UNVERIFIED,A105760.KS,yfinance_data_gap,False
Electronics & Semiconductors,Semiconductor,South Korea,KOSDAQ,A047310,"Powerlogics Co., Ltd. (KOSDAQ:A047310)",KR,,,,,,,UNVERIFIED,A047310.KS,yfinance_data_gap,False
Electronics & Semiconductors,Electronics (General),South Korea,KOSDAQ,A037030,Powernet Technologies Corporation (KOSDAQ:A037030),KR,,,,,,,UNVERIFIED,A037030.KS,yfinance_data_gap,False
Electronics & Semiconductors,Semiconductor Equip,South Korea,KOSDAQ,A321260,"Pro2000 Co.,Ltd. (KOSDAQ:A321260)",KR,,,,,,,UNVERIFIED,A321260.KS,yfinance_data_gap,False
Electronics & Semiconductors,Semiconductor Equip,South Korea,KOSDAQ,A053610,"Protec Co., Ltd. (KOSDAQ:A053610)",KR,,,,,,,UNVERIFIED,A053610.KS,yfinance_data_gap,False
Electronics & Semiconductors,Semiconductor Equip,South Korea,KOSDAQ,A147760,Protec Mems Technology Inc. (KOSDAQ:A147760),KR,,,,,,,UNVERIFIED,A147760.KS,yfinance_data_gap,False
Electronics & Semiconductors,Electronics (General),South Korea,KOSDAQ,A094940,Puloon Technology Inc. (KOSDAQ:A094940),KR,,,,,,,UNVERIFIED,A094940.KS,yfinance_data_gap,False
Electronics & Semiconductors,Semiconductor,South Korea,KOSDAQ,A066310,"Q.S.I Co., LTD. (KOSDAQ:A066310)",KR,,,,,,,UNVERIFIED,A066310.KS,yfinance_data_gap,False
Electronics & Semiconductors,Semiconductor Equip,South Korea,XKON,A136660,"QMC Co., Ltd. (XKON:A136660)",KR,,,,,,,UNVERIFIED,A136660.KS,yfinance_data_gap,False
Electronics & Semiconductors,Semiconductor,South Korea,KOSDAQ,A432720,Qualitas Semiconductor (KOSDAQ:A432720),KR,,,,,,,UNVERIFIED,A432720.KS,yfinance_data_gap,False
Electronics & Semiconductors,Semiconductor,South Korea,KOSDAQ,A405100,Quality Reliability Technology Inc. (KOSDAQ:A405100),KR,,,,,,,UNVERIFIED,A405100.KS,yfinance_data_gap,False
Electronics & Semiconductors,Semiconductor,South Korea,KOSDAQ,A418420,RAONTECH Inc. (KOSDAQ:A418420),KR,,,,,,,UNVERIFIED,A418420.KS,yfinance_data_gap,False
Electronics & Semiconductors,Semiconductor,South Korea,KOSDAQ,A327260,"RF Materials Co., Ltd. (KOSDAQ:A327260)",KR,,,,,,,UNVERIFIED,A327260.KS,yfinance_data_gap,False
Electronics & Semiconductors,Semiconductor,South Korea,KOSDAQ,A218410,RFHIC Corporation (KOSDAQ:A218410),KR,,,,,,,UNVERIFIED,A218410.KS,yfinance_data_gap,False
Electronics & Semiconductors,Electronics (General),South Korea,KOSDAQ,A148250,"RN2 Technologies Co., Ltd. (KOSDAQ:A148250)",KR,,,,,,,UNVERIFIED,A148250.KS,yfinance_data_gap,False
Electronics & Semiconductors,Electronics (General),South Korea,KOSDAQ,A108490,"ROBOTIS Co., Ltd. (KOSDAQ:A108490)",KR,,,,,,,UNVERIFIED,A108490.KS,yfinance_data_gap,False
Electronics & Semiconductors,Electronics (General),South Korea,KOSDAQ,A191410,"RYUK-IL C&S.,Ltd. (KOSDAQ:A191410)",KR,,,,,,,UNVERIFIED,A191410.KS,yfinance_data_gap,False
Electronics & Semiconductors,Semiconductor,South Korea,KOSDAQ,A171010,"Ram Technology Co., Ltd (KOSDAQ:A171010)",KR,,,,,,,UNVERIFIED,A171010.KS,yfinance_data_gap,False
Electronics & Semiconductors,Semiconductor,South Korea,KOSDAQ,A317120,Ranix Inc. (KOSDAQ:A317120),KR,,,,,,,UNVERIFIED,A317120.KS,yfinance_data_gap,False
Electronics & Semiconductors,Semiconductor,South Korea,KOSDAQ,A232680,Raontec Inc. (KOSDAQ:A232680),KR,,,,,,,UNVERIFIED,A232680.KS,yfinance_data_gap,False
Electronics & Semiconductors,Electronics (General),South Korea,KOSDAQ,A090360,"Robostar Co., Ltd. (KOSDAQ:A090360)",KR,,,,,,,UNVERIFIED,A090360.KS,yfinance_data_gap,False
Electronics & Semiconductors,Semiconductor Equip,South Korea,KOSDAQ,A071280,Rorze Systems Corporation (KOSDAQ:A071280),KR,,,,,,,UNVERIFIED,A071280.KS,yfinance_data_gap,False
Electronics & Semiconductors,Semiconductor Equip,South Korea,KOSDAQ,A217500,"Russell Co., Ltd. (KOSDAQ:A217500)",KR,,,,,,,UNVERIFIED,A217500.KS,yfinance_data_gap,False
Electronics & Semiconductors,Computers/Peripherals,South Korea,KOSDAQ,A096630,"S Connect Co., LTD. (KOSDAQ:A096630)",KR,,,,,,,UNVERIFIED,A096630.KS,yfinance_data_gap,False
Electronics & Semiconductors,Semiconductor Equip,South Korea,KOSDAQ,A101490,S&S Tech Corporation (KOSDAQ:A101490),KR,,,,,,,UNVERIFIED,A101490.KS,yfinance_data_gap,False
Electronics & Semiconductors,Semiconductor,South Korea,KOSDAQ,A095910,"S-Energy Co.,Ltd. (KOSDAQ:A095910)",KR,,,,,,,UNVERIFIED,A095910.KS,yfinance_data_gap,False
Electronics & Semiconductors,Electronics (Consumer & Office),South Korea,KOSDAQ,A032750,"SAMJIN Co., Ltd. (KOSDAQ:A032750)",KR,,,,,,,UNVERIFIED,A032750.KS,yfinance_data_gap,False
Electronics & Semiconductors,Electronics (General),South Korea,KOSE,A001820,"SAMWHA CAPACITOR Co.,LTD (KOSE:A001820)",KR,,,,,,,UNVERIFIED,A001820.KS,yfinance_data_gap,False
Electronics & Semiconductors,Semiconductor,South Korea,KOSDAQ,A088280,SAWNICS Inc. (KOSDAQ:A088280),KR,,,,,,,UNVERIFIED,A088280.KS,yfinance_data_gap,False
Electronics & Semiconductors,Electronics (General),South Korea,KOSDAQ,A042110,"SCD Co., Ltd. (KOSDAQ:A042110)",KR,,,,,,,UNVERIFIED,A042110.KS,yfinance_data_gap,False
Electronics & Semiconductors,Electronics (General),South Korea,KOSDAQ,A121890,"SD SYSTEM Co., Ltd (KOSDAQ:A121890)",KR,,,,,,,UNVERIFIED,A121890.KS,yfinance_data_gap,False
Electronics & Semiconductors,Electronics (General),South Korea,KOSDAQ,A053450,"SEKONIX Co., Ltd. (KOSDAQ:A053450)",KR,,,,,,,UNVERIFIED,A053450.KS,yfinance_data_gap,False
Electronics & Semiconductors,Electronics (General),South Korea,KOSDAQ,A252990,"SEMCNS Co., Ltd. (KOSDAQ:A252990)",KR,,,,,,,UNVERIFIED,A252990.KS,yfinance_data_gap,False
Electronics & Semiconductors,Electronics (General),South Korea,KOSDAQ,A061090,"SENA Technologies, Inc (KOSDAQ:A061090)",KR,,,,,,,UNVERIFIED,A061090.KS,yfinance_data_gap,False
Electronics & Semiconductors,Electronics (General),South Korea,KOSDAQ,A093920,"SEOWONINTECH. Co., Ltd. (KOSDAQ:A093920)",KR,,,,,,,UNVERIFIED,A093920.KS,yfinance_data_gap,False
Electronics & Semiconductors,Semiconductor,South Korea,KOSDAQ,A036540,"SFA Semicon Co., Ltd. (KOSDAQ:A036540)",KR,,,,,,,UNVERIFIED,A036540.KS,yfinance_data_gap,False
Electronics & Semiconductors,Semiconductor Equip,South Korea,KOSDAQ,A222800,"SIMMTECH Co., Ltd. (KOSDAQ:A222800)",KR,,,,,,,UNVERIFIED,A222800.KS,yfinance_data_gap,False
Electronics & Semiconductors,Semiconductor,South Korea,KOSE,A000660,SK hynix Inc. (KOSE:A000660),KR,,,,,,,UNVERIFIED,A000660.KS,yfinance_data_gap,False
Electronics & Semiconductors,Telecom. Equipment,South Korea,KOSDAQ,A050890,"SOLiD, Inc. (KOSDAQ:A050890)",KR,,,,,,,UNVERIFIED,A050890.KS,yfinance_data_gap,False
Electronics & Semiconductors,Electronics (General),South Korea,KOSDAQ,A464080,"SOS Lab Co., Ltd. (KOSDAQ:A464080)",KR,,,,,,,UNVERIFIED,A464080.KS,yfinance_data_gap,False
Electronics & Semiconductors,Semiconductor Equip,South Korea,KOSDAQ,A039440,"STI Co., Ltd. (KOSDAQ:A039440)",KR,,,,,,,UNVERIFIED,A039440.KS,yfinance_data_gap,False
Electronics & Semiconductors,Semiconductor Equip,South Korea,KOSDAQ,A171090,"SUNIC SYSTEM Co., Ltd. (KOSDAQ:A171090)",KR,,,,,,,UNVERIFIED,A171090.KS,yfinance_data_gap,False
Electronics & Semiconductors,Telecom. Equipment,South Korea,KOSDAQ,A037460,"Samji Electronics Co., Ltd. (KOSDAQ:A037460)",KR,,,,,,,UNVERIFIED,A037460.KS,yfinance_data_gap,False
Electronics & Semiconductors,Semiconductor,South Korea,KOSDAQ,A054090,"Samjin LND Co., Ltd. (KOSDAQ:A054090)",KR,,,,,,,UNVERIFIED,A054090.KS,yfinance_data_gap,False
Electronics & Semiconductors,Electronics (General),South Korea,KOSE,A009150,"Samsung Electro-Mechanics Co., Ltd. (KOSE:A009150)",KR,,,,,,,UNVERIFIED,A009150.KS,yfinance_data_gap,False
Electronics & Semiconductors,Computers/Peripherals,South Korea,KOSE,A005930,"Samsung Electronics Co., Ltd. (KOSE:A005930)",KR,,,,,,,UNVERIFIED,A005930.KS,yfinance_data_gap,False
Electronics & Semiconductors,Electronics (General),South Korea,KOSE,A006400,"Samsung SDI Co., Ltd. (KOSE:A006400)",KR,,,,,,,UNVERIFIED,A006400.KS,yfinance_data_gap,False
Electronics & Semiconductors,Electronics (General),South Korea,KOSE,A009470,"Samwha Electric Co.,Ltd. (KOSE:A009470)",KR,,,,,,,UNVERIFIED,A009470.KS,yfinance_data_gap,False
Electronics & Semiconductors,Electronics (General),South Korea,KOSE,A011230,"Samwha Electronics Co.,Ltd. (KOSE:A011230)",KR,,,,,,,UNVERIFIED,A011230.KS,yfinance_data_gap,False
Electronics & Semiconductors,Electronics (General),South Korea,KOSE,A005680,"Samyoung Electronics Co., Ltd (KOSE:A005680)",KR,,,,,,,UNVERIFIED,A005680.KS,yfinance_data_gap,False
Electronics & Semiconductors,Electronics (General),South Korea,KOSDAQ,A361670,"Samyoung S&C Co., Ltd. (KOSDAQ:A361670)",KR,,,,,,,UNVERIFIED,A361670.KS,yfinance_data_gap,False
Electronics & Semiconductors,Electronics (General),South Korea,KOSDAQ,A089980,"Sang-A Frontec Co.,Ltd. (KOSDAQ:A089980)",KR,,,,,,,UNVERIFIED,A089980.KS,yfinance_data_gap,False
Electronics & Semiconductors,Electronics (General),South Korea,KOSDAQ,A263810,"Sangshin Electronics Co., Ltd. (KOSDAQ:A263810)",KR,,,,,,,UNVERIFIED,A263810.KS,yfinance_data_gap,False
Electronics & Semiconductors,Semiconductor,South Korea,KOSDAQ,A452430,Sapien Semiconductors Inc. (KOSDAQ:A452430),KR,,,,,,,UNVERIFIED,A452430.KS,yfinance_data_gap,False
Electronics & Semiconductors,Electronics (General),South Korea,KOSDAQ,A223310,"Satoshi Holdings Co., Ltd. (KOSDAQ:A223310)",KR,,,,,,,UNVERIFIED,A223310.KS,yfinance_data_gap,False
Electronics & Semiconductors,Electronics (General),South Korea,KOSDAQ,A148150,"Se Gyung Hi Tech Co., Ltd. (KOSDAQ:A148150)",KR,,,,,,,UNVERIFIED,A148150.KS,yfinance_data_gap,False
Electronics & Semiconductors,Electronics (General),South Korea,KOSDAQ,A396300,"SeA Mechanics Co., Ltd (KOSDAQ:A396300)",KR,,,,,,,UNVERIFIED,A396300.KS,yfinance_data_gap,False
Electronics & Semiconductors,Semiconductor,South Korea,KOSDAQ,A067770,"Sejin T.S Co.,Ltd (KOSDAQ:A067770)",KR,,,,,,,UNVERIFIED,A067770.KS,yfinance_data_gap,False
Electronics & Semiconductors,Semiconductor,South Korea,KOSDAQ,A490470,SemiFive Inc. (KOSDAQ:A490470),KR,,,,,,,UNVERIFIED,A490470.KS,yfinance_data_gap,False
Electronics & Semiconductors,Electronics (General),South Korea,KOSDAQ,A347000,"Senko Co., Ltd (KOSDAQ:A347000)",KR,,,,,,,UNVERIFIED,A347000.KS,yfinance_data_gap,False
Electronics & Semiconductors,Electronics (General),South Korea,KOSDAQ,A321370,"Sensorview Co., LTD (KOSDAQ:A321370)",KR,,,,,,,UNVERIFIED,A321370.KS,yfinance_data_gap,False
Electronics & Semiconductors,Telecom. Equipment,South Korea,KOSDAQ,A178320,"Seojin System Co.,Ltd (KOSDAQ:A178320)",KR,,,,,,,UNVERIFIED,A178320.KS,yfinance_data_gap,False
Electronics & Semiconductors,Semiconductor,South Korea,KOSDAQ,A046890,"Seoul Semiconductor Co., Ltd. (KOSDAQ:A046890)",KR,,,,,,,UNVERIFIED,A046890.KS,yfinance_data_gap,False
Electronics & Semiconductors,Semiconductor,South Korea,KOSDAQ,A092190,"Seoul Viosys Co., Ltd (KOSDAQ:A092190)",KR,,,,,,,UNVERIFIED,A092190.KS,yfinance_data_gap,False
Electronics & Semiconductors,Electronics (General),South Korea,KOSDAQ,A042600,"Seronics Co., Ltd. (KOSDAQ:A042600)",KR,,,,,,,UNVERIFIED,A042600.KS,yfinance_data_gap,False
Electronics & Semiconductors,Semiconductor Equip,South Korea,KOSDAQ,A290520,"Shindo Eng. Lab., Ltd. (KOSDAQ:A290520)",KR,,,,,,,UNVERIFIED,A290520.KS,yfinance_data_gap,False
Electronics & Semiconductors,Electronics (General),South Korea,KOSDAQ,A187270,"Shinhwa Contech Co., Ltd (KOSDAQ:A187270)",KR,,,,,,,UNVERIFIED,A187270.KS,yfinance_data_gap,False
Electronics & Semiconductors,Semiconductor Equip,South Korea,KOSE,A011930,"Shinsung E&G Co.,Ltd. (KOSE:A011930)",KR,,,,,,,UNVERIFIED,A011930.KS,yfinance_data_gap,False
Electronics & Semiconductors,Electronics (General),South Korea,KOSDAQ,A416180,"Shinsung ST Co., Ltd. (KOSDAQ:A416180)",KR,,,,,,,UNVERIFIED,A416180.KS,yfinance_data_gap,False
Electronics & Semiconductors,Semiconductor,South Korea,KOSDAQ,A429270,"Sigetronics, Inc (KOSDAQ:A429270)",KR,,,,,,,UNVERIFIED,A429270.KS,yfinance_data_gap,False
Electronics & Semiconductors,Semiconductor,South Korea,KOSDAQ,A033170,Signetics Corporation (KOSDAQ:A033170),KR,,,,,,,UNVERIFIED,A033170.KS,yfinance_data_gap,False
Electronics & Semiconductors,Electronics (General),South Korea,KOSDAQ,A036710,"Simmtech Holdings Co., Ltd. (KOSDAQ:A036710)",KR,,,,,,,UNVERIFIED,A036710.KS,yfinance_data_gap,False
Electronics & Semiconductors,Electronics (General),South Korea,KOSDAQ,A424960,Smart Radar System Inc. (KOSDAQ:A424960),KR,,,,,,,UNVERIFIED,A424960.KS,yfinance_data_gap,False
Electronics & Semiconductors,Computers/Peripherals,South Korea,KOSDAQ,A032680,"Softcen Co., Ltd. (KOSDAQ:A032680)",KR,,,,,,,UNVERIFIED,A032680.KS,yfinance_data_gap,False
Electronics & Semiconductors,Electronics (General),South Korea,KOSE,A248070,"Solum Co., Ltd. (KOSE:A248070)",KR,,,,,,,UNVERIFIED,A248070.KS,yfinance_data_gap,False
Electronics & Semiconductors,Electronics (General),South Korea,KOSE,A336370,"Solus Advanced Materials Co., Ltd. (KOSE:A336370)",KR,,,,,,,UNVERIFIED,A336370.KS,yfinance_data_gap,False
Electronics & Semiconductors,Computers/Peripherals,South Korea,KOSDAQ,A192440,"Spigen Korea Co.,Ltd (KOSDAQ:A192440)",KR,,,,,,,UNVERIFIED,A192440.KS,yfinance_data_gap,False
Electronics & Semiconductors,Electronics (General),South Korea,KOSDAQ,A043260,Sungho Electronics Corp. (KOSDAQ:A043260),KR,,,,,,,UNVERIFIED,A043260.KS,yfinance_data_gap,False
Electronics & Semiconductors,Telecom. Equipment,South Korea,KOSDAQ,A081580,"Sungwoo Electronics Co., Ltd. (KOSDAQ:A081580)",KR,,,,,,,UNVERIFIED,A081580.KS,yfinance_data_gap,False
Electronics & Semiconductors,Semiconductor Equip,South Korea,KOSDAQ,A045300,"Sungwoo Techron. Co,.Ltd (KOSDAQ:A045300)",KR,,,,,,,UNVERIFIED,A045300.KS,yfinance_data_gap,False
Electronics & Semiconductors,Electronics (General),South Korea,KOSE,A004770,Sunny Electronics Corp. (KOSE:A004770),KR,,,,,,,UNVERIFIED,A004770.KS,yfinance_data_gap,False
Electronics & Semiconductors,Electronics (General),South Korea,KOSDAQ,A094840,Suprema HQ Inc. (KOSDAQ:A094840),KR,,,,,,,UNVERIFIED,A094840.KS,yfinance_data_gap,False
Electronics & Semiconductors,Electronics (General),South Korea,KOSDAQ,A236200,Suprema Inc. (KOSDAQ:A236200),KR,,,,,,,UNVERIFIED,A236200.KS,yfinance_data_gap,False
Electronics & Semiconductors,Semiconductor,South Korea,KOSDAQ,A234030,"Synic Solution Co.,Ltd. (KOSDAQ:A234030)",KR,,,,,,,UNVERIFIED,A234030.KS,yfinance_data_gap,False
Electronics & Semiconductors,Electronics (General),South Korea,KOSDAQ,A025320,Synopex Inc. (KOSDAQ:A025320),KR,,,,,,,UNVERIFIED,A025320.KS,yfinance_data_gap,False
Electronics & Semiconductors,Telecom. Equipment,South Korea,KOSDAQ,A060540,"System and Application Technologies Co., Ltd (KOSDAQ:A060540)",KR,,,,,,,UNVERIFIED,A060540.KS,yfinance_data_gap,False
Electronics & Semiconductors,Electronics (General),South Korea,KOSDAQ,A200230,TELCON RF PHARMACEUTICAL. Inc. (KOSDAQ:A200230),KR,,,,,,,UNVERIFIED,A200230.KS,yfinance_data_gap,False
Electronics & Semiconductors,Semiconductor Equip,South Korea,KOSDAQ,A241790,"TEMC CNS Co., Ltd. (KOSDAQ:A241790)",KR,,,,,,,UNVERIFIED,A241790.KS,yfinance_data_gap,False
Electronics & Semiconductors,Semiconductor Equip,South Korea,KOSDAQ,A425040,"TEMC Co., Ltd. (KOSDAQ:A425040)",KR,,,,,,,UNVERIFIED,A425040.KS,yfinance_data_gap,False
Electronics & Semiconductors,Semiconductor Equip,South Korea,KOSDAQ,A095610,"TES Co., Ltd (KOSDAQ:A095610)",KR,,,,,,,UNVERIFIED,A095610.KS,yfinance_data_gap,False
Electronics & Semiconductors,Semiconductor Equip,South Korea,KOSDAQ,A224060,"THE CODI Co.,LTD. (KOSDAQ:A224060)",KR,,,,,,,UNVERIFIED,A224060.KS,yfinance_data_gap,False
Electronics & Semiconductors,Electronics (Consumer & Office),South Korea,KOSDAQ,A084730,THINKWARE Corporation (KOSDAQ:A084730),KR,,,,,,,UNVERIFIED,A084730.KS,yfinance_data_gap,False
Electronics & Semiconductors,Electronics (Consumer & Office),South Korea,KOSDAQ,A032540,"TJ media Co., Ltd. (KOSDAQ:A032540)",KR,,,,,,,UNVERIFIED,A032540.KS,yfinance_data_gap,False
Electronics & Semiconductors,Electronics (General),South Korea,KOSDAQ,A356860,"TLB Co., Ltd (KOSDAQ:A356860)",KR,,,,,,,UNVERIFIED,A356860.KS,yfinance_data_gap,False
Electronics & Semiconductors,Semiconductor Equip,South Korea,KOSDAQ,A065130,"TOP Engineering Co., Ltd (KOSDAQ:A065130)",KR,,,,,,,UNVERIFIED,A065130.KS,yfinance_data_gap,False
Electronics & Semiconductors,Semiconductor Equip,South Korea,KOSDAQ,A108230,"TOPTEC Co., Ltd (KOSDAQ:A108230)",KR,,,,,,,UNVERIFIED,A108230.KS,yfinance_data_gap,False
Electronics & Semiconductors,Electronics (General),South Korea,KOSDAQ,A051360,"TOVIS Co.,Ltd (KOSDAQ:A051360)",KR,,,,,,,UNVERIFIED,A051360.KS,yfinance_data_gap,False
Electronics & Semiconductors,Electronics (General),South Korea,KOSDAQ,A417790,"TRUEN Co., Ltd. (KOSDAQ:A417790)",KR,,,,,,,UNVERIFIED,A417790.KS,yfinance_data_gap,False
Electronics & Semiconductors,Semiconductor Equip,South Korea,KOSDAQ,A131290,"TSE Co., Ltd (KOSDAQ:A131290)",KR,,,,,,,UNVERIFIED,A131290.KS,yfinance_data_gap,False
Electronics & Semiconductors,Semiconductor Equip,South Korea,KOSDAQ,A323280,"Taesung Co.,Ltd. (KOSDAQ:A323280)",KR,,,,,,,UNVERIFIED,A323280.KS,yfinance_data_gap,False
Electronics & Semiconductors,Telecom. Equipment,South Korea,KOSDAQ,A010170,"Taihan Fiber Optics Co., Ltd (KOSDAQ:A010170)",KR,,,,,,,UNVERIFIED,A010170.KS,yfinance_data_gap,False
Electronics & Semiconductors,Semiconductor Equip,South Korea,KOSDAQ,A089030,"Techwing, Inc. (KOSDAQ:A089030)",KR,,,,,,,UNVERIFIED,A089030.KS,yfinance_data_gap,False
Electronics & Semiconductors,Semiconductor,South Korea,KOSDAQ,A054450,Telechips Inc. (KOSDAQ:A054450),KR,,,,,,,UNVERIFIED,A054450.KS,yfinance_data_gap,False
Electronics & Semiconductors,Semiconductor Equip,South Korea,KOSDAQ,A425420,Tfe Inc. (KOSDAQ:A425420),KR,,,,,,,UNVERIFIED,A425420.KS,yfinance_data_gap,False
Electronics & Semiconductors,Electronics (General),South Korea,XKON,A346010,"Tide Co., Ltd. (XKON:A346010)",KR,,,,,,,UNVERIFIED,A346010.KS,yfinance_data_gap,False
Electronics & Semiconductors,Electronics (General),South Korea,KOSDAQ,A219130,"TigerElec Co., Ltd. (KOSDAQ:A219130)",KR,,,,,,,UNVERIFIED,A219130.KS,yfinance_data_gap,False
Electronics & Semiconductors,Semiconductor Equip,South Korea,KOSDAQ,A064760,"Tokai Carbon Korea Co., Ltd. (KOSDAQ:A064760)",KR,,,,,,,UNVERIFIED,A064760.KS,yfinance_data_gap,False
Electronics & Semiconductors,Electronics (General),South Korea,KOSDAQ,A336680,"Top Run Total Solution Co., Ltd (KOSDAQ:A336680)",KR,,,,,,,UNVERIFIED,A336680.KS,yfinance_data_gap,False
Electronics & Semiconductors,Telecom. Equipment,South Korea,KOSDAQ,A134580,"Topco Media Co.,Ltd. (KOSDAQ:A134580)",KR,,,,,,,UNVERIFIED,A134580.KS,yfinance_data_gap,False
Electronics & Semiconductors,Semiconductor,South Korea,XKON,A180060,"Topsun co., Ltd (XKON:A180060)",KR,,,,,,,UNVERIFIED,A180060.KS,yfinance_data_gap,False
Electronics & Semiconductors,Electronics (General),South Korea,KOSDAQ,A069330,"U.I.Display Co.,Ltd. (KOSDAQ:A069330)",KR,,,,,,,UNVERIFIED,A069330.KS,yfinance_data_gap,False
Electronics & Semiconductors,Electronics (General),South Korea,KOSDAQ,A049520,"UIL Co., Ltd. (KOSDAQ:A049520)",KR,,,,,,,UNVERIFIED,A049520.KS,yfinance_data_gap,False
Electronics & Semiconductors,Electronics (General),South Korea,KOSDAQ,A065680,UJU Electronics Co. Ltd (KOSDAQ:A065680),KR,,,,,,,UNVERIFIED,A065680.KS,yfinance_data_gap,False
Electronics & Semiconductors,Electronics (General),South Korea,KOSDAQ,A203450,"UNION biometrics Co., Ltd. (KOSDAQ:A203450)",KR,,,,,,,UNVERIFIED,A203450.KS,yfinance_data_gap,False
Electronics & Semiconductors,Semiconductor Equip,South Korea,KOSDAQ,A036200,"UNISEM Co., Ltd. (KOSDAQ:A036200)",KR,,,,,,,UNVERIFIED,A036200.KS,yfinance_data_gap,False
Electronics & Semiconductors,Electronics (General),South Korea,KOSDAQ,A179900,UTI Inc. (KOSDAQ:A179900),KR,,,,,,,UNVERIFIED,A179900.KS,yfinance_data_gap,False
Electronics & Semiconductors,Telecom. Equipment,South Korea,KOSDAQ,A078070,Ubiquoss Holdings Inc. (KOSDAQ:A078070),KR,,,,,,,UNVERIFIED,A078070.KS,yfinance_data_gap,False
Electronics & Semiconductors,Telecom. Equipment,South Korea,KOSDAQ,A264450,Ubiquoss Inc. (KOSDAQ:A264450),KR,,,,,,,UNVERIFIED,A264450.KS,yfinance_data_gap,False
Electronics & Semiconductors,Semiconductor Equip,South Korea,KOSDAQ,A086390,UniTest Incorporation (KOSDAQ:A086390),KR,,,,,,,UNVERIFIED,A086390.KS,yfinance_data_gap,False
Electronics & Semiconductors,Semiconductor,South Korea,KOSE,A077500,Uniquest Corporation (KOSE:A077500),KR,,,,,,,UNVERIFIED,A077500.KS,yfinance_data_gap,False
Electronics & Semiconductors,Computers/Peripherals,South Korea,KOSDAQ,A073570,Urban Lithium Inc (KOSDAQ:A073570),KR,,,,,,,UNVERIFIED,A073570.KS,yfinance_data_gap,False
Electronics & Semiconductors,Semiconductor Equip,South Korea,KOSDAQ,A251630,"V-One Tech Co., Ltd. (KOSDAQ:A251630)",KR,,,,,,,UNVERIFIED,A251630.KS,yfinance_data_gap,False
Electronics & Semiconductors,Electronics (General),South Korea,KOSDAQ,A365900,VC Inc. (KOSDAQ:A365900),KR,,,,,,,UNVERIFIED,A365900.KS,yfinance_data_gap,False
Electronics & Semiconductors,Electronics (General),South Korea,KOSDAQ,A457600,"VECT Co.,Ltd. (KOSDAQ:A457600)",KR,,,,,,,UNVERIFIED,A457600.KS,yfinance_data_gap,False
Electronics & Semiconductors,Electronics (General),South Korea,KOSDAQ,A126340,"VINA TECH Co.,Ltd. (KOSDAQ:A126340)",KR,,,,,,,UNVERIFIED,A126340.KS,yfinance_data_gap,False
Electronics & Semiconductors,Semiconductor Equip,South Korea,KOSDAQ,A089970,VM Inc. (KOSDAQ:A089970),KR,,,,,,,UNVERIFIED,A089970.KS,yfinance_data_gap,False
Electronics & Semiconductors,Semiconductor Equip,South Korea,KOSDAQ,A177350,"Vessel Co., Ltd. (KOSDAQ:A177350)",KR,,,,,,,UNVERIFIED,A177350.KS,yfinance_data_gap,False
Electronics & Semiconductors,Semiconductor Equip,South Korea,KOSDAQ,A141000,"Viatron Technologies, Inc. (KOSDAQ:A141000)",KR,,,,,,,UNVERIFIED,A141000.KS,yfinance_data_gap,False
Electronics & Semiconductors,Semiconductor,South Korea,KOSDAQ,A072950,"Vissem Electronics Co., Ltd. (KOSDAQ:A072950)",KR,,,,,,,UNVERIFIED,A072950.KS,yfinance_data_gap,False
Electronics & Semiconductors,Electronics (General),South Korea,KOSDAQ,A054220,"Vitzrosys. Co., Ltd (KOSDAQ:A054220)",KR,,,,,,,UNVERIFIED,A054220.KS,yfinance_data_gap,False
Electronics & Semiconductors,Semiconductor Equip,South Korea,KOSDAQ,A097800,WINPAC Inc. (KOSDAQ:A097800),KR,,,,,,,UNVERIFIED,A097800.KS,yfinance_data_gap,False
Electronics & Semiconductors,Semiconductor Equip,South Korea,KOSDAQ,A348350,"WITHTECH Co., LTD. (KOSDAQ:A348350)",KR,,,,,,,UNVERIFIED,A348350.KS,yfinance_data_gap,False
Electronics & Semiconductors,Semiconductor Equip,South Korea,KOSDAQ,A036090,"WIZIT Co., Ltd. (KOSDAQ:A036090)",KR,,,,,,,UNVERIFIED,A036090.KS,yfinance_data_gap,False
Electronics & Semiconductors,Semiconductor Equip,South Korea,KOSDAQ,A396470,"WOT. Co., Ltd (KOSDAQ:A396470)",KR,,,,,,,UNVERIFIED,A396470.KS,yfinance_data_gap,False
Electronics & Semiconductors,Telecom. Equipment,South Korea,KOSDAQ,A095270,"Wave Electronics Co., Ltd. (KOSDAQ:A095270)",KR,,,,,,,UNVERIFIED,A095270.KS,yfinance_data_gap,False
Electronics & Semiconductors,Semiconductor,South Korea,KOSDAQ,A289930,Wavice Inc. (KOSDAQ:A289930),KR,,,,,,,UNVERIFIED,A289930.KS,yfinance_data_gap,False
Electronics & Semiconductors,Electronics (General),South Korea,KOSDAQ,A043590,"Welkeeps Hitech Co.,Ltd (KOSDAQ:A043590)",KR,,,,,,,UNVERIFIED,A043590.KS,yfinance_data_gap,False
Electronics & Semiconductors,Electronics (General),South Korea,KOSDAQ,A122990,"WiSoL CO.,LTD. (KOSDAQ:A122990)",KR,,,,,,,UNVERIFIED,A122990.KS,yfinance_data_gap,False
Electronics & Semiconductors,Electronics (General),South Korea,KOSDAQ,A459100,"WiTS Co., Ltd. (KOSDAQ:A459100)",KR,,,,,,,UNVERIFIED,A459100.KS,yfinance_data_gap,False
Electronics & Semiconductors,Electronics (General),South Korea,XKON,A140660,"Wiworld Co., Ltd. (XKON:A140660)",KR,,,,,,,UNVERIFIED,A140660.KS,yfinance_data_gap,False
Electronics & Semiconductors,Semiconductor Equip,South Korea,KOSDAQ,A030530,"Wonik Holdings Co.,Ltd. (KOSDAQ:A030530)",KR,,,,,,,UNVERIFIED,A030530.KS,yfinance_data_gap,False
Electronics & Semiconductors,Semiconductor Equip,South Korea,KOSDAQ,A240810,"Wonik IPS Co., Ltd. (KOSDAQ:A240810)",KR,,,,,,,UNVERIFIED,A240810.KS,yfinance_data_gap,False
Electronics & Semiconductors,Semiconductor Equip,South Korea,KOSDAQ,A074600,Wonik QnC Corporation (KOSDAQ:A074600),KR,,,,,,,UNVERIFIED,A074600.KS,yfinance_data_gap,False
Electronics & Semiconductors,Electronics (General),South Korea,KOSE,A105840,Woojin Inc. (KOSE:A105840),KR,,,,,,,UNVERIFIED,A105840.KS,yfinance_data_gap,False
Electronics & Semiconductors,Semiconductor,South Korea,KOSDAQ,A082850,"Wooree Bio Co.,Ltd (KOSDAQ:A082850)",KR,,,,,,,UNVERIFIED,A082850.KS,yfinance_data_gap,False
Electronics & Semiconductors,Semiconductor,South Korea,KOSDAQ,A153490,"Wooree E&L Co., Ltd. (KOSDAQ:A153490)",KR,,,,,,,UNVERIFIED,A153490.KS,yfinance_data_gap,False
Electronics & Semiconductors,Electronics (General),South Korea,KOSDAQ,A032820,"Woori Technology, Inc. (KOSDAQ:A032820)",KR,,,,,,,UNVERIFIED,A032820.KS,yfinance_data_gap,False
Electronics & Semiconductors,Telecom. Equipment,South Korea,KOSDAQ,A115440,"WooriNet, Inc. (KOSDAQ:A115440)",KR,,,,,,,UNVERIFIED,A115440.KS,yfinance_data_gap,False
Electronics & Semiconductors,Telecom. Equipment,South Korea,KOSDAQ,A046970,"Wooriro Co., Ltd (KOSDAQ:A046970)",KR,,,,,,,UNVERIFIED,A046970.KS,yfinance_data_gap,False
Electronics & Semiconductors,Semiconductor,South Korea,KOSDAQ,A101160,"Worldex Industry & Trading Co., Ltd. (KOSDAQ:A101160)",KR,,,,,,,UNVERIFIED,A101160.KS,yfinance_data_gap,False
Electronics & Semiconductors,Electronics (General),South Korea,KOSDAQ,A254120,"Xavis Co., Ltd. (KOSDAQ:A254120)",KR,,,,,,,UNVERIFIED,A254120.KS,yfinance_data_gap,False
Electronics & Semiconductors,Computers/Peripherals,South Korea,KOSDAQ,A070300,Xcure Corp. (KOSDAQ:A070300),KR,,,,,,,UNVERIFIED,A070300.KS,yfinance_data_gap,False
Electronics & Semiconductors,Electronics (General),South Korea,KOSDAQ,A317770,Xperix Inc. (KOSDAQ:A317770),KR,,,,,,,UNVERIFIED,A317770.KS,yfinance_data_gap,False
Electronics & Semiconductors,Semiconductor Equip,South Korea,KOSDAQ,A255440,"YAS Co., Ltd. (KOSDAQ:A255440)",KR,,,,,,,UNVERIFIED,A255440.KS,yfinance_data_gap,False
Electronics & Semiconductors,Semiconductor Equip,South Korea,KOSDAQ,A232140,YC Corporation (KOSDAQ:A232140),KR,,,,,,,UNVERIFIED,A232140.KS,yfinance_data_gap,False
Electronics & Semiconductors,Semiconductor Equip,South Korea,KOSDAQ,A122640,"YEST Co., Ltd. (KOSDAQ:A122640)",KR,,,,,,,UNVERIFIED,A122640.KS,yfinance_data_gap,False
Electronics & Semiconductors,Electronics (General),South Korea,KOSDAQ,A155650,"Ymc Co., Ltd. (KOSDAQ:A155650)",KR,,,,,,,UNVERIFIED,A155650.KS,yfinance_data_gap,False
Electronics & Semiconductors,Semiconductor Equip,South Korea,KOSDAQ,A143540,"YoungWoo DSP Co.,Ltd (KOSDAQ:A143540)",KR,,,,,,,UNVERIFIED,A143540.KS,yfinance_data_gap,False
Electronics & Semiconductors,Telecom. Equipment,South Korea,KOSDAQ,A051390,Yw Company Limited (KOSDAQ:A051390),KR,,,,,,,UNVERIFIED,A051390.KS,yfinance_data_gap,False
Electronics & Semiconductors,Semiconductor,South Korea,KOSDAQ,A389020,"Zaram Technology,Inc. (KOSDAQ:A389020)",KR,,,,,,,UNVERIFIED,A389020.KS,yfinance_data_gap,False
Electronics & Semiconductors,Semiconductor Equip,South Korea,KOSDAQ,A079370,"Zeus Co.,Ltd. (KOSDAQ:A079370)",KR,,,,,,,UNVERIFIED,A079370.KS,yfinance_data_gap,False
Electronics & Semiconductors,Semiconductor,South Korea,KOSDAQ,A303030,"Zinitix Co., Ltd. (KOSDAQ:A303030)",KR,,,,,,,UNVERIFIED,A303030.KS,yfinance_data_gap,False
Electronics & Semiconductors,Electronics (General),South Korea,KOSDAQ,A059100,"i-Components Co., Ltd (KOSDAQ:A059100)",KR,,,,,,,UNVERIFIED,A059100.KS,yfinance_data_gap,False
Electronics & Semiconductors,Electronics (General),South Korea,KOSDAQ,A214430,i3system Inc. (KOSDAQ:A214430),KR,,,,,,,UNVERIFIED,A214430.KS,yfinance_data_gap,False
Electronics & Semiconductors,Semiconductor,South Korea,KOSDAQ,A038880,"iA, Inc. (KOSDAQ:A038880)",KR,,,,,,,UNVERIFIED,A038880.KS,yfinance_data_gap,False
Electronics & Semiconductors,Semiconductor Equip,South Korea,KOSDAQ,A123010,"iWIN PLUS CO.,LTD. (KOSDAQ:A123010)",KR,,,,,,,UNVERIFIED,A123010.KS,yfinance_data_gap,False
Electronics & Semiconductors,Semiconductor Equip,South Korea,KOSDAQ,A049950,meerecompany Incorporated (KOSDAQ:A049950),KR,,,,,,,UNVERIFIED,A049950.KS,yfinance_data_gap,False
Electronics & Semiconductors,Computers/Peripherals,South Korea,KOSE,A029530,"sindoh Co.,Ltd. (KOSE:A029530)",KR,,,,,,,UNVERIFIED,A029530.KS,yfinance_data_gap,False
Electronics & Semiconductors,Telecom. Equipment,Spain,BME,AMP,"Amper, S.A. (BME:AMP)",,,,,-0.00453,0.010089999,-0.233,NOT-PROFITABLE,AMP.MC,,False
Electronics & Semiconductors,Telecom. Equipment,Spain,BME,EZE,"Grupo Ezentis, S.A. (BME:EZE)",,,,,-0.0933,-3.08953,,NOT-PROFITABLE,EZE.MC,,False
Electronics & Semiconductors,Semiconductor,Spain,BME,SCSS,Innovative Simply Solar SA (BME:SCSS),,,,,0.0,,,UNVERIFIED,SCSS.MC,yfinance_data_gap,False
Electronics & Semiconductors,Electronics (General),Spain,BME,RBT,"Robot, S.A. (BME:RBT)",,,,,0.13852,0.24201,0.233,PROFITABLE,RBT.MC,,True
Electronics & Semiconductors,Electronics (General),Sweden,OM,ACCON,Acconeer AB (publ) (OM:ACCON),SE,,,,-0.37177,-0.10386,1.034,NOT-PROFITABLE,ACCON.ST,,True
Electronics & Semiconductors,Electronics (General),Sweden,OM,ANOT,Anoto Group AB (publ) (OM:ANOT),SE,,,,0.0,-5.1307597,0.062,NOT-PROFITABLE,ANOT.ST,,False
Electronics & Semiconductors,Electronics (General),Sweden,XSAT,BPCINS,BPC Instruments AB (XSAT:BPCINS),SE,,,,0.13732,0.10082,0.038,PROFITABLE,BPCINS.ST,,False
Electronics & Semiconductors,Semiconductor,Sweden,OM,BEAMMW B,BeammWave AB (publ) (OM:BEAMMW B),SE,,,,-1.7630299,-0.31530002,1.13,NOT-PROFITABLE,BEAMMW-B.ST,,True
Electronics & Semiconductors,Computers/Peripherals,Sweden,OM,DYVOX,Dynavox Group AB (publ) (OM:DYVOX),SE,,,,0.08846,0.37171,0.111,PROFITABLE,DYVOX.ST,,True
Electronics & Semiconductors,Electronics (General),Sweden,OM,EPEN,Ependion AB (OM:EPEN),SE,,,,0.07084,0.10299,0.216,PROFITABLE,EPEN.ST,,True
Electronics & Semiconductors,Electronics (General),Sweden,OM,FING B,Fingerprint Cards AB (publ) (OM:FING B),SE,,,,-1.52091,-0.52574,0.038,NOT-PROFITABLE,FING-B.ST,,False
Electronics & Semiconductors,Electronics (General),Sweden,OM,FIRE,Firefly AB (publ) (OM:FIRE),SE,,,,0.086899996,0.22174999,-0.091,PROFITABLE,FIRE.ST,,False
Electronics & Semiconductors,Computers/Peripherals,Sweden,OM,FRACTL,Fractal Gaming Group AB (publ) (OM:FRACTL),SE,,,,0.01066,0.01856,-0.379,PROFITABLE,FRACTL.ST,,False
Electronics & Semiconductors,Telecom. Equipment,Sweden,NGM,F2M,Free2move Holding AB (publ) (NGM:F2M),SE,,,,,,,UNVERIFIED,F2M.ST,yfinance_data_gap,False
Electronics & Semiconductors,Electronics (General),Sweden,NGM,FRWA B,Frontwalker AB (publ) (NGM:FRWA B),SE,,,,,,,UNVERIFIED,FRWA-B.ST,yfinance_data_gap,False
Electronics & Semiconductors,Telecom. Equipment,Sweden,OM,GAPW B,Gapwaves AB (publ) (OM:GAPW B),SE,,,,-0.92719,-0.83976996,-0.457,NOT-PROFITABLE,GAPW-B.ST,,False
Electronics & Semiconductors,Electronics (General),Sweden,OM,GPX,Gasporox AB (publ) (OM:GPX),SE,,,,-0.07861,-0.1733,0.63,NOT-PROFITABLE,GPX.ST,,True
Electronics & Semiconductors,Telecom. Equipment,Sweden,OM,HMS,HMS Networks AB (publ) (OM:HMS),SE,,,,0.14548,0.15783,0.176,PROFITABLE,HMS.ST,,True
Electronics & Semiconductors,Electronics (General),Sweden,OM,HANZA,Hanza AB (publ) (OM:HANZA),SE,,,,0.03999,0.11468001,0.697,PROFITABLE,HANZA.ST,,True
Electronics & Semiconductors,Electronics (General),Sweden,OM,HEXA B,Hexagon AB (publ) (OM:HEXA B),SE,,,,0.09961,0.27292,0.04,PROFITABLE,HEXA-B.ST,,False
Electronics & Semiconductors,Electronics (General),Sweden,OM,IS,Image Systems AB (OM:IS),SE,,,,-0.22246,-0.30418,-0.34,NOT-PROFITABLE,IS.ST,,False
Electronics & Semiconductors,Telecom. Equipment,Sweden,OM,INCOAX,InCoax Networks AB (publ) (OM:INCOAX),SE,,,,-0.93896,-0.3799,-0.798,NOT-PROFITABLE,INCOAX.ST,,False
Electronics & Semiconductors,Electronics (General),Sweden,OM,INSP,Insplorion AB (publ) (OM:INSP),SE,,,,0.0,-1.53327,-0.219,NOT-PROFITABLE,INSP.ST,,False
Electronics & Semiconductors,Computers/Peripherals,Sweden,OM,JLT,JLT Mobile Computers AB (publ) (OM:JLT),SE,,,,-0.03348,-0.09477,-0.224,NOT-PROFITABLE,JLT.ST,,False
Electronics & Semiconductors,Electronics (General),Sweden,NGM,JDT,JonDeTech Sensors AB (publ) (NGM:JDT),SE,,,,0.0,-0.91047996,-0.642,NOT-PROFITABLE,JDT.ST,,False
Electronics & Semiconductors,Telecom. Equipment,Sweden,OM,KEBNI B,KebNi AB (publ) (OM:KEBNI B),SE,,,,-0.09392,-0.16961999,-0.57,NOT-PROFITABLE,KEBNI-B.ST,,False
Electronics & Semiconductors,Electronics (General),Sweden,OM,LAGR B,Lagercrantz Group AB (publ) (OM:LAGR B),SE,,,,0.11337,0.28474,0.176,PROFITABLE,LAGR-B.ST,,True
Electronics & Semiconductors,Semiconductor,Sweden,XSAT,LIGR,Lightning Group AB (XSAT:LIGR),SE,,,,-0.05277,-0.13261,0.595,NOT-PROFITABLE,LIGR.ST,,True
Electronics & Semiconductors,Telecom. Equipment,Sweden,OM,LUMEN,LumenRadio AB (publ) (OM:LUMEN),SE,,,,0.13338,0.13553001,0.113,PROFITABLE,LUMEN.ST,,True
Electronics & Semiconductors,Electronics (General),Sweden,OM,MANTEX,Mantex AB (publ) (OM:MANTEX),SE,,,,0.0,-1.92194,0.05,NOT-PROFITABLE,MANTEX.ST,,False
Electronics & Semiconductors,Telecom. Equipment,Sweden,OM,MAVEN,Maven Wireless Sweden AB (Publ) (OM:MAVEN),SE,,,,-0.13101,-0.17336,-0.376,NOT-PROFITABLE,MAVEN.ST,,False
Electronics & Semiconductors,Semiconductor Equip,Sweden,OM,MIDS,Midsummer AB (publ) (OM:MIDS),SE,,,,-0.05252,-0.05183,0.294,NOT-PROFITABLE,MIDS.ST,,True
Electronics & Semiconductors,Electronics (General),Sweden,XSAT,MIR,Miris Holding AB (publ) (XSAT:MIR),SE,,,,-0.29814,-0.58217,-0.174,NOT-PROFITABLE,MIR.ST,,False
Electronics & Semiconductors,Electronics (General),Sweden,OM,MYCR,Mycronic AB (publ) (OM:MYCR),SE,,,,0.2006,0.23685,0.169,PROFITABLE,MYCR.ST,,True
Electronics & Semiconductors,Electronics (General),Sweden,OM,NCAB,NCAB Group AB (publ) (OM:NCAB),SE,,,,0.06662,0.1887,0.25,PROFITABLE,NCAB.ST,,True
Electronics & Semiconductors,Electronics (General),Sweden,OM,NOTE,NOTE AB (publ) (OM:NOTE),SE,,,,0.06268,0.14819,0.199,PROFITABLE,NOTE.ST,,True
Electronics & Semiconductors,Electronics (General),Sweden,NasdaqCM,NEON,Neonode Inc. (NasdaqCM:NEON),SE,,,,,,,UNVERIFIED,NEON.ST,yfinance_data_gap,False
Electronics & Semiconductors,Telecom. Equipment,Sweden,OM,NETI B,Net Insight AB (publ) (OM:NETI B),SE,,,,-0.029660001,-0.023,-0.36,NOT-PROFITABLE,NETI-B.ST,,False
Electronics & Semiconductors,Electronics (General),Sweden,OM,LEVEL,Nordic LEVEL Group AB (publ.) (OM:LEVEL),SE,,,,-0.03185,-0.05921,-0.304,NOT-PROFITABLE,LEVEL.ST,,False
Electronics & Semiconductors,Semiconductor Equip,Sweden,NGM,OBDU B,Obducat AB (publ) (NGM:OBDU B),SE,,,,,,,UNVERIFIED,OBDU-B.ST,yfinance_data_gap,False
Electronics & Semiconductors,Electronics (General),Sweden,XSAT,OURLIV,OurLiving AB (XSAT:OURLIV),SE,,,,-0.03654,-0.47050998,0.07,NOT-PROFITABLE,OURLIV.ST,,False
Electronics & Semiconductors,Electronics (General),Sweden,OM,PRIC B,Pricer AB (publ) (OM:PRIC B),SE,,,,0.032309998,0.06424,0.084,PROFITABLE,PRIC-B.ST,,False
Electronics & Semiconductors,Electronics (Consumer & Office),Sweden,OM,PRFO,Profoto Holding AB (publ) (OM:PRFO),SE,,,,-0.0507,-0.07733,-0.17,NOT-PROFITABLE,PRFO.ST,,False
Electronics & Semiconductors,Electronics (General),Sweden,OM,QSYS,Qualisys Holding AB (publ) (OM:QSYS),SE,,,,0.12722,0.19440001,-0.307,PROFITABLE,QSYS.ST,,False
Electronics & Semiconductors,Electronics (General),Sweden,NGM,RLOS B,RanLOS AB (publ) (NGM:RLOS B),SE,,,,0.0,-0.5957,-0.31,NOT-PROFITABLE,RLOS-B.ST,,False
Electronics & Semiconductors,Electronics (General),Sweden,OM,REALFI,Realfiction Holding AB (publ) (OM:REALFI),SE,,,,0.0,-0.56681997,-0.072,NOT-PROFITABLE,REALFI.ST,,False
Electronics & Semiconductors,Electronics (General),Sweden,XSAT,SHT B,SHT Smart High-Tech AB (publ) (XSAT:SHT B),SE,,,,0.0,-1.36597,-0.585,NOT-PROFITABLE,SHT-B.ST,,False
Electronics & Semiconductors,Electronics (General),Sweden,OM,SGG,Sensys Gatso Group AB (publ) (OM:SGG),SE,,,,0.0228,0.028180001,0.047,PROFITABLE,SGG.ST,,False
Electronics & Semiconductors,Electronics (General),Sweden,OM,SERT,Serstech AB (OM:SERT),SE,,,,-0.82571,-0.57787997,0.714,NOT-PROFITABLE,SERT.ST,,True
Electronics & Semiconductors,Semiconductor,Sweden,OM,SIVE,Sivers Semiconductors AB (publ) (OM:SIVE),SE,,,,-0.74379,-0.20528999,-0.215,NOT-PROFITABLE,SIVE.ST,,False
Electronics & Semiconductors,Electronics (General),Sweden,OM,SEYE,Smart Eye AB (publ) (OM:SEYE),SE,,,,-0.31921,-0.09892,0.404,NOT-PROFITABLE,SEYE.ST,,True
Electronics & Semiconductors,Semiconductor Equip,Sweden,XSAT,SMOL,Smoltek Nanotech Holding AB (XSAT:SMOL),SE,,,,0.0,-0.50913,-0.09,NOT-PROFITABLE,SMOL.ST,,False
Electronics & Semiconductors,Electronics (Consumer & Office),Sweden,XSAT,SOUND,Sound Dimension AB (publ) (XSAT:SOUND),SE,,,,0.0,,,UNVERIFIED,SOUND.ST,yfinance_data_gap,False
Electronics & Semiconductors,Electronics (General),Sweden,XSAT,SUSG,Sustainion Group AB (XSAT:SUSG),SE,,,,0.04723,0.17754,0.382,PROFITABLE,SUSG.ST,,True
Electronics & Semiconductors,Electronics (General),Sweden,NGM,SYNEXO,Synexo Group AB (NGM:SYNEXO),SE,,,,,,,UNVERIFIED,SYNEXO.ST,yfinance_data_gap,False
Electronics & Semiconductors,Telecom. Equipment,Sweden,OM,TAGM B,TagMaster AB (publ) (OM:TAGM B),SE,,,,0.073979996,0.13192001,-0.084,PROFITABLE,TAGM-B.ST,,False
Electronics & Semiconductors,Telecom. Equipment,Sweden,OM,ERIC B,Telefonaktiebolaget LM Ericsson (publ) (OM:ERIC B),SE,,,,0.10831001,0.26077,-0.061,PROFITABLE,ERIC-B.ST,,False
Electronics & Semiconductors,Computers/Peripherals,Sweden,OM,TOBII,Tobii AB (publ) (OM:TOBII),SE,,,,-0.36875,-0.5873,-0.172,NOT-PROFITABLE,TOBII.ST,,False
Electronics & Semiconductors,Electronics (General),Sweden,OM,UNIBAP,Unibap Space Solutions AB (publ) (OM:UNIBAP),SE,,,,-0.20204,-0.20040001,0.006,NOT-PROFITABLE,UNIBAP.ST,,False
Electronics & Semiconductors,Telecom. Equipment,Sweden,OM,WAYS,Waystream Holding AB (publ) (OM:WAYS),SE,,,,0.011080001,0.020680001,0.059,PROFITABLE,WAYS.ST,,False
Electronics & Semiconductors,Electronics (General),Sweden,OM,WPAY,Westpay AB (OM:WPAY),SE,,,,0.04205,0.23803,0.017,PROFITABLE,WPAY.ST,,False
Electronics & Semiconductors,Semiconductor Equip,Sweden,XSAT,WEG,Windon Energy Group AB (XSAT:WEG),SE,,,,-0.78077006,-0.31709,-0.44,NOT-PROFITABLE,WEG.ST,,False
Electronics & Semiconductors,Electronics (General),Switzerland,SWX,CICN,Cicor Technologies Ltd. (SWX:CICN),CH,,,,0.02226,0.09612001,0.19,PROFITABLE,CICN.SW,,True
Electronics & Semiconductors,Electronics (General),Switzerland,SWX,COTN,Comet Holding AG (SWX:COTN),CH,,,,0.033180002,0.0496,0.056,PROFITABLE,COTN.SW,,False
Electronics & Semiconductors,Electronics (General),Switzerland,SWX,ELMN,Elma Electronic AG (SWX:ELMN),CH,,,,0.02355,0.06453,-0.027,PROFITABLE,ELMN.SW,,False
Electronics & Semiconductors,Electronics (Consumer & Office),Switzerland,NYSE,GRMN,Garmin Ltd. (NYSE:GRMN),CH,,,,,,,UNVERIFIED,GRMN.SW,yfinance_data_gap,False
Electronics & Semiconductors,Electronics (General),Switzerland,SWX,IFCN,INFICON Holding AG (SWX:IFCN),CH,,,,0.13475001,0.24529,0.164,PROFITABLE,IFCN.SW,,True
Electronics & Semiconductors,Electronics (General),Switzerland,SWX,KUD,Kudelski SA (SWX:KUD),CH,,,,-0.11569,-0.12878,-0.023,NOT-PROFITABLE,KUD.SW,,False
Electronics & Semiconductors,Electronics (General),Switzerland,SWX,LEHN,LEM Holding SA (SWX:LEHN),CH,,,,0.05706,,0.124,UNVERIFIED,LEHN.SW,yfinance_data_gap,True
Electronics & Semiconductors,Electronics (General),Switzerland,SWX,LAND,Landis+Gyr Group AG (SWX:LAND),CH,,,,-0.14482,0.03391,0.312,NOT-PROFITABLE,LAND.SW,,True
Electronics & Semiconductors,Computers/Peripherals,Switzerland,SWX,LOGN,Logitech International S.A. (SWX:LOGN),CH,,,,0.16277,0.35287997,0.069,PROFITABLE,LOGN.SW,,False
Electronics & Semiconductors,Semiconductor,Switzerland,SWX,MBTN,Meyer Burger Technology AG (SWX:MBTN),CH,,,,,,,UNVERIFIED,MBTN.SW,yfinance_data_gap,False
Electronics & Semiconductors,Semiconductor,Switzerland,NasdaqGS,LAES,SEALSQ Corp (NasdaqGS:LAES),CH,,,,,,,UNVERIFIED,LAES.SW,yfinance_data_gap,False
Electronics & Semiconductors,Electronics (General),Switzerland,SWX,SENS,Sensirion Holding AG (SWX:SENS),CH,,,,0.05876,0.06723,0.063,PROFITABLE,SENS.SW,,False
Electronics & Semiconductors,Semiconductor,Switzerland,SWX,WIHN,WISeKey International Holding AG (SWX:WIHN),CH,,,,-0.31479,-0.13918,1.089,NOT-PROFITABLE,WIHN.SW,,True
Electronics & Semiconductors,Semiconductor Equip,Taiwan,TPEX,5297,"3s Silicon Tech., Inc. (TPEX:5297)",TW,,,,,,,UNVERIFIED,5297.TW,yfinance_data_gap,False
Electronics & Semiconductors,Computers/Peripherals,Taiwan,TWSE,6579,AAEON Technology Inc. (TWSE:6579),TW,,,,0.12666,0.12286,0.34,PROFITABLE,6579.TW,,True
Electronics & Semiconductors,Electronics (General),Taiwan,TPEX,3236,ABC Taiwan Electronics Corp. (TPEX:3236),TW,,,,,,,UNVERIFIED,3236.TW,yfinance_data_gap,False
Electronics & Semiconductors,Computers/Peripherals,Taiwan,TPEX,8071,"ABICO NetCom Co.,Ltd. (TPEX:8071)",TW,,,,,,,UNVERIFIED,8071.TW,yfinance_data_gap,False
Electronics & Semiconductors,Electronics (General),Taiwan,TWSE,3605,"ACES Electronics Co., Ltd. (TWSE:3605)",TW,,,,0.05712,0.088470004,0.202,PROFITABLE,3605.TW,,True
Electronics & Semiconductors,Electronics (General),Taiwan,TPEX,3710,ACON Holding Inc. (TPEX:3710),TW,,,,,,,UNVERIFIED,3710.TW,yfinance_data_gap,False
Electronics & Semiconductors,Electronics (General),Taiwan,TPEX,5240,ACTi Corporation (TPEX:5240),TW,,,,,,,UNVERIFIED,5240.TW,yfinance_data_gap,False
Electronics & Semiconductors,Electronics (General),Taiwan,TPEX,3434,ACULA Technology Corp. (TPEX:3434),TW,,,,,,,UNVERIFIED,3434.TW,yfinance_data_gap,False
Electronics & Semiconductors,Semiconductor,Taiwan,TPEX,3260,"ADATA Technology Co., Ltd. (TPEX:3260)",TW,,,,,,,UNVERIFIED,3260.TW,yfinance_data_gap,False
Electronics & Semiconductors,Electronics (General),Taiwan,TPEX,3516,ADO Optronics Corporation (TPEX:3516),TW,,,,,,,UNVERIFIED,3516.TW,yfinance_data_gap,False
Electronics & Semiconductors,Telecom. Equipment,Taiwan,TPEX,3564,"AEWIN Technologies Co.,Ltd. (TPEX:3564)",TW,,,,,,,UNVERIFIED,3564.TW,yfinance_data_gap,False
Electronics & Semiconductors,Computers/Peripherals,Taiwan,TPEX,3693,AIC Inc. (TPEX:3693),TW,,,,,,,UNVERIFIED,3693.TW,yfinance_data_gap,False
Electronics & Semiconductors,Electronics (Consumer & Office),Taiwan,TWSE,6225,AIPTEK International Inc. (TWSE:6225),TW,,,,-0.0149300005,-0.00906,-0.348,NOT-PROFITABLE,6225.TW,,False
Electronics & Semiconductors,Semiconductor,Taiwan,TWSE,3041,ALi Corporation (TWSE:3041),TW,,,,-0.40654,-0.50315,0.097,NOT-PROFITABLE,3041.TW,,False
Electronics & Semiconductors,Semiconductor,Taiwan,TPEX,5272,AMICCOM Electronics Corporation (TPEX:5272),TW,,,,,,,UNVERIFIED,5272.TW,yfinance_data_gap,False
Electronics & Semiconductors,Semiconductor Equip,Taiwan,TPEX,6735,"AMIDA Technology, Inc. (TPEX:6735)",TW,,,,,,,UNVERIFIED,6735.TW,yfinance_data_gap,False
Electronics & Semiconductors,Electronics (Consumer & Office),Taiwan,TWSE,6743,AMPACS Corporation (TWSE:6743),TW,,,,0.022160001,0.043169998,-0.067,PROFITABLE,6743.TW,,False
Electronics & Semiconductors,Telecom. Equipment,Taiwan,TPEX,6546,AMPAK Technology Inc. (TPEX:6546),TW,,,,,,,UNVERIFIED,6546.TW,yfinance_data_gap,False
Electronics & Semiconductors,Semiconductor,Taiwan,TWSE,6477,"ANJI Technology Co., Ltd. (TWSE:6477)",TW,,,,0.01179,0.0063899998,0.542,PROFITABLE,6477.TW,,True
Electronics & Semiconductors,Electronics (General),Taiwan,TPEX,3646,"ANT Precision Industry Co., Ltd (TPEX:3646)",TW,,,,,,,UNVERIFIED,3646.TW,yfinance_data_gap,False
Electronics & Semiconductors,Computers/Peripherals,Taiwan,TWSE,3046,AOPEN Incorporated (TWSE:3046),TW,,,,0.042659998,0.21609,0.011,PROFITABLE,3046.TW,,False
Electronics & Semiconductors,Semiconductor,Taiwan,TWSE,6531,AP Memory Technology Corporation (TWSE:6531),TW,,,,0.36181,0.23533002,0.778,PROFITABLE,6531.TW,,True
Electronics & Semiconductors,Electronics (General),Taiwan,TPEX,4908,APAC Opto Electronics Inc. (TPEX:4908),TW,,,,,,,UNVERIFIED,4908.TW,yfinance_data_gap,False
Electronics & Semiconductors,Electronics (General),Taiwan,TWSE,6108,APCB Inc. (TWSE:6108),TW,,,,-0.058720004,-0.07239,0.052,NOT-PROFITABLE,6108.TW,,False
Electronics & Semiconductors,Computers/Peripherals,Taiwan,TPEX,3594,ARBOR Technology Corp. (TPEX:3594),TW,,,,,,,UNVERIFIED,3594.TW,yfinance_data_gap,False
Electronics & Semiconductors,Semiconductor,Taiwan,TWSE,3711,"ASE Technology Holding Co., Ltd. (TWSE:3711)",TW,,,,0.08545999,0.17009,0.267,PROFITABLE,3711.TW,,True
Electronics & Semiconductors,Semiconductor,Taiwan,TPEX,3169,ASIX Electronics Corporation (TPEX:3169),TW,,,,,,,UNVERIFIED,3169.TW,yfinance_data_gap,False
Electronics & Semiconductors,Semiconductor,Taiwan,TWSE,5269,ASMedia Technology Inc. (TWSE:5269),TW,,,,0.42053002,0.16830999,0.394,PROFITABLE,5269.TW,,True
Electronics & Semiconductors,Semiconductor,Taiwan,TPEX,5274,ASPEED Technology Inc. (TPEX:5274),TW,,,,,,,UNVERIFIED,5274.TW,yfinance_data_gap,False
Electronics & Semiconductors,Computers/Peripherals,Taiwan,TWSE,3515,ASROCK Incorporation (TWSE:3515),TW,,,,0.03916,0.23311001,-0.159,PROFITABLE,3515.TW,,False
Electronics & Semiconductors,Computers/Peripherals,Taiwan,TPEX,7710,ASRock Industrial Computer Corporation (TPEX:7710),TW,,,,,,,UNVERIFIED,7710.TW,yfinance_data_gap,False
Electronics & Semiconductors,Computers/Peripherals,Taiwan,TWSE,7711,ASRock Rack Incorporation (TWSE:7711),TW,,,,0.054780003,0.46989,0.092,PROFITABLE,7711.TW,,False
Electronics & Semiconductors,Computers/Peripherals,Taiwan,TWSE,2357,ASUSTeK Computer Inc. (TWSE:2357),TW,,,,0.05198,0.14575,0.411,PROFITABLE,2357.TW,,True
Electronics & Semiconductors,Semiconductor,Taiwan,TPEX,6485,"ASolid Technology Co., Ltd. (TPEX:6485)",TW,,,,,,,UNVERIFIED,6485.TW,yfinance_data_gap,False
Electronics & Semiconductors,Computers/Peripherals,Taiwan,TPEX,8097,ATW Technology Inc. (TPEX:8097),TW,,,,,,,UNVERIFIED,8097.TW,yfinance_data_gap,False
Electronics & Semiconductors,Telecom. Equipment,Taiwan,TPEX,6465,ATrack Technology Inc. (TPEX:6465),TW,,,,,,,UNVERIFIED,6465.TW,yfinance_data_gap,False
Electronics & Semiconductors,Electronics (General),Taiwan,TWSE,2409,AUO Corporation (TWSE:2409),TW,,,,0.00865,0.01678,-0.043,PROFITABLE,2409.TW,,False
Electronics & Semiconductors,Electronics (General),Taiwan,TWSE,8072,AV TECH Corporation (TWSE:8072),TW,,,,0.05955,0.041020002,0.345,PROFITABLE,8072.TW,,True
Electronics & Semiconductors,Electronics (General),Taiwan,TWSE,3669,AVer Information Inc. (TWSE:3669),TW,,,,0.06347,0.05092,0.235,PROFITABLE,3669.TW,,True
Electronics & Semiconductors,Electronics (Consumer & Office),Taiwan,TWSE,2417,"AVerMedia Technologies, Inc. (TWSE:2417)",TW,,,,0.00952,0.02934,0.167,PROFITABLE,2417.TW,,True
Electronics & Semiconductors,Electronics (General),Taiwan,TPEX,5392,"Abico AVY Co., Ltd. (TPEX:5392)",TW,,,,,,,UNVERIFIED,5392.TW,yfinance_data_gap,False
Electronics & Semiconductors,Electronics (Consumer & Office),Taiwan,TWSE,2374,"Ability Enterprise Co., Ltd. (TWSE:2374)",TW,,,,0.084589995,0.1086,0.78,PROFITABLE,2374.TW,,True
Electronics & Semiconductors,Electronics (General),Taiwan,TPEX,3362,"Ability Opto-Electronics Technology Co.,Ltd. (TPEX:3362)",TW,,,,,,,UNVERIFIED,3362.TW,yfinance_data_gap,False
Electronics & Semiconductors,Semiconductor Equip,Taiwan,TPEX,7734,"AblePrint Technology Co., Ltd. (TPEX:7734)",TW,,,,,,,UNVERIFIED,7734.TW,yfinance_data_gap,False
Electronics & Semiconductors,Telecom. Equipment,Taiwan,TWSE,2444,"AboCom Systems, Inc. (TWSE:2444)",TW,,,,-0.21733999,-0.26828,-0.307,NOT-PROFITABLE,2444.TW,,False
Electronics & Semiconductors,Electronics (General),Taiwan,TWSE,2429,"Abonmax Co., Ltd (TWSE:2429)",TW,,,,-0.29027,-0.17846,-0.076,NOT-PROFITABLE,2429.TW,,False
Electronics & Semiconductors,Telecom. Equipment,Taiwan,TPEX,6403,AcSiP Technology Corp. (TPEX:6403),TW,,,,,,,UNVERIFIED,6403.TW,yfinance_data_gap,False
Electronics & Semiconductors,Computers/Peripherals,Taiwan,TPEX,7870,Accordance Systems Inc. (TPEX:7870),TW,,,,,,,UNVERIFIED,7870.TW,yfinance_data_gap,False
Electronics & Semiconductors,Telecom. Equipment,Taiwan,TWSE,2345,Accton Technology Corporation (TWSE:2345),TW,,,,0.11453,0.65580004,0.576,PROFITABLE,2345.TW,,True
Electronics & Semiconductors,Computers/Peripherals,Taiwan,TWSE,2432,Acer Gadget Inc. (TWSE:2432),TW,,,,0.03358,0.12026,0.81,PROFITABLE,2432.TW,,True
Electronics & Semiconductors,Computers/Peripherals,Taiwan,TWSE,2353,Acer Incorporated (TWSE:2353),TW,,,,0.01654,0.08997,0.282,PROFITABLE,2353.TW,,True
Electronics & Semiconductors,Electronics (General),Taiwan,TPEX,8121,Acme Electronics Corporation (TPEX:8121),TW,,,,,,,UNVERIFIED,8121.TW,yfinance_data_gap,False
Electronics & Semiconductors,Electronics (General),Taiwan,TPEX,6820,Acon Optics Communications Inc. (TPEX:6820),TW,,,,,,,UNVERIFIED,6820.TW,yfinance_data_gap,False
Electronics & Semiconductors,Electronics (Consumer & Office),Taiwan,TWSE,3024,"Action Electronics Co., Ltd. (TWSE:3024)",TW,,,,0.00968,0.00347,-0.589,PROFITABLE,3024.TW,,False
Electronics & Semiconductors,Computers/Peripherals,Taiwan,TPEX,3071,Adda Corporation (TPEX:3071),TW,,,,,,,UNVERIFIED,3071.TW,yfinance_data_gap,False
Electronics & Semiconductors,Computers/Peripherals,Taiwan,TWSE,6166,Adlink Technology Inc. (TWSE:6166),TW,,,,0.08087,0.20191999,0.524,PROFITABLE,6166.TW,,True
Electronics & Semiconductors,Electronics (General),Taiwan,TPEX,3585,Advance Materials Corporation (TPEX:3585),TW,,,,,,,UNVERIFIED,3585.TW,yfinance_data_gap,False
Electronics & Semiconductors,Semiconductor,Taiwan,TPEX,3438,"Advanced Analog Technology, Inc. (TPEX:3438)",TW,,,,,,,UNVERIFIED,3438.TW,yfinance_data_gap,False
Electronics & Semiconductors,Telecom. Equipment,Taiwan,TPEX,3152,Advanced Ceramic X Corporation (TPEX:3152),TW,,,,,,,UNVERIFIED,3152.TW,yfinance_data_gap,False
Electronics & Semiconductors,Electronics (General),Taiwan,TPEX,3492,Advanced Connection Technology Inc. (TPEX:3492),TW,,,,,,,UNVERIFIED,3492.TW,yfinance_data_gap,False
Electronics & Semiconductors,Semiconductor,Taiwan,TPEX,4749,Advanced Echem Materials Company Limited (TPEX:4749),TW,,,,,,,UNVERIFIED,4749.TW,yfinance_data_gap,False
Electronics & Semiconductors,Semiconductor,Taiwan,TWSE,3437,Advanced Optoelectronic Technology Inc. (TWSE:3437),TW,,,,-0.27333,-0.17286,-0.23,NOT-PROFITABLE,3437.TW,,False
Electronics & Semiconductors,Semiconductor,Taiwan,TWSE,8261,"Advanced Power Electronics Co., Ltd. (TWSE:8261)",TW,,,,0.24570999,0.14191,0.072,PROFITABLE,8261.TW,,False
Electronics & Semiconductors,Telecom. Equipment,Taiwan,TPEX,6818,Advanced Wireless & Antenna Inc. (TPEX:6818),TW,,,,,,,UNVERIFIED,6818.TW,yfinance_data_gap,False
Electronics & Semiconductors,Semiconductor,Taiwan,TPEX,8086,Advanced Wireless Semiconductor Company (TPEX:8086),TW,,,,,,,UNVERIFIED,8086.TW,yfinance_data_gap,False
Electronics & Semiconductors,Computers/Peripherals,Taiwan,TWSE,2395,"Advantech Co., Ltd. (TWSE:2395)",TW,,,,0.16691999,0.26437,0.465,PROFITABLE,2395.TW,,True
Electronics & Semiconductors,Semiconductor,Taiwan,TPEX,3219,"Aethertek technology co., Ltd. (TPEX:3219)",TW,,,,,,,UNVERIFIED,3219.TW,yfinance_data_gap,False
Electronics & Semiconductors,Electronics (General),Taiwan,TPEX,3615,"AimCore Technology Co., Ltd (TPEX:3615)",TW,,,,,,,UNVERIFIED,3615.TW,yfinance_data_gap,False
Electronics & Semiconductors,Semiconductor,Taiwan,TWSE,6526,Airoha Technology Corp. (TWSE:6526),TW,,,,0.13776,0.14491001,0.139,PROFITABLE,6526.TW,,True
Electronics & Semiconductors,Electronics (General),Taiwan,TPEX,6174,"Aker Technology Co., Ltd (TPEX:6174)",TW,,,,,,,UNVERIFIED,6174.TW,yfinance_data_gap,False
Electronics & Semiconductors,Computers/Peripherals,Taiwan,TPEX,5386,"Albatron Technology Co., Ltd (TPEX:5386)",TW,,,,,,,UNVERIFIED,5386.TW,yfinance_data_gap,False
Electronics & Semiconductors,Semiconductor,Taiwan,TWSE,3661,"Alchip Technologies, Limited (TWSE:3661)",TW,,,,0.22587,0.13121,-0.601,PROFITABLE,3661.TW,,False
Electronics & Semiconductors,Semiconductor,Taiwan,TPEX,8054,"Alcor Micro,Corp. (TPEX:8054)",TW,,,,,,,UNVERIFIED,8054.TW,yfinance_data_gap,False
Electronics & Semiconductors,Semiconductor,Taiwan,TPEX,6684,"Algoltek, Inc. (TPEX:6684)",TW,,,,,,,UNVERIFIED,6684.TW,yfinance_data_gap,False
Electronics & Semiconductors,Electronics (General),Taiwan,TPEX,6187,"All Ring Tech Co., Ltd. (TPEX:6187)",TW,,,,,,,UNVERIFIED,6187.TW,yfinance_data_gap,False
Electronics & Semiconductors,Electronics (General),Taiwan,TPEX,8155,"Allied Circuit Co., Ltd. (TPEX:8155)",TW,,,,,,,UNVERIFIED,8155.TW,yfinance_data_gap,False
Electronics & Semiconductors,Electronics (General),Taiwan,TPEX,3526,"Alltop Technology Co., Ltd. (TPEX:3526)",TW,,,,,,,UNVERIFIED,3526.TW,yfinance_data_gap,False
Electronics & Semiconductors,Semiconductor,Taiwan,TPEX,8024,Alpha Microelectronics Corporation (TPEX:8024),TW,,,,,,,UNVERIFIED,8024.TW,yfinance_data_gap,False
Electronics & Semiconductors,Telecom. Equipment,Taiwan,TWSE,3380,Alpha Networks Inc. (TWSE:3380),TW,,,,0.00343,0.010240001,-0.093,PROFITABLE,3380.TW,,False
Electronics & Semiconductors,Electronics (Consumer & Office),Taiwan,TWSE,3059,Altek Corporation (TWSE:3059),TW,,,,0.042740002,0.05386,0.09,PROFITABLE,3059.TW,,False
Electronics & Semiconductors,Computers/Peripherals,Taiwan,TPEX,7875,Altos Computing Inc. (TPEX:7875),TW,,,,,,,UNVERIFIED,7875.TW,yfinance_data_gap,False
Electronics & Semiconductors,Electronics (Consumer & Office),Taiwan,TWSE,2489,"AmTRAN Technology Co.,Ltd (TWSE:2489)",TW,,,,0.02637,0.05039,0.093,PROFITABLE,2489.TW,,False
Electronics & Semiconductors,Semiconductor,Taiwan,TPEX,6411,Amazing Microelectronic Corp. (TPEX:6411),TW,,,,,,,UNVERIFIED,6411.TW,yfinance_data_gap,False
Electronics & Semiconductors,Telecom. Equipment,Taiwan,TPEX,6241,Amigo Technology Inc. (TPEX:6241),TW,,,,,,,UNVERIFIED,6241.TW,yfinance_data_gap,False
Electronics & Semiconductors,Semiconductor,Taiwan,TPEX,8049,"Ampire Co., Ltd. (TPEX:8049)",TW,,,,,,,UNVERIFIED,8049.TW,yfinance_data_gap,False
Electronics & Semiconductors,Semiconductor Equip,Taiwan,TPEX,4760,"Ample Electronic Technology Co.,Ltd. (TPEX:4760)",TW,,,,,,,UNVERIFIED,4760.TW,yfinance_data_gap,False
Electronics & Semiconductors,Semiconductor,Taiwan,TWSE,2493,"Ampoc Far-East Co., Ltd. (TWSE:2493)",TW,,,,0.14178,0.18559,0.012,PROFITABLE,2493.TW,,False
Electronics & Semiconductors,Semiconductor,Taiwan,TPEX,6291,Analog Integrations Corporation (TPEX:6291),TW,,,,,,,UNVERIFIED,6291.TW,yfinance_data_gap,False
Electronics & Semiconductors,Semiconductor,Taiwan,TWSE,6533,Andes Technology Corporation (TWSE:6533),TW,,,,-0.30455,-0.10308,0.203,NOT-PROFITABLE,6533.TW,,True
Electronics & Semiconductors,Semiconductor,Taiwan,TPEX,6138,Anpec Electronics Corporation (TPEX:6138),TW,,,,,,,UNVERIFIED,6138.TW,yfinance_data_gap,False
Electronics & Semiconductors,Electronics (General),Taiwan,TPEX,6276,Antec Inc. (TPEX:6276),TW,,,,,,,UNVERIFIED,6276.TW,yfinance_data_gap,False
Electronics & Semiconductors,Semiconductor,Taiwan,TWSE,8271,Apacer Technology Inc. (TWSE:8271),TW,,,,0.22583,0.74899,2.567,PROFITABLE,8271.TW,,True
Electronics & Semiconductors,Electronics (General),Taiwan,TWSE,6449,"Apaq Technology Co., Ltd. (TWSE:6449)",TW,,,,0.14887,0.1355,0.247,PROFITABLE,6449.TW,,True
Electronics & Semiconductors,Electronics (General),Taiwan,TPEX,6899,Apex Material Technology Corp. (TPEX:6899),TW,,,,,,,UNVERIFIED,6899.TW,yfinance_data_gap,False
Electronics & Semiconductors,Computers/Peripherals,Taiwan,TPEX,6570,Aplex Technology Inc. (TPEX:6570),TW,,,,,,,UNVERIFIED,6570.TW,yfinance_data_gap,False
Electronics & Semiconductors,Electronics (General),Taiwan,TWSE,6426,"Apogee Optocom Co., Ltd. (TWSE:6426)",TW,,,,0.03716,0.0216,0.561,PROFITABLE,6426.TW,,True
Electronics & Semiconductors,Electronics (General),Taiwan,TPEX,6560,Appro Photoelectron Inc. (TPEX:6560),TW,,,,,,,UNVERIFIED,6560.TW,yfinance_data_gap,False
Electronics & Semiconductors,Telecom. Equipment,Taiwan,TWSE,3596,Arcadyan Technology Corporation (TWSE:3596),TW,,,,0.053579997,0.18020001,0.031,PROFITABLE,3596.TW,,False
Electronics & Semiconductors,Electronics (General),Taiwan,TWSE,4588,Arch Meter Corporation (TWSE:4588),TW,,,,0.15522,0.16198,0.42,PROFITABLE,4588.TW,,True
Electronics & Semiconductors,Semiconductor,Taiwan,TPEX,3264,Ardentec Corporation (TPEX:3264),TW,,,,,,,UNVERIFIED,3264.TW,yfinance_data_gap,False
Electronics & Semiconductors,Electronics (General),Taiwan,TPEX,3217,Argosy Research Inc. (TPEX:3217),TW,,,,,,,UNVERIFIED,3217.TW,yfinance_data_gap,False
Electronics & Semiconductors,Computers/Peripherals,Taiwan,TWSE,8101,Arima Communications Corp. (TWSE:8101),TW,,,,-0.27236,-0.48326,0.084,NOT-PROFITABLE,8101.TW,,False
Electronics & Semiconductors,Electronics (General),Taiwan,TPEX,6432,Arlitech Electronic Corp. (TPEX:6432),TW,,,,,,,UNVERIFIED,6432.TW,yfinance_data_gap,False
Electronics & Semiconductors,Electronics (General),Taiwan,TPEX,4939,"Asia Electronic Material Co., Ltd. (TPEX:4939)",TW,,,,,,,UNVERIFIED,4939.TW,yfinance_data_gap,False
Electronics & Semiconductors,Electronics (General),Taiwan,TWSE,3019,"Asia Optical Co., Inc. (TWSE:3019)",TW,,,,0.058330003,0.120129995,0.162,PROFITABLE,3019.TW,,True
Electronics & Semiconductors,Semiconductor,Taiwan,TPEX,4974,Asia Tech Image Inc. (TPEX:4974),TW,,,,,,,UNVERIFIED,4974.TW,yfinance_data_gap,False
Electronics & Semiconductors,Computers/Peripherals,Taiwan,TWSE,3017,"Asia Vital Components Co., Ltd. (TWSE:3017)",TW,,,,0.14448,0.61689,1.102,PROFITABLE,3017.TW,,True
Electronics & Semiconductors,Computers/Peripherals,Taiwan,TWSE,9912,"Associated Industries China, Inc. (TWSE:9912)",TW,,,,-0.08555,-0.12891,-0.025,NOT-PROFITABLE,9912.TW,,False
Electronics & Semiconductors,Computers/Peripherals,Taiwan,TPEX,7801,Asustor Inc. (TPEX:7801),TW,,,,,,,UNVERIFIED,7801.TW,yfinance_data_gap,False
Electronics & Semiconductors,Computers/Peripherals,Taiwan,TWSE,6277,"Aten International Co., Ltd (TWSE:6277)",TW,,,,0.094680004,0.10465,0.186,PROFITABLE,6277.TW,,True
Electronics & Semiconductors,Telecom. Equipment,Taiwan,TWSE,3138,Auden Techno Corp. (TWSE:3138),TW,,,,0.04598,0.03446,0.222,PROFITABLE,3138.TW,,True
Electronics & Semiconductors,Computers/Peripherals,Taiwan,TPEX,3324,"Auras Technology Co., Ltd. (TPEX:3324)",TW,,,,,,,UNVERIFIED,3324.TW,yfinance_data_gap,False
Electronics & Semiconductors,Electronics (General),Taiwan,TPEX,8074,"Aurona Industries, Inc. (TPEX:8074)",TW,,,,,,,UNVERIFIED,8074.TW,yfinance_data_gap,False
Electronics & Semiconductors,Electronics (General),Taiwan,TWSE,6215,Aurotek Corporation (TWSE:6215),TW,,,,0.08487,0.15499,0.587,PROFITABLE,6215.TW,,True
Electronics & Semiconductors,Computers/Peripherals,Taiwan,TPEX,3479,Avalue Technology Incorporation (TPEX:3479),TW,,,,,,,UNVERIFIED,3479.TW,yfinance_data_gap,False
Electronics & Semiconductors,Electronics (General),Taiwan,TPEX,3597,Avertronics Inc. (TPEX:3597),TW,,,,,,,UNVERIFIED,3597.TW,yfinance_data_gap,False
Electronics & Semiconductors,Semiconductor,Taiwan,TPEX,6103,Avid Electronics Corp. (TPEX:6103),TW,,,,,,,UNVERIFIED,6103.TW,yfinance_data_gap,False
Electronics & Semiconductors,Computers/Peripherals,Taiwan,TWSE,2380,Avision Inc. (TWSE:2380),TW,,,,0.02122,0.12630999,0.122,PROFITABLE,2380.TW,,True
Electronics & Semiconductors,Telecom. Equipment,Taiwan,TPEX,6530,Axcen Photonics Corporation (TPEX:6530),TW,,,,,,,UNVERIFIED,6530.TW,yfinance_data_gap,False
Electronics & Semiconductors,Computers/Peripherals,Taiwan,TPEX,3088,"Axiomtek Co., Ltd. (TPEX:3088)",TW,,,,,,,UNVERIFIED,3088.TW,yfinance_data_gap,False
Electronics & Semiconductors,Electronics (General),Taiwan,TWSE,3694,"AzureWave Technologies, Inc. (TWSE:3694)",TW,,,,0.054250002,0.17523001,0.266,PROFITABLE,3694.TW,,True
Electronics & Semiconductors,Computers/Peripherals,Taiwan,TPEX,6517,"BASO Precision Optics Co., LTD (TPEX:6517)",TW,,,,,,,UNVERIFIED,6517.TW,yfinance_data_gap,False
Electronics & Semiconductors,Semiconductor,Taiwan,TPEX,3555,"BaaS Innovation Co., Ltd. (TPEX:3555)",TW,,,,,,,UNVERIFIED,3555.TW,yfinance_data_gap,False
Electronics & Semiconductors,Electronics (General),Taiwan,TPEX,5340,Baotek Industrial Materials Ltd. (TPEX:5340),TW,,,,,,,UNVERIFIED,5340.TW,yfinance_data_gap,False
Electronics & Semiconductors,Electronics (General),Taiwan,TPEX,7861,Bellwether Electronic Corp. (TPEX:7861),TW,,,,,,,UNVERIFIED,7861.TW,yfinance_data_gap,False
Electronics & Semiconductors,Electronics (General),Taiwan,TWSE,8215,BenQ Materials Corporation (TWSE:8215),TW,,,,-0.03936,-0.0915,0.119,NOT-PROFITABLE,8215.TW,,True
Electronics & Semiconductors,Telecom. Equipment,Taiwan,TWSE,3027,"Billion Electric Co., Ltd. (TWSE:3027)",TW,,,,-0.08339,-0.07818,-0.456,NOT-PROFITABLE,3027.TW,,False
Electronics & Semiconductors,Computers/Peripherals,Taiwan,TPEX,1569,"Bin Chuan Enterprise Co., Ltd. (TPEX:1569)",TW,,,,,,,UNVERIFIED,1569.TW,yfinance_data_gap,False
Electronics & Semiconductors,Computers/Peripherals,Taiwan,TWSE,2399,Biostar Microtech International Corp. (TWSE:2399),TW,,,,0.16638,0.1196,-0.128,PROFITABLE,2399.TW,,False
Electronics & Semiconductors,Electronics (General),Taiwan,TPEX,3659,Bison Electronics Inc. (TPEX:3659),TW,,,,,,,UNVERIFIED,3659.TW,yfinance_data_gap,False
Electronics & Semiconductors,Electronics (General),Taiwan,TPEX,6538,"Brave C&H Supply Co.,Ltd. (TPEX:6538)",TW,,,,,,,UNVERIFIED,6538.TW,yfinance_data_gap,False
Electronics & Semiconductors,Semiconductor,Taiwan,TWSE,3031,Bright LED Electronics Corp. (TWSE:3031),TW,,,,0.16419001,0.065170005,0.145,PROFITABLE,3031.TW,,True
Electronics & Semiconductors,Semiconductor,Taiwan,TWSE,5244,"Brightek Optoelectronic Co., Ltd. (TWSE:5244)",TW,,,,-0.03627,-0.01763,0.002,NOT-PROFITABLE,5244.TW,,False
Electronics & Semiconductors,Semiconductor Equip,Taiwan,TPEX,6788,Brillian Network & Automation Integrated System Co. Ltd. (TPEX:6788),TW,,,,,,,UNVERIFIED,6788.TW,yfinance_data_gap,False
Electronics & Semiconductors,Electronics (Consumer & Office),Taiwan,TPEX,7402,Brinno Incorporated (TPEX:7402),TW,,,,,,,UNVERIFIED,7402.TW,yfinance_data_gap,False
Electronics & Semiconductors,Telecom. Equipment,Taiwan,TPEX,3163,Browave Corporation (TPEX:3163),TW,,,,,,,UNVERIFIED,3163.TW,yfinance_data_gap,False
Electronics & Semiconductors,Electronics (Consumer & Office),Taiwan,TPEX,7558,Bryton Inc. (TPEX:7558),TW,,,,,,,UNVERIFIED,7558.TW,yfinance_data_gap,False
Electronics & Semiconductors,Semiconductor,Taiwan,TPEX,6237,C-Media Electronics Inc. (TPEX:6237),TW,,,,,,,UNVERIFIED,6237.TW,yfinance_data_gap,False
Electronics & Semiconductors,Electronics (General),Taiwan,TPEX,3625,C-Tech United Corp. (TPEX:3625),TW,,,,,,,UNVERIFIED,3625.TW,yfinance_data_gap,False
Electronics & Semiconductors,Electronics (General),Taiwan,TPEX,6217,"C.C.P. Contact Probes Co., Ltd. (TPEX:6217)",TW,,,,,,,UNVERIFIED,6217.TW,yfinance_data_gap,False
Electronics & Semiconductors,Computers/Peripherals,Taiwan,TWSE,6416,"CASwell, Inc. (TWSE:6416)",TW,,,,0.07842,0.0904,-0.046,PROFITABLE,6416.TW,,False
Electronics & Semiconductors,Computers/Peripherals,Taiwan,TPEX,5310,CGS International Inc. (TPEX:5310),TW,,,,,,,UNVERIFIED,5310.TW,yfinance_data_gap,False
Electronics & Semiconductors,Computers/Peripherals,Taiwan,TWSE,2323,CMC Magnetics Corporation (TWSE:2323),TW,,,,0.31786,0.13131,0.159,PROFITABLE,2323.TW,,True
Electronics & Semiconductors,Semiconductor,Taiwan,TPEX,7707,"CMSC, Inc. (TPEX:7707)",TW,,,,,,,UNVERIFIED,7707.TW,yfinance_data_gap,False
Electronics & Semiconductors,Electronics (General),Taiwan,TWSE,2415,CX Technology Corporation (TWSE:2415),TW,,,,0.07052,0.07176,0.145,PROFITABLE,2415.TW,,True
Electronics & Semiconductors,Electronics (General),Taiwan,TWSE,4976,"Calin Technology Co., Ltd. (TWSE:4976)",TW,,,,-0.30008,-0.13159999,0.009,NOT-PROFITABLE,4976.TW,,False
Electronics & Semiconductors,Semiconductor Equip,Taiwan,TPEX,6532,"Calitech Co., Ltd. (TPEX:6532)",TW,,,,,,,UNVERIFIED,6532.TW,yfinance_data_gap,False
Electronics & Semiconductors,Telecom. Equipment,Taiwan,TWSE,6142,"Cameo Communications, Inc. (TWSE:6142)",TW,,,,-0.07018,-0.04384,0.029,NOT-PROFITABLE,6142.TW,,False
Electronics & Semiconductors,Electronics (General),Taiwan,TWSE,6153,"Career Technology (Mfg.) Co., Ltd. (TWSE:6153)",TW,,,,-0.36596,-0.21893999,0.056,NOT-PROFITABLE,6153.TW,,False
Electronics & Semiconductors,Computers/Peripherals,Taiwan,TPEX,3325,"Casing Macron Technology Co., Ltd. (TPEX:3325)",TW,,,,,,,UNVERIFIED,3325.TW,yfinance_data_gap,False
Electronics & Semiconductors,Telecom. Equipment,Taiwan,TPEX,8059,CastleNet Technology Inc. (TPEX:8059),TW,,,,,,,UNVERIFIED,8059.TW,yfinance_data_gap,False
Electronics & Semiconductors,Electronics (General),Taiwan,TWSE,5258,"Castles Technology Co., Ltd. (TWSE:5258)",TW,,,,0.046490002,0.08605,0.017,PROFITABLE,5258.TW,,False
Electronics & Semiconductors,Computers/Peripherals,Taiwan,TWSE,2474,"Catcher Technology Co., Ltd. (TWSE:2474)",TW,,,,0.518,0.05953,-0.473,PROFITABLE,2474.TW,,False
Electronics & Semiconductors,Electronics (General),Taiwan,TPEX,3323,Celxpert Energy Corporation (TPEX:3323),TW,,,,,,,UNVERIFIED,3323.TW,yfinance_data_gap,False
Electronics & Semiconductors,Electronics (General),Taiwan,TPEX,5254,"Cen Link Co., Ltd. (TPEX:5254)",TW,,,,,,,UNVERIFIED,5254.TW,yfinance_data_gap,False
Electronics & Semiconductors,Computers/Peripherals,Taiwan,TWSE,2425,Chaintech Technology Corporation (TWSE:2425),TW,,,,-0.00099,-0.03662,-0.009,NOT-PROFITABLE,2425.TW,,False
Electronics & Semiconductors,Semiconductor,Taiwan,TWSE,3257,Champion Microelectronic Corporation (TWSE:3257),TW,,,,0.23865,0.14983,-0.334,PROFITABLE,3257.TW,,False
Electronics & Semiconductors,Semiconductor Equip,Taiwan,TPEX,6548,"Chang Wah Technology Co., Ltd. (TPEX:6548)",TW,,,,,,,UNVERIFIED,6548.TW,yfinance_data_gap,False
Electronics & Semiconductors,Electronics (General),Taiwan,TPEX,3078,"Channel Well Technology Co.,Ltd. (TPEX:3078)",TW,,,,,,,UNVERIFIED,3078.TW,yfinance_data_gap,False
Electronics & Semiconductors,Electronics (General),Taiwan,TWSE,6205,"Chant Sincere Co., Ltd. (TWSE:6205)",TW,,,,0.10512,0.053179998,-0.204,PROFITABLE,6205.TW,,False
Electronics & Semiconductors,Electronics (General),Taiwan,TWSE,3229,"Cheer Time Enterprise Co., Ltd (TWSE:3229)",TW,,,,0.00283,0.00514,0.458,PROFITABLE,3229.TW,,True
Electronics & Semiconductors,Semiconductor Equip,Taiwan,TPEX,8383,"Chen Full International Co., Ltd. (TPEX:8383)",TW,,,,,,,UNVERIFIED,8383.TW,yfinance_data_gap,False
Electronics & Semiconductors,Computers/Peripherals,Taiwan,TWSE,8210,"Chenbro Micom Co., Ltd. (TWSE:8210)",TW,,,,0.17493,0.48531,0.437,PROFITABLE,8210.TW,,True
Electronics & Semiconductors,Semiconductor Equip,Taiwan,TPEX,7853,"Cheng Mei Instrument Technology Co., Ltd. (TPEX:7853)",TW,,,,,,,UNVERIFIED,7853.TW,yfinance_data_gap,False
Electronics & Semiconductors,Electronics (General),Taiwan,TWSE,4960,Cheng Mei Materials Technology Corporation (TWSE:4960),TW,,,,-0.09896,-0.111219995,-0.032,NOT-PROFITABLE,4960.TW,,False
Electronics & Semiconductors,Electronics (General),Taiwan,TWSE,2392,"Cheng Uei Precision Industry Co., Ltd. (TWSE:2392)",TW,,,,-0.03622,-0.49713,-0.051,NOT-PROFITABLE,2392.TW,,False
Electronics & Semiconductors,Computers/Peripherals,Taiwan,TWSE,3013,Chenming Electronic Tech. Corp. (TWSE:3013),TW,,,,0.09543,0.21921,0.225,PROFITABLE,3013.TW,,True
Electronics & Semiconductors,Electronics (General),Taiwan,TPEX,3095,"Chi Cheng Enterprise Co., Ltd. (TPEX:3095)",TW,,,,,,,UNVERIFIED,3095.TW,yfinance_data_gap,False
Electronics & Semiconductors,Electronics (General),Taiwan,TPEX,3310,"Chialin Precision Industrial Co., Ltd. (TPEX:3310)",TW,,,,,,,UNVERIFIED,3310.TW,yfinance_data_gap,False
Electronics & Semiconductors,Computers/Peripherals,Taiwan,TWSE,2385,"Chicony Electronics Co., Ltd. (TWSE:2385)",TW,,,,0.07018,0.16115999,-0.086,PROFITABLE,2385.TW,,False
Electronics & Semiconductors,Electronics (General),Taiwan,TPEX,8092,"Chien Wei Precise Technology Co., Ltd. (TPEX:8092)",TW,,,,,,,UNVERIFIED,8092.TW,yfinance_data_gap,False
Electronics & Semiconductors,Semiconductor Equip,Taiwan,TPEX,1595,"Chime Ball Technology Co.,Ltd. (TPEX:1595)",TW,,,,,,,UNVERIFIED,1595.TW,yfinance_data_gap,False
Electronics & Semiconductors,Electronics (General),Taiwan,TWSE,2355,"Chin-Poon Industrial Co., Ltd. (TWSE:2355)",TW,,,,0.04205,0.03805,0.056,PROFITABLE,2355.TW,,False
Electronics & Semiconductors,Semiconductor,Taiwan,TPEX,8084,"Chip Hope Co., Ltd (TPEX:8084)",TW,,,,,,,UNVERIFIED,8084.TW,yfinance_data_gap,False
Electronics & Semiconductors,Semiconductor,Taiwan,TWSE,8150,ChipMOS TECHNOLOGIES INC. (TWSE:8150),TW,,,,0.083330005,0.09348,0.287,PROFITABLE,8150.TW,,True
Electronics & Semiconductors,Semiconductor,Taiwan,TPEX,6147,Chipbond Technology Corporation (TPEX:6147),TW,,,,,,,UNVERIFIED,6147.TW,yfinance_data_gap,False
Electronics & Semiconductors,Electronics (General),Taiwan,TWSE,2360,Chroma ATE Inc. (TWSE:2360),TW,,,,0.41117,0.58219004,1.096,PROFITABLE,2360.TW,,True
Electronics & Semiconductors,Electronics (General),Taiwan,TPEX,6510,"Chunghwa Precision Test Tech. Co., Ltd. (TPEX:6510)",TW,,,,,,,UNVERIFIED,6510.TW,yfinance_data_gap,False
Electronics & Semiconductors,Semiconductor Equip,Taiwan,TPEX,6849,"Chyi Ding Technologies Co., Ltd (TPEX:6849)",TW,,,,,,,UNVERIFIED,6849.TW,yfinance_data_gap,False
Electronics & Semiconductors,Computers/Peripherals,Taiwan,TPEX,6160,"Cipherlab Co.,Ltd. (TPEX:6160)",TW,,,,,,,UNVERIFIED,6160.TW,yfinance_data_gap,False
Electronics & Semiconductors,Electronics (General),Taiwan,OTCPK,CRKT,Cirmaker Technology Corporation (OTCPK:CRKT),TW,,,,,,,UNVERIFIED,CRKT.TW,yfinance_data_gap,False
Electronics & Semiconductors,Computers/Peripherals,Taiwan,TWSE,2362,Clevo Co. (TWSE:2362),TW,,,,0.15880999,0.08239,0.165,PROFITABLE,2362.TW,,True
Electronics & Semiconductors,Electronics (General),Taiwan,TPEX,8119,Clientron Corp. (TPEX:8119),TW,,,,,,,UNVERIFIED,8119.TW,yfinance_data_gap,False
Electronics & Semiconductors,Electronics (General),Taiwan,TPEX,7689,Climax Technology Co. Ltd. (TPEX:7689),TW,,,,0.113000005,0.43028,0.246,PROFITABLE,7689.TW,,True
Electronics & Semiconductors,Electronics (General),Taiwan,TPEX,8358,Co-Tech Development Corporation (TPEX:8358),TW,,,,,,,UNVERIFIED,8358.TW,yfinance_data_gap,False
Electronics & Semiconductors,Semiconductor,Taiwan,TPEX,8096,CoAsia Electronics Corp. (TPEX:8096),TW,,,,,,,UNVERIFIED,8096.TW,yfinance_data_gap,False
Electronics & Semiconductors,Telecom. Equipment,Taiwan,TWSE,6674,"Compal Broadband Networks, Inc. (TWSE:6674)",TW,,,,-0.22758,-0.13659,-0.339,NOT-PROFITABLE,6674.TW,,False
Electronics & Semiconductors,Computers/Peripherals,Taiwan,TWSE,2324,"Compal Electronics, Inc. (TWSE:2324)",TW,,,,0.00764,0.05223,0.011,PROFITABLE,2324.TW,,False
Electronics & Semiconductors,Electronics (General),Taiwan,TWSE,2313,"Compeq Manufacturing Co., Ltd. (TWSE:2313)",TW,,,,0.09187,0.16543,0.098,PROFITABLE,2313.TW,,False
Electronics & Semiconductors,Electronics (General),Taiwan,TWSE,6835,"Complex Micro Interconnection Co.,Ltd. (TWSE:6835)",TW,,,,0.0036199999,0.00467,-0.038,PROFITABLE,6835.TW,,False
Electronics & Semiconductors,Computers/Peripherals,Taiwan,TWSE,3032,"Compucase Enterprise Co., Ltd. (TWSE:3032)",TW,,,,-0.08276,-0.28505,0.162,NOT-PROFITABLE,3032.TW,,True
Electronics & Semiconductors,Telecom. Equipment,Taiwan,TPEX,8089,Comtrend Corporation (TPEX:8089),TW,,,,,,,UNVERIFIED,8089.TW,yfinance_data_gap,False
Electronics & Semiconductors,Electronics (General),Taiwan,TWSE,4943,"Concraft Holding Co., Ltd. (TWSE:4943)",TW,,,,-0.09476,-0.76128,0.431,NOT-PROFITABLE,4943.TW,,True
Electronics & Semiconductors,Telecom. Equipment,Taiwan,TPEX,3672,Connection Technology Systems Inc. (TPEX:3672),TW,,,,,,,UNVERIFIED,3672.TW,yfinance_data_gap,False
Electronics & Semiconductors,Semiconductor Equip,Taiwan,TPEX,8064,"Contrel Technology Co., Ltd. (TPEX:8064)",TW,,,,,,,UNVERIFIED,8064.TW,yfinance_data_gap,False
Electronics & Semiconductors,Electronics (General),Taiwan,TPEX,5371,Coretronic Corporation (TPEX:5371),TW,,,,,,,UNVERIFIED,5371.TW,yfinance_data_gap,False
Electronics & Semiconductors,Semiconductor,Taiwan,TWSE,2466,Cosmo Electronics Corporation (TWSE:2466),TW,,,,0.14281,0.065570004,-0.221,PROFITABLE,2466.TW,,False
Electronics & Semiconductors,Electronics (General),Taiwan,TWSE,3607,"Coxon Precise Industrial Co., Ltd (TWSE:3607)",TW,,,,0.017,0.02762,-0.003,PROFITABLE,3607.TW,,False
Electronics & Semiconductors,Electronics (General),Taiwan,TWSE,8249,Creative Sensor Inc. (TWSE:8249),TW,,,,0.099700004,0.0614,-0.08,PROFITABLE,8249.TW,,False
Electronics & Semiconductors,Telecom. Equipment,Taiwan,TWSE,3062,CyberTAN Technology Inc. (TWSE:3062),TW,,,,-0.15771,-0.15586,0.282,NOT-PROFITABLE,3062.TW,,True
Electronics & Semiconductors,Electronics (General),Taiwan,TPEX,3541,"Cypress Technology Co.,Ltd. (TPEX:3541)",TW,,,,,,,UNVERIFIED,3541.TW,yfinance_data_gap,False
Electronics & Semiconductors,Semiconductor,Taiwan,TPEX,6651,Cystech Electronics Corp. (TPEX:6651),TW,,,,,,,UNVERIFIED,6651.TW,yfinance_data_gap,False
Electronics & Semiconductors,Telecom. Equipment,Taiwan,TWSE,2332,D-Link Corporation (TWSE:2332),TW,,,,-0.029949998,-0.027,0.031,NOT-PROFITABLE,2332.TW,,False
Electronics & Semiconductors,Computers/Peripherals,Taiwan,TWSE,2397,DFI Inc. (TWSE:2397),TW,,,,0.02548,0.06718,0.278,PROFITABLE,2397.TW,,True
Electronics & Semiconductors,Electronics (General),Taiwan,TPEX,4153,"DIVA Laboratories, Ltd. (TPEX:4153)",TW,,,,,,,UNVERIFIED,4153.TW,yfinance_data_gap,False
Electronics & Semiconductors,Semiconductor,Taiwan,TWSE,3686,Danen Technology Corporation (TWSE:3686),TW,,,,-0.47331002,-0.06256,0.257,NOT-PROFITABLE,3686.TW,,True
Electronics & Semiconductors,Computers/Peripherals,Taiwan,TWSE,8163,Darfon Electronics Corp. (TWSE:8163),TW,,,,0.0062800003,-0.0064,0.089,NOT-PROFITABLE,8163.TW,,False
Electronics & Semiconductors,Semiconductor,Taiwan,TWSE,6120,Darwin Precisions Corporation (TWSE:6120),TW,,,,-0.01124,-0.020350002,-0.048,NOT-PROFITABLE,6120.TW,,False
Electronics & Semiconductors,Electronics (General),Taiwan,TPEX,6648,"Das Technology Co., Ltd. (TPEX:6648)",TW,,,,,,,UNVERIFIED,6648.TW,yfinance_data_gap,False
Electronics & Semiconductors,Semiconductor,Taiwan,TWSE,3168,Data Image Corporation (TWSE:3168),TW,,,,0.06003,0.10864,0.149,PROFITABLE,3168.TW,,True
Electronics & Semiconductors,Semiconductor,Taiwan,TWSE,3094,"Davicom Semiconductor, Inc. (TWSE:3094)",TW,,,,0.11725,0.021089999,-0.085,PROFITABLE,3094.TW,,False
Electronics & Semiconductors,Electronics (General),Taiwan,TWSE,2308,"Delta Electronics, Inc. (TWSE:2308)",TW,,,,0.1247,0.29965,0.477,PROFITABLE,2308.TW,,True
Electronics & Semiconductors,Electronics (Consumer & Office),Taiwan,TPEX,7455,Dexatek Technology Ltd. (TPEX:7455),TW,,,,,,,UNVERIFIED,7455.TW,yfinance_data_gap,False
Electronics & Semiconductors,Computers/Peripherals,Taiwan,TPEX,3349,Dexin Corporation (TPEX:3349),TW,,,,,,,UNVERIFIED,3349.TW,yfinance_data_gap,False
Electronics & Semiconductors,Semiconductor,Taiwan,TPEX,7866,"Dli Memory, Inc. (TPEX:7866)",TW,,,,,,,UNVERIFIED,7866.TW,yfinance_data_gap,False
Electronics & Semiconductors,Electronics (General),Taiwan,TPEX,3290,Donpon Precision Inc. (TPEX:3290),TW,,,,,,,UNVERIFIED,3290.TW,yfinance_data_gap,False
Electronics & Semiconductors,Telecom. Equipment,Taiwan,TWSE,6216,DrayTek Corporation (TWSE:6216),TW,,,,0.05783,0.021860002,-0.299,PROFITABLE,6216.TW,,False
Electronics & Semiconductors,Semiconductor Equip,Taiwan,TPEX,8098,"Dura Tek, Inc. (TPEX:8098)",TW,,,,,,,UNVERIFIED,8098.TW,yfinance_data_gap,False
Electronics & Semiconductors,Electronics (General),Taiwan,TPEX,5489,"DynaColor, Inc. (TPEX:5489)",TW,,,,,,,UNVERIFIED,5489.TW,yfinance_data_gap,False
Electronics & Semiconductors,Electronics (General),Taiwan,TWSE,3715,"Dynamic Holding Co., Ltd. (TWSE:3715)",TW,,,,0.01334,0.024719998,0.236,PROFITABLE,3715.TW,,True
Electronics & Semiconductors,Electronics (General),Taiwan,TPEX,3211,Dynapack International Technology Corporation (TPEX:3211),TW,,,,,,,UNVERIFIED,3211.TW,yfinance_data_gap,False
Electronics & Semiconductors,Electronics (General),Taiwan,TPEX,8069,E Ink Holdings Inc. (TPEX:8069),TW,,,,,,,UNVERIFIED,8069.TW,yfinance_data_gap,False
Electronics & Semiconductors,Semiconductor Equip,Taiwan,TPEX,8027,E&R Engineering Corporation (TPEX:8027),TW,,,,,,,UNVERIFIED,8027.TW,yfinance_data_gap,False
Electronics & Semiconductors,Semiconductor,Taiwan,TPEX,6842,"E-Elements Technology Co., Ltd. (TPEX:6842)",TW,,,,,,,UNVERIFIED,6842.TW,yfinance_data_gap,False
Electronics & Semiconductors,Telecom. Equipment,Taiwan,TWSE,3047,"EDIMAX Technology Co., Ltd. (TWSE:3047)",TW,,,,-0.07316,-0.109510005,-0.188,NOT-PROFITABLE,3047.TW,,False
Electronics & Semiconductors,Electronics (General),Taiwan,TPEX,3523,"EFUN Technology Co.,Ltd (TPEX:3523)",TW,,,,,,,UNVERIFIED,3523.TW,yfinance_data_gap,False
Electronics & Semiconductors,Electronics (General),Taiwan,TWSE,6924,"EIKEI Group (Cayman) Co., Ltd. (TWSE:6924)",TW,,,,0.07992,0.26766002,0.063,PROFITABLE,6924.TW,,False
Electronics & Semiconductors,Electronics (General),Taiwan,TPEX,5291,"EISO Enterprise Co., Ltd. (TPEX:5291)",TW,,,,,,,UNVERIFIED,5291.TW,yfinance_data_gap,False
Electronics & Semiconductors,Semiconductor,Taiwan,TWSE,2458,ELAN Microelectronics Corporation (TWSE:2458),TW,,,,0.20903,0.25705,0.034,PROFITABLE,2458.TW,,False
Electronics & Semiconductors,Semiconductor,Taiwan,TWSE,3714,ENNOSTAR Inc. (TWSE:3714),TW,,,,-0.013359999,-0.00464,0.102,NOT-PROFITABLE,3714.TW,,True
Electronics & Semiconductors,Semiconductor,Taiwan,TWSE,3717,EOI Holding (TWSE:3717),TW,,,,-0.00899,-0.01567,0.033,NOT-PROFITABLE,3717.TW,,False
Electronics & Semiconductors,Semiconductor Equip,Taiwan,TPEX,3567,ETREND Hightech Corp. (TPEX:3567),TW,,,,,,,UNVERIFIED,3567.TW,yfinance_data_gap,False
Electronics & Semiconductors,Telecom. Equipment,Taiwan,TWSE,6442,EZconn Corporation (TWSE:6442),TW,,,,0.1855,0.38844,0.286,PROFITABLE,6442.TW,,True
Electronics & Semiconductors,Electronics (General),Taiwan,TPEX,6588,East Tender Optoelectronics Corporation (TPEX:6588),TW,,,,,,,UNVERIFIED,6588.TW,yfinance_data_gap,False
Electronics & Semiconductors,Semiconductor Equip,Taiwan,TPEX,3485,"Eclat Forever Machinery Co., Ltd. (TPEX:3485)",TW,,,,,,,UNVERIFIED,3485.TW,yfinance_data_gap,False
Electronics & Semiconductors,Electronics (General),Taiwan,TPEX,6597,"Ecocera Optronics Co., Ltd. (TPEX:6597)",TW,,,,,,,UNVERIFIED,6597.TW,yfinance_data_gap,False
Electronics & Semiconductors,Semiconductor,Taiwan,TWSE,3591,Edison Opto Corporation (TWSE:3591),TW,,,,-0.00838,-0.00236,0.124,NOT-PROFITABLE,3591.TW,,True
Electronics & Semiconductors,Electronics (General),Taiwan,TPEX,6462,Egis Technology Inc. (TPEX:6462),TW,,,,,,,UNVERIFIED,6462.TW,yfinance_data_gap,False
Electronics & Semiconductors,Semiconductor,Taiwan,TWSE,3450,Elite Advanced Laser Corporation (TWSE:3450),TW,,,,0.061869998,0.11061,-0.243,PROFITABLE,3450.TW,,False
Electronics & Semiconductors,Electronics (General),Taiwan,TWSE,2383,"Elite Material Co., Ltd. (TWSE:2383)",TW,,,,0.17571,0.48384,1.1,PROFITABLE,2383.TW,,True
Electronics & Semiconductors,Semiconductor,Taiwan,TWSE,3006,Elite Semiconductor Microelectronics Technology Inc. (TWSE:3006),TW,,,,0.30476,0.64057,3.241,PROFITABLE,3006.TW,,True
Electronics & Semiconductors,Computers/Peripherals,Taiwan,TWSE,2331,"Elitegroup Computer Systems Co.,Ltd. (TWSE:2331)",TW,,,,0.012949999,0.02479,0.407,PROFITABLE,2331.TW,,True
Electronics & Semiconductors,Computers/Peripherals,Taiwan,TPEX,7843,EmBestor Technology Inc. (TPEX:7843),TW,,,,,,,UNVERIFIED,7843.TW,yfinance_data_gap,False
Electronics & Semiconductors,Electronics (General),Taiwan,TWSE,3038,Emerging Display Technologies Corp. (TWSE:3038),TW,,,,0.04719,0.05528,-0.068,PROFITABLE,3038.TW,,False
Electronics & Semiconductors,Telecom. Equipment,Taiwan,TPEX,5348,Empower Technology Corporation. (TPEX:5348),TW,,,,,,,UNVERIFIED,5348.TW,yfinance_data_gap,False
Electronics & Semiconductors,Semiconductor,Taiwan,TWSE,6243,Ene Technology Inc. (TWSE:6243),TW,,,,-0.07018,-0.04765,-0.456,NOT-PROFITABLE,6243.TW,,False
Electronics & Semiconductors,Computers/Peripherals,Taiwan,TPEX,8093,Enermax Technology Corporation (TPEX:8093),TW,,,,,,,UNVERIFIED,8093.TW,yfinance_data_gap,False
Electronics & Semiconductors,Semiconductor Equip,Taiwan,TPEX,7728,"Enli Technology Co.,Ltd (TPEX:7728)",TW,,,,,,,UNVERIFIED,7728.TW,yfinance_data_gap,False
Electronics & Semiconductors,Computers/Peripherals,Taiwan,TWSE,6414,Ennoconn Corporation (TWSE:6414),TW,,,,0.02165,0.14026,0.077,PROFITABLE,6414.TW,,False
Electronics & Semiconductors,Electronics (General),Taiwan,TPEX,6775,"Entire Technology Co., Ltd. (TPEX:6775)",TW,,,,,,,UNVERIFIED,6775.TW,yfinance_data_gap,False
Electronics & Semiconductors,Semiconductor,Taiwan,TWSE,4956,"Epileds Technologies, Inc. (TWSE:4956)",TW,,,,-0.02473,-0.020750001,0.153,NOT-PROFITABLE,4956.TW,,True
Electronics & Semiconductors,Semiconductor,Taiwan,TPEX,3707,Episil Technologies Inc. (TPEX:3707),TW,,,,,,,UNVERIFIED,3707.TW,yfinance_data_gap,False
Electronics & Semiconductors,Semiconductor,Taiwan,TWSE,3016,Episil-Precision Inc. (TWSE:3016),TW,,,,0.07908,0.06914,0.371,PROFITABLE,3016.TW,,True
Electronics & Semiconductors,Semiconductor,Taiwan,TPEX,3633,Epoch Chemtronics Corp. (TPEX:3633),TW,,,,,,,UNVERIFIED,3633.TW,yfinance_data_gap,False
Electronics & Semiconductors,Semiconductor,Taiwan,TPEX,3675,Eris Technology Corporation (TPEX:3675),TW,,,,,,,UNVERIFIED,3675.TW,yfinance_data_gap,False
Electronics & Semiconductors,Semiconductor,Taiwan,TPEX,5351,"Etron Technology, Inc. (TPEX:5351)",TW,,,,,,,UNVERIFIED,5351.TW,yfinance_data_gap,False
Electronics & Semiconductors,Semiconductor,Taiwan,TWSE,6834,"Ever Ohms Technology Co.,Ltd. (TWSE:6834)",TW,,,,0.11991999,0.13994999,0.52,PROFITABLE,6834.TW,,True
Electronics & Semiconductors,Electronics (General),Taiwan,TWSE,5484,EverFocus Electronics Corporation (TWSE:5484),TW,,,,0.04163,0.05001,1.099,PROFITABLE,5484.TW,,True
Electronics & Semiconductors,Semiconductor,Taiwan,TWSE,2393,"Everlight Electronics Co., Ltd. (TWSE:2393)",TW,,,,0.0945,0.088479996,0.003,PROFITABLE,2393.TW,,False
Electronics & Semiconductors,Electronics (General),Taiwan,TWSE,2390,"Everspring Industry Co., Ltd. (TWSE:2390)",TW,,,,-0.026500002,-0.0069199996,-0.224,NOT-PROFITABLE,2390.TW,,False
Electronics & Semiconductors,Semiconductor,Taiwan,TPEX,5299,Excelliance MOS Corporation (TPEX:5299),TW,,,,,,,UNVERIFIED,5299.TW,yfinance_data_gap,False
Electronics & Semiconductors,Electronics (General),Taiwan,TWSE,3701,"FIC Global, Inc. (TWSE:3701)",TW,,,,-0.042659998,-0.06267,-0.29,NOT-PROFITABLE,3701.TW,,False
Electronics & Semiconductors,Electronics (General),Taiwan,SEHK,2038,FIH Mobile Limited (SEHK:2038),TW,,,,-0.01799,-0.040949997,-0.231,NOT-PROFITABLE,2038.TW,,False
Electronics & Semiconductors,Electronics (General),Taiwan,TWSE,3712,"FIT Holding Co., Ltd. (TWSE:3712)",TW,,,,-0.20161,-1.24288,-0.192,NOT-PROFITABLE,3712.TW,,False
Electronics & Semiconductors,Electronics (General),Taiwan,SEHK,6088,FIT Hon Teng Limited (SEHK:6088),TW,,,,,,,UNVERIFIED,6088.TW,yfinance_data_gap,False
Electronics & Semiconductors,Telecom. Equipment,Taiwan,TPEX,3363,"FOCI Fiber Optic Communications, Inc. (TPEX:3363)",TW,,,,,,,UNVERIFIED,3363.TW,yfinance_data_gap,False
Electronics & Semiconductors,Semiconductor,Taiwan,TWSE,3035,Faraday Technology Corporation (TWSE:3035),TW,,,,0.05538,0.052729998,-0.266,PROFITABLE,3035.TW,,False
Electronics & Semiconductors,Electronics (General),Taiwan,TWSE,3535,"Favite, Inc. (TWSE:3535)",TW,,,,0.15496,0.13008,2.835,PROFITABLE,3535.TW,,True
Electronics & Semiconductors,Semiconductor,Taiwan,TPEX,4951,Feature Integration Technology Inc. (TPEX:4951),TW,,,,,,,UNVERIFIED,4951.TW,yfinance_data_gap,False
Electronics & Semiconductors,Semiconductor,Taiwan,TPEX,8091,Feedback Technology Corp. (TPEX:8091),TW,,,,,,,UNVERIFIED,8091.TW,yfinance_data_gap,False
Electronics & Semiconductors,Electronics (General),Taiwan,TPEX,3313,"Feei Cherng Develop Technology Co., Ltd. (TPEX:3313)",TW,,,,,,,UNVERIFIED,3313.TW,yfinance_data_gap,False
Electronics & Semiconductors,Telecom. Equipment,Taiwan,TPEX,3473,"Fiber Logic Communications, Inc. (TPEX:3473)",TW,,,,,,,UNVERIFIED,3473.TW,yfinance_data_gap,False
Electronics & Semiconductors,Semiconductor,Taiwan,TWSE,6698,"FineMat Applied Materials Co., Ltd. (TWSE:6698)",TW,,,,-0.100430004,-0.029579999,-0.098,NOT-PROFITABLE,6698.TW,,False
Electronics & Semiconductors,Semiconductor Equip,Taiwan,TPEX,7704,"Finesse Technology Co., Ltd (TPEX:7704)",TW,,,,,,,UNVERIFIED,7704.TW,yfinance_data_gap,False
Electronics & Semiconductors,Electronics (General),Taiwan,TPEX,8076,"Firich Enterprises Co., Ltd. (TPEX:8076)",TW,,,,,,,UNVERIFIED,8076.TW,yfinance_data_gap,False
Electronics & Semiconductors,Electronics (General),Taiwan,TPEX,5439,"First Hi-tec Enterprise Co., Ltd. (TPEX:5439)",TW,,,,,,,UNVERIFIED,5439.TW,yfinance_data_gap,False
Electronics & Semiconductors,Semiconductor,Taiwan,TWSE,4961,Fitipower Integrated Technology Inc. (TWSE:4961),TW,,,,0.058730002,0.06841,0.061,PROFITABLE,4961.TW,,False
Electronics & Semiconductors,Semiconductor Equip,Taiwan,TWSE,6706,"Fittech Co., Ltd. (TWSE:6706)",TW,,,,-0.57744,-0.093439996,-0.619,NOT-PROFITABLE,6706.TW,,False
Electronics & Semiconductors,Electronics (General),Taiwan,TWSE,6269,"Flexium Interconnect, Inc. (TWSE:6269)",TW,,,,-0.11003,-0.10357001,0.057,NOT-PROFITABLE,6269.TW,,False
Electronics & Semiconductors,Electronics (General),Taiwan,TWSE,6206,"Flytech Technology Co., Ltd. (TWSE:6206)",TW,,,,0.19692,0.18024,0.11,PROFITABLE,6206.TW,,True
Electronics & Semiconductors,Semiconductor,Taiwan,TWSE,3545,"FocalTech Systems Co., Ltd. (TWSE:3545)",TW,,,,-0.10119,-0.12123,-0.173,NOT-PROFITABLE,3545.TW,,False
Electronics & Semiconductors,Semiconductor,Taiwan,TPEX,4923,"Force MOS Technology Co., LTD. (TPEX:4923)",TW,,,,,,,UNVERIFIED,4923.TW,yfinance_data_gap,False
Electronics & Semiconductors,Computers/Peripherals,Taiwan,TPEX,3483,"Forcecon Technology Co., Ltd. (TPEX:3483)",TW,,,,,,,UNVERIFIED,3483.TW,yfinance_data_gap,False
Electronics & Semiconductors,Semiconductor,Taiwan,TPEX,6996,Forcelead Technology Corp. (TPEX:6996),TW,,,,,,,UNVERIFIED,6996.TW,yfinance_data_gap,False
Electronics & Semiconductors,Semiconductor Equip,Taiwan,TPEX,3467,"Forcera Materials Co., Ltd. (TPEX:3467)",TW,,,,,,,UNVERIFIED,3467.TW,yfinance_data_gap,False
Electronics & Semiconductors,Semiconductor,Taiwan,TWSE,8131,"Formosa Advanced Technologies Co., Ltd. (TWSE:8131)",TW,,,,0.13068,0.119169995,0.502,PROFITABLE,8131.TW,,True
Electronics & Semiconductors,Semiconductor Equip,Taiwan,TWSE,3532,Formosa Sumco Technology Corporation (TWSE:3532),TW,,,,0.03785,0.02073,0.206,PROFITABLE,3532.TW,,True
Electronics & Semiconductors,Semiconductor,Taiwan,TWSE,2491,Fortune Oriental Company Limited (TWSE:2491),TW,,,,1.64326,0.29183,-0.187,PROFITABLE,2491.TW,,False
Electronics & Semiconductors,Semiconductor,Taiwan,TPEX,8085,"Forward Electronics Co., Ltd. (TPEX:8085)",TW,,,,,,,UNVERIFIED,8085.TW,yfinance_data_gap,False
Electronics & Semiconductors,Semiconductor Equip,Taiwan,TPEX,7530,Forward Science Corp. (TPEX:7530),TW,,,,,,,UNVERIFIED,7530.TW,yfinance_data_gap,False
Electronics & Semiconductors,Electronics (General),Taiwan,TWSE,6805,Fositek Corp. (TWSE:6805),TW,,,,0.20723,0.46818,0.427,PROFITABLE,6805.TW,,True
Electronics & Semiconductors,Electronics (General),Taiwan,TWSE,2354,"Foxconn Technology Co., Ltd. (TWSE:2354)",TW,,,,0.023759998,0.030439999,-0.264,PROFITABLE,2354.TW,,False
Electronics & Semiconductors,Semiconductor Equip,Taiwan,TWSE,3413,Foxsemicon Integrated Technology Inc. (TWSE:3413),TW,,,,0.09843001,0.1397,0.211,PROFITABLE,3413.TW,,True
Electronics & Semiconductors,Electronics (General),Taiwan,TPEX,5345,"Fullhome Development Co., Ltd. (TPEX:5345)",TW,,,,,,,UNVERIFIED,5345.TW,yfinance_data_gap,False
Electronics & Semiconductors,Electronics (General),Taiwan,TPEX,1815,Fulltech Fiber Glass Corp. (TPEX:1815),TW,,,,,,,UNVERIFIED,1815.TW,yfinance_data_gap,False
Electronics & Semiconductors,Electronics (General),Taiwan,TPEX,6642,"Fuzetec Technology Co., Ltd. (TPEX:6642)",TW,,,,,,,UNVERIFIED,6642.TW,yfinance_data_gap,False
Electronics & Semiconductors,Electronics (General),Taiwan,TWSE,3149,G-TECH Optoelectronics Corporation (TWSE:3149),TW,,,,-0.22611,-0.25270998,0.254,NOT-PROFITABLE,3149.TW,,True
Electronics & Semiconductors,Semiconductor Equip,Taiwan,TPEX,6640,"Gallant Micro. Machining Co., LTD. (TPEX:6640)",TW,,,,,,,UNVERIFIED,6640.TW,yfinance_data_gap,False
Electronics & Semiconductors,Semiconductor Equip,Taiwan,TPEX,5443,"Gallant Precision Machining Co., Ltd. (TPEX:5443)",TW,,,,,,,UNVERIFIED,5443.TW,yfinance_data_gap,False
Electronics & Semiconductors,Telecom. Equipment,Taiwan,TWSE,4906,"Gemtek Technology Co., Ltd. (TWSE:4906)",TW,,,,0.0040700003,0.0086,-0.139,PROFITABLE,4906.TW,,False
Electronics & Semiconductors,Semiconductor,Taiwan,TWSE,4952,Generalplus Technology Inc. (TWSE:4952),TW,,,,0.0553,0.05395,0.115,PROFITABLE,4952.TW,,True
Electronics & Semiconductors,Semiconductor Equip,Taiwan,SEHK,8257,Genes Tech Group Holdings Company Limited (SEHK:8257),TW,,,,,,,UNVERIFIED,8257.TW,yfinance_data_gap,False
Electronics & Semiconductors,Semiconductor,Taiwan,TPEX,6104,"Genesys Logic, Inc. (TPEX:6104)",TW,,,,,,,UNVERIFIED,6104.TW,yfinance_data_gap,False
Electronics & Semiconductors,Telecom. Equipment,Taiwan,TPEX,8298,Genie Networks Limited (TPEX:8298),TW,,,,,,,UNVERIFIED,8298.TW,yfinance_data_gap,False
Electronics & Semiconductors,Electronics (General),Taiwan,TWSE,3406,"Genius Electronic Optical Co.,Ltd. (TWSE:3406)",TW,,,,0.14417,0.14895001,0.154,PROFITABLE,3406.TW,,True
Electronics & Semiconductors,Electronics (General),Taiwan,TWSE,3356,GeoVision Inc. (TWSE:3356),TW,,,,0.77990997,0.33167,0.081,PROFITABLE,3356.TW,,False
Electronics & Semiconductors,Computers/Peripherals,Taiwan,TWSE,3005,Getac Holdings Corporation (TWSE:3005),TW,,,,0.12975,0.20752001,-0.026,PROFITABLE,3005.TW,,False
Electronics & Semiconductors,Electronics (General),Taiwan,TPEX,5355,"Gia Tzoong Enterprise Co.,Ltd (TPEX:5355)",TW,,,,,,,UNVERIFIED,5355.TW,yfinance_data_gap,False
Electronics & Semiconductors,Electronics (General),Taiwan,TWSE,8105,"Giantplus Technology Co., Ltd. (TWSE:8105)",TW,,,,0.0014200001,0.00154,0.039,PROFITABLE,8105.TW,,False
Electronics & Semiconductors,Semiconductor Equip,Taiwan,TPEX,3691,Giga Solar Materials Corp. (TPEX:3691),TW,,,,,,,UNVERIFIED,3691.TW,yfinance_data_gap,False
Electronics & Semiconductors,Computers/Peripherals,Taiwan,TWSE,2376,"Giga-Byte Technology Co., Ltd. (TWSE:2376)",TW,,,,0.03812,0.24724,0.598,PROFITABLE,2376.TW,,True
Electronics & Semiconductors,Computers/Peripherals,Taiwan,TPEX,5262,Gigastone Corporation (TPEX:5262),TW,,,,,,,UNVERIFIED,5262.TW,yfinance_data_gap,False
Electronics & Semiconductors,Semiconductor,Taiwan,TWSE,2406,Gigastorage Corporation (TWSE:2406),TW,,,,-0.01967,-0.046669997,1.683,NOT-PROFITABLE,2406.TW,,True
Electronics & Semiconductors,Electronics (General),Taiwan,TWSE,6191,Global Brands Manufacture Ltd. (TWSE:6191),TW,,,,0.084589995,0.12441,0.809,PROFITABLE,6191.TW,,True
Electronics & Semiconductors,Semiconductor,Taiwan,TWSE,4935,Global Lighting Technologies Inc. (TWSE:4935),TW,,,,0.03516,0.02089,-0.249,PROFITABLE,4935.TW,,False
Electronics & Semiconductors,Semiconductor,Taiwan,TWSE,8081,Global Mixed-Mode Technology Inc. (TWSE:8081),TW,,,,0.17469999,0.18144,-0.022,PROFITABLE,8081.TW,,False
Electronics & Semiconductors,Semiconductor Equip,Taiwan,SGX,AYN,Global Testing Corporation Limited (SGX:AYN),TW,,,,,,,UNVERIFIED,AYN.TW,yfinance_data_gap,False
Electronics & Semiconductors,Semiconductor,Taiwan,TWSE,3443,Global Unichip Corp. (TWSE:3443),TW,,,,0.11278,0.43085,1.276,PROFITABLE,3443.TW,,True
Electronics & Semiconductors,Electronics (Consumer & Office),Taiwan,TWSE,3040,"Global View Co., Ltd. (TWSE:3040)",TW,,,,-0.05659,-0.00526,0.092,NOT-PROFITABLE,3040.TW,,False
Electronics & Semiconductors,Electronics (Consumer & Office),Taiwan,TPEX,3499,GlobalSat WorldCom Corporation (TPEX:3499),TW,,,,,,,UNVERIFIED,3499.TW,yfinance_data_gap,False
Electronics & Semiconductors,Semiconductor Equip,Taiwan,TPEX,6488,"GlobalWafers Co., Ltd. (TPEX:6488)",TW,,,,,,,UNVERIFIED,6488.TW,yfinance_data_gap,False
Electronics & Semiconductors,Electronics (General),Taiwan,TPEX,5475,Glotech Industrial Corp. (TPEX:5475),TW,,,,,,,UNVERIFIED,5475.TW,yfinance_data_gap,False
Electronics & Semiconductors,Electronics (General),Taiwan,TPEX,6512,"GoMax Electronics Co., Ltd. (TPEX:6512)",TW,,,,,,,UNVERIFIED,6512.TW,yfinance_data_gap,False
Electronics & Semiconductors,Electronics (General),Taiwan,TPEX,4987,"Godex International Co., Ltd (TPEX:4987)",TW,,,,,,,UNVERIFIED,4987.TW,yfinance_data_gap,False
Electronics & Semiconductors,Electronics (General),Taiwan,TWSE,2368,Gold Circuit Electronics Ltd. (TWSE:2368),TW,,,,0.16857,0.41061002,0.601,PROFITABLE,2368.TW,,True
Electronics & Semiconductors,Semiconductor,Taiwan,TPEX,3188,"Golden Long Teng Development Co., Ltd. (TPEX:3188)",TW,,,,,,,UNVERIFIED,3188.TW,yfinance_data_gap,False
Electronics & Semiconductors,Semiconductor,Taiwan,TWSE,3135,Goldkey Technology Corporation (TWSE:3135),TW,,,,0.12385,0.54772997,1.78,PROFITABLE,3135.TW,,True
Electronics & Semiconductors,Electronics (General),Taiwan,TPEX,6638,"Goldtek Technology Co., Ltd. (TPEX:6638)",TW,,,,,,,UNVERIFIED,6638.TW,yfinance_data_gap,False
Electronics & Semiconductors,Computers/Peripherals,Taiwan,TPEX,3272,"Good Way Technology Co., Ltd. (TPEX:3272)",TW,,,,,,,UNVERIFIED,3272.TW,yfinance_data_gap,False
Electronics & Semiconductors,Electronics (General),Taiwan,TWSE,2423,"Good Will Instrument Co., Ltd. (TWSE:2423)",TW,,,,0.18654,0.21735,0.217,PROFITABLE,2423.TW,,True
Electronics & Semiconductors,Electronics (General),Taiwan,TPEX,6739,Grade Upon Technology Corp (TPEX:6739),TW,,,,,,,UNVERIFIED,6739.TW,yfinance_data_gap,False
Electronics & Semiconductors,Semiconductor Equip,Taiwan,TPEX,3131,Grand Process Technology Corporation (TPEX:3131),TW,,,,,,,UNVERIFIED,3131.TW,yfinance_data_gap,False
Electronics & Semiconductors,Electronics (General),Taiwan,TPEX,3629,"Gravitytai Co.,Ltd. (TPEX:3629)",TW,,,,,,,UNVERIFIED,3629.TW,yfinance_data_gap,False
Electronics & Semiconductors,Semiconductor,Taiwan,TWSE,2441,Greatek Electronics Inc. (TWSE:2441),TW,,,,0.16572,0.12443,0.223,PROFITABLE,2441.TW,,True
Electronics & Semiconductors,Semiconductor Equip,Taiwan,TPEX,7872,"Green Solution Technology Co., Ltd. (TPEX:7872)",TW,,,,,,,UNVERIFIED,7872.TW,yfinance_data_gap,False
Electronics & Semiconductors,Semiconductor Equip,Taiwan,TPEX,6953,"Gudeng Equipment Co., LTD. (TPEX:6953)",TW,,,,,,,UNVERIFIED,6953.TW,yfinance_data_gap,False
Electronics & Semiconductors,Semiconductor Equip,Taiwan,TPEX,3680,"Gudeng Precision Industrial Co., Ltd. (TPEX:3680)",TW,,,,,,,UNVERIFIED,3680.TW,yfinance_data_gap,False
Electronics & Semiconductors,Electronics (General),Taiwan,TPEX,3616,"HCM Co., Ltd. (TPEX:3616)",TW,,,,,,,UNVERIFIED,3616.TW,yfinance_data_gap,False
Electronics & Semiconductors,Electronics (General),Taiwan,TPEX,3609,"HEP Tech Co., Ltd. (TPEX:3609)",TW,,,,,,,UNVERIFIED,3609.TW,yfinance_data_gap,False
Electronics & Semiconductors,Semiconductor Equip,Taiwan,TPEX,7846,HTC & Solar Tech Service Ltd. (TPEX:7846),TW,,,,,,,UNVERIFIED,7846.TW,yfinance_data_gap,False
Electronics & Semiconductors,Computers/Peripherals,Taiwan,TWSE,2498,HTC Corporation (TWSE:2498),TW,,,,0.78335,0.089049995,-0.116,PROFITABLE,2498.TW,,False
Electronics & Semiconductors,Computers/Peripherals,Taiwan,TPEX,4924,HTM International Holding Ltd. (TPEX:4924),TW,,,,,,,UNVERIFIED,4924.TW,yfinance_data_gap,False
Electronics & Semiconductors,Electronics (General),Taiwan,TPEX,6983,"HUA YANG Precision Machinery Co., Ltd. (TPEX:6983)",TW,,,,,,,UNVERIFIED,6983.TW,yfinance_data_gap,False
Electronics & Semiconductors,Electronics (General),Taiwan,TWSE,5469,HannStar Board Corporation (TWSE:5469),TW,,,,0.044660002,0.088149995,0.485,PROFITABLE,5469.TW,,True
Electronics & Semiconductors,Electronics (General),Taiwan,TWSE,6116,HannStar Display Corporation (TWSE:6116),TW,,,,-0.13788,-0.04755,0.04,NOT-PROFITABLE,6116.TW,,False
Electronics & Semiconductors,Electronics (General),Taiwan,TWSE,3049,HannsTouch Holdings Company (TWSE:3049),TW,,,,-0.23778,-0.030569999,0.064,NOT-PROFITABLE,3049.TW,,False
Electronics & Semiconductors,Electronics (Consumer & Office),Taiwan,TWSE,2488,"Hanpin Electron Co., Ltd. (TWSE:2488)",TW,,,,0.12445,0.14746,0.311,PROFITABLE,2488.TW,,True
Electronics & Semiconductors,Electronics (General),Taiwan,TPEX,8182,Harmony Electronics Co. Ltd (TPEX:8182),TW,,,,,,,UNVERIFIED,8182.TW,yfinance_data_gap,False
Electronics & Semiconductors,Semiconductor,Taiwan,TWSE,6168,Harvatek Corporation (TWSE:6168),TW,,,,0.00694,0.00196,0.078,PROFITABLE,6168.TW,,False
Electronics & Semiconductors,Electronics (General),Taiwan,TWSE,5283,"Heran Co., Ltd. (TWSE:5283)",TW,,,,0.080620006,0.113290004,-0.034,PROFITABLE,5283.TW,,False
Electronics & Semiconductors,Semiconductor Equip,Taiwan,TPEX,7856,Hermes Testing Solutions Inc. (TPEX:7856),TW,,,,,,,UNVERIFIED,7856.TW,yfinance_data_gap,False
Electronics & Semiconductors,Electronics (General),Taiwan,TPEX,3128,"Hi Sharp Intelligence Technology Co.,Ltd. (TPEX:3128)",TW,,,,,,,UNVERIFIED,3128.TW,yfinance_data_gap,False
Electronics & Semiconductors,Computers/Peripherals,Taiwan,TWSE,3494,"HiTi Digital, Inc. (TWSE:3494)",TW,,,,-0.17021,-0.24079001,0.177,NOT-PROFITABLE,3494.TW,,True
Electronics & Semiconductors,Electronics (General),Taiwan,TPEX,5220,Higgstec Inc. (TPEX:5220),TW,,,,,,,UNVERIFIED,5220.TW,yfinance_data_gap,False
Electronics & Semiconductors,Semiconductor,Taiwan,TPEX,6559,High Power Lighting Corp (TPEX:6559),TW,,,,,,,UNVERIFIED,6559.TW,yfinance_data_gap,False
Electronics & Semiconductors,Semiconductor,Taiwan,TPEX,3268,"Higher Way Electronic Co., Ltd. (TPEX:3268)",TW,,,,,,,UNVERIFIED,3268.TW,yfinance_data_gap,False
Electronics & Semiconductors,Telecom. Equipment,Taiwan,TWSE,2419,Hitron Technologies Inc. (TWSE:2419),TW,,,,0.00162,0.02992,-0.146,PROFITABLE,2419.TW,,False
Electronics & Semiconductors,Electronics (General),Taiwan,TWSE,4576,Hiwin Mikrosystem Corporation (TWSE:4576),TW,,,,0.10187,0.07534,0.455,PROFITABLE,4576.TW,,True
Electronics & Semiconductors,Semiconductor,Taiwan,TWSE,6202,Holtek Semiconductor Inc. (TWSE:6202),TW,,,,0.08527,0.07456,0.143,PROFITABLE,6202.TW,,True
Electronics & Semiconductors,Electronics (General),Taiwan,TWSE,3026,"Holy Stone Enterprise Co.,Ltd. (TWSE:3026)",TW,,,,0.117469996,0.15803,0.252,PROFITABLE,3026.TW,,True
Electronics & Semiconductors,Electronics (General),Taiwan,TWSE,2317,"Hon Hai Precision Industry Co., Ltd. (TWSE:2317)",TW,,,,0.02298,0.118149996,0.289,PROFITABLE,2317.TW,,True
Electronics & Semiconductors,Semiconductor Equip,Taiwan,TWSE,7769,"Hon. Precision, Inc. (TWSE:7769)",TW,,,,0.41097,0.36478,0.814,PROFITABLE,7769.TW,,True
Electronics & Semiconductors,Semiconductor Equip,Taiwan,TPEX,7751,"Horng Terng Automation Co., Ltd. (TPEX:7751)",TW,,,,,,,UNVERIFIED,7751.TW,yfinance_data_gap,False
Electronics & Semiconductors,Electronics (General),Taiwan,TPEX,5271,"Horng Tong Enterprise Co., Ltd. (TPEX:5271)",TW,,,,,,,UNVERIFIED,5271.TW,yfinance_data_gap,False
Electronics & Semiconductors,Semiconductor Equip,Taiwan,TPEX,6682,"Hua Hsu Advanced Technology Co., Ltd. (TPEX:6682)",TW,,,,,,,UNVERIFIED,6682.TW,yfinance_data_gap,False
Electronics & Semiconductors,Electronics (General),Taiwan,TPEX,5328,"Hua Jung Components Co.,Ltd. (TPEX:5328)",TW,,,,,,,UNVERIFIED,5328.TW,yfinance_data_gap,False
Electronics & Semiconductors,Electronics (General),Taiwan,TPEX,3512,"Huang Long Development Co.,Ltd. (TPEX:3512)",TW,,,,,,,UNVERIFIED,3512.TW,yfinance_data_gap,False
Electronics & Semiconductors,Electronics (General),Taiwan,TPEX,3297,"Hunt Electronic Co., Ltd. (TPEX:3297)",TW,,,,,,,UNVERIFIED,3297.TW,yfinance_data_gap,False
Electronics & Semiconductors,Semiconductor Equip,Taiwan,TPEX,6877,"Hye Technology Co.,Ltd (TPEX:6877)",TW,,,,,,,UNVERIFIED,6877.TW,yfinance_data_gap,False
Electronics & Semiconductors,Electronics (General),Taiwan,TWSE,2486,"I-Chiun Precision Industry Co., Ltd. (TWSE:2486)",TW,,,,0.040700004,0.050079998,0.291,PROFITABLE,2486.TW,,True
Electronics & Semiconductors,Computers/Peripherals,Taiwan,TPEX,8050,IBASE Technology Inc. (TPEX:8050),TW,,,,,,,UNVERIFIED,8050.TW,yfinance_data_gap,False
Electronics & Semiconductors,Semiconductor,Taiwan,TPEX,8040,IC Plus Corp. (TPEX:8040),TW,,,,,,,UNVERIFIED,8040.TW,yfinance_data_gap,False
Electronics & Semiconductors,Electronics (General),Taiwan,TPEX,3577,"ICP Das Co., Ltd. (TPEX:3577)",TW,,,,,,,UNVERIFIED,3577.TW,yfinance_data_gap,False
Electronics & Semiconductors,Computers/Peripherals,Taiwan,TWSE,3022,IEI Integration Corp. (TWSE:3022),TW,,,,0.098400004,0.05367,-0.104,PROFITABLE,3022.TW,,False
Electronics & Semiconductors,Electronics (General),Taiwan,TPEX,6284,"INPAQ Technology Co., Ltd. (TPEX:6284)",TW,,,,,,,UNVERIFIED,6284.TW,yfinance_data_gap,False
Electronics & Semiconductors,Semiconductor,Taiwan,TWSE,3014,ITE Tech. Inc (TWSE:3014),TW,,,,0.23906,0.24338,-0.046,PROFITABLE,3014.TW,,False
Electronics & Semiconductors,Electronics (General),Taiwan,TWSE,6213,ITEQ Corporation (TWSE:6213),TW,,,,0.06289,0.11453,0.299,PROFITABLE,6213.TW,,True
Electronics & Semiconductors,Semiconductor,Taiwan,TWSE,6962,ITH Corporation (TWSE:6962),TW,,,,0.03894,0.03506,-0.144,PROFITABLE,6962.TW,,False
Electronics & Semiconductors,Electronics (General),Taiwan,TWSE,2402,"Ichia Technologies, Inc. (TWSE:2402)",TW,,,,0.05343,0.08708,0.152,PROFITABLE,2402.TW,,True
Electronics & Semiconductors,Electronics (General),Taiwan,TPEX,6915,"Igiant Optics Co., Ltd. (TPEX:6915)",TW,,,,,,,UNVERIFIED,6915.TW,yfinance_data_gap,False
Electronics & Semiconductors,Semiconductor,Taiwan,TPEX,6563,Image Match Design Inc. (TPEX:6563),TW,,,,,,,UNVERIFIED,6563.TW,yfinance_data_gap,False
Electronics & Semiconductors,Computers/Peripherals,Taiwan,TWSE,6117,In Win Development Inc. (TWSE:6117),TW,,,,0.1263,0.19690001,0.212,PROFITABLE,6117.TW,,True
Electronics & Semiconductors,Semiconductor,Taiwan,TPEX,6693,Inergy Technology Inc. (TPEX:6693),TW,,,,,,,UNVERIFIED,6693.TW,yfinance_data_gap,False
Electronics & Semiconductors,Electronics (General),Taiwan,TPEX,8183,Info-Tek Corporation (TPEX:8183),TW,,,,,,,UNVERIFIED,8183.TW,yfinance_data_gap,False
Electronics & Semiconductors,Computers/Peripherals,Taiwan,TWSE,2495,"Infortrend Technology, Inc. (TWSE:2495)",TW,,,,0.39278,0.12707,0.52,PROFITABLE,2495.TW,,True
Electronics & Semiconductors,Electronics (General),Taiwan,TWSE,6861,InnoCare Optoelectronics Corporation (TWSE:6861),TW,,,,0.08031999,0.13708,0.474,PROFITABLE,6861.TW,,True
Electronics & Semiconductors,Computers/Peripherals,Taiwan,TPEX,5289,Innodisk Corporation (TPEX:5289),TW,,,,,,,UNVERIFIED,5289.TW,yfinance_data_gap,False
Electronics & Semiconductors,Electronics (General),Taiwan,TWSE,3481,Innolux Corporation (TWSE:3481),TW,,,,0.00386,0.0059100003,0.192,PROFITABLE,3481.TW,,True
Electronics & Semiconductors,Semiconductor Equip,Taiwan,TPEX,7828,"Innostar Service, Inc. (TPEX:7828)",TW,,,,,,,UNVERIFIED,7828.TW,yfinance_data_gap,False
Electronics & Semiconductors,Computers/Peripherals,Taiwan,TPEX,6673,Innovision FlexTech Corporation (TPEX:6673),TW,,,,,,,UNVERIFIED,6673.TW,yfinance_data_gap,False
Electronics & Semiconductors,Semiconductor,Taiwan,TPEX,3289,Integrated Service Technology Inc. (TPEX:3289),TW,,,,,,,UNVERIFIED,3289.TW,yfinance_data_gap,False
Electronics & Semiconductors,Semiconductor,Taiwan,TPEX,6927,"Integrated Solutions Technology, Inc. (TPEX:6927)",TW,,,,,,,UNVERIFIED,6927.TW,yfinance_data_gap,False
Electronics & Semiconductors,Electronics (Consumer & Office),Taiwan,TWSE,8201,"Inventec Besta Co.,Ltd (TWSE:8201)",TW,,,,-0.04676,-0.04768,0.055,NOT-PROFITABLE,8201.TW,,False
Electronics & Semiconductors,Computers/Peripherals,Taiwan,TWSE,2356,Inventec Corporation (TWSE:2356),TW,,,,0.01361,0.16569,0.446,PROFITABLE,2356.TW,,True
Electronics & Semiconductors,Computers/Peripherals,Taiwan,TPEX,6858,Ipevo Corporation (TPEX:6858),TW,,,,,,,UNVERIFIED,6858.TW,yfinance_data_gap,False
Electronics & Semiconductors,Semiconductor,Taiwan,TWSE,6552,"JMC Electronics Co., Ltd. (TWSE:6552)",TW,,,,-0.90948,-0.43569002,-0.251,NOT-PROFITABLE,6552.TW,,False
Electronics & Semiconductors,Semiconductor,Taiwan,TPEX,4925,JMicron Technology Corp. (TPEX:4925),TW,,,,,,,UNVERIFIED,4925.TW,yfinance_data_gap,False
Electronics & Semiconductors,Electronics (General),Taiwan,TWSE,5284,JPP Holding Company Limited (TWSE:5284),TW,,,,0.17318001,0.20941,0.446,PROFITABLE,5284.TW,,True
Electronics & Semiconductors,Electronics (General),Taiwan,TPEX,5251,JSW Pacific Corporation (TPEX:5251),TW,,,,,,,UNVERIFIED,5251.TW,yfinance_data_gap,False
Electronics & Semiconductors,Electronics (General),Taiwan,TPEX,3548,"Jarllytec Co. , Ltd. (TPEX:3548)",TW,,,,,,,UNVERIFIED,3548.TW,yfinance_data_gap,False
Electronics & Semiconductors,Semiconductor,Taiwan,TPEX,8102,"Jeilin Technology Co., Ltd. (TPEX:8102)",TW,,,,,,,UNVERIFIED,8102.TW,yfinance_data_gap,False
Electronics & Semiconductors,Semiconductor,Taiwan,TWSE,3653,"Jentech Precision Industrial Co., Ltd (TWSE:3653)",TW,,,,0.25467,0.30192,0.116,PROFITABLE,3653.TW,,True
Electronics & Semiconductors,Computers/Peripherals,Taiwan,TWSE,6197,"Jess-link Products Co., Ltd. (TWSE:6197)",TW,,,,0.17179,0.30456,0.294,PROFITABLE,6197.TW,,True
Electronics & Semiconductors,Computers/Peripherals,Taiwan,TPEX,6161,"Jetway Information Co., Ltd. (TPEX:6161)",TW,,,,,,,UNVERIFIED,6161.TW,yfinance_data_gap,False
Electronics & Semiconductors,Electronics (General),Taiwan,TPEX,3520,"Jhen Vei Electronic Co., Ltd. (TPEX:3520)",TW,,,,,,,UNVERIFIED,3520.TW,yfinance_data_gap,False
Electronics & Semiconductors,Computers/Peripherals,Taiwan,TWSE,3011,"Ji-Haw Industrial Co.,Ltd. (TWSE:3011)",TW,,,,-0.46915,-0.21857001,-0.364,NOT-PROFITABLE,3011.TW,,False
Electronics & Semiconductors,Semiconductor Equip,Taiwan,TWSE,5285,"Jih Lin Technology Co., Ltd. (TWSE:5285)",TW,,,,0.03994,0.073070005,0.016,PROFITABLE,5285.TW,,False
Electronics & Semiconductors,Electronics (General),Taiwan,TPEX,3230,"Jiin Ming Industry Co., Ltd. (TPEX:3230)",TW,,,,,,,UNVERIFIED,3230.TW,yfinance_data_gap,False
Electronics & Semiconductors,Electronics (General),Taiwan,TWSE,3543,"Jochu Technology Co., Ltd. (TWSE:3543)",TW,,,,-0.06922,-0.08449,-0.06,NOT-PROFITABLE,3543.TW,,False
Electronics & Semiconductors,Electronics (General),Taiwan,TPEX,3322,"Joinsoon Electronics Manufacturing CO., LTD. (TPEX:3322)",TW,,,,,,,UNVERIFIED,3322.TW,yfinance_data_gap,False
Electronics & Semiconductors,Electronics (General),Taiwan,TPEX,4980,Jorjin Technologies Inc. (TPEX:4980),TW,,,,,,,UNVERIFIED,4980.TW,yfinance_data_gap,False
Electronics & Semiconductors,Semiconductor,Taiwan,TPEX,7810,Jtron Technology Corp. (TPEX:7810),TW,,,,,,,UNVERIFIED,7810.TW,yfinance_data_gap,False
Electronics & Semiconductors,Electronics (General),Taiwan,TPEX,6114,Juic International Corporation (TPEX:6114),TW,,,,,,,UNVERIFIED,6114.TW,yfinance_data_gap,False
Electronics & Semiconductors,Computers/Peripherals,Taiwan,TWSE,2365,KYE Systems Corp. (TWSE:2365),TW,,,,0.08862001,0.02685,0.031,PROFITABLE,2365.TW,,False
Electronics & Semiconductors,Electronics (General),Taiwan,TWSE,2375,Kaimei Electronic Corp. (TWSE:2375),TW,,,,0.062810004,0.0361,0.113,PROFITABLE,2375.TW,,True
Electronics & Semiconductors,Semiconductor,Taiwan,TPEX,6683,Keystone Microtech Corporation (TPEX:6683),TW,,,,,,,UNVERIFIED,6683.TW,yfinance_data_gap,False
Electronics & Semiconductors,Electronics (General),Taiwan,TWSE,6155,King Core Electronics Inc. (TWSE:6155),TW,,,,0.22850001,0.100159995,0.344,PROFITABLE,6155.TW,,True
Electronics & Semiconductors,Computers/Peripherals,Taiwan,TWSE,2059,"King Slide Works Co., Ltd. (TWSE:2059)",TW,,,,0.67527,0.62843,1.561,PROFITABLE,2059.TW,,True
Electronics & Semiconductors,Semiconductor,Taiwan,TWSE,2449,"King Yuan Electronics Co., Ltd. (TWSE:2449)",TW,,,,0.22981001,0.175,0.332,PROFITABLE,2449.TW,,True
Electronics & Semiconductors,Semiconductor,Taiwan,TPEX,6787,"Kingray Technology Co., Ltd. (TPEX:6787)",TW,,,,,,,UNVERIFIED,6787.TW,yfinance_data_gap,False
Electronics & Semiconductors,Electronics (General),Taiwan,TPEX,3206,Kingstate Electronics Corp. (TPEX:3206),TW,,,,,,,UNVERIFIED,3206.TW,yfinance_data_gap,False
Electronics & Semiconductors,Electronics (General),Taiwan,TWSE,6209,"Kinko Optical Co., Ltd. (TWSE:6209)",TW,,,,0.0754,0.09557,0.479,PROFITABLE,6209.TW,,True
Electronics & Semiconductors,Computers/Peripherals,Taiwan,TWSE,2312,"Kinpo Electronics, Inc. (TWSE:2312)",TW,,,,0.01001,0.05788,-0.15,PROFITABLE,2312.TW,,False
Electronics & Semiconductors,Semiconductor Equip,Taiwan,TWSE,3189,Kinsus Interconnect Technology Corp. (TWSE:3189),TW,,,,0.06347,0.08878,0.307,PROFITABLE,3189.TW,,True
Electronics & Semiconductors,Electronics (General),Taiwan,TPEX,6210,"Kintech Electronics Co., Ltd. (TPEX:6210)",TW,,,,,,,UNVERIFIED,6210.TW,yfinance_data_gap,False
Electronics & Semiconductors,Electronics (General),Taiwan,TWSE,5215,"Ko Ja (Cayman) Co., Ltd. (TWSE:5215)",TW,,,,0.05737,0.048639998,0.283,PROFITABLE,5215.TW,,True
Electronics & Semiconductors,Electronics (General),Taiwan,TPEX,8032,"Koryo Electronics Co., Ltd. (TPEX:8032)",TW,,,,,,,UNVERIFIED,8032.TW,yfinance_data_gap,False
Electronics & Semiconductors,Computers/Peripherals,Taiwan,TPEX,3287,"Kworld Computer Co.,Ltd (TPEX:3287)",TW,,,,,,,UNVERIFIED,3287.TW,yfinance_data_gap,False
Electronics & Semiconductors,Electronics (General),Taiwan,TWSE,3008,"LARGAN Precision Co.,Ltd (TWSE:3008)",TW,,,,0.38364,0.13332,0.171,PROFITABLE,3008.TW,,True
Electronics & Semiconductors,Electronics (General),Taiwan,TPEX,6127,"LEATEC Fine Ceramics Co., Ltd. (TPEX:6127)",TW,,,,,,,UNVERIFIED,6127.TW,yfinance_data_gap,False
Electronics & Semiconductors,Computers/Peripherals,Taiwan,TWSE,3054,"LIWANLI Innovation Co., Ltd. (TWSE:3054)",TW,,,,0.94469,0.34342,5.374,PROFITABLE,3054.TW,,True
Electronics & Semiconductors,Semiconductor Equip,Taiwan,TPEX,3081,LandMark Optoelectronics Corporation (TPEX:3081),TW,,,,,,,UNVERIFIED,3081.TW,yfinance_data_gap,False
Electronics & Semiconductors,Electronics (General),Taiwan,TWSE,6165,Lang Inc. (TWSE:6165),TW,,,,0.09380999,0.22958,0.065,PROFITABLE,6165.TW,,False
Electronics & Semiconductors,Telecom. Equipment,Taiwan,TPEX,6245,Lanner Electronics Inc. (TPEX:6245),TW,,,,,,,UNVERIFIED,6245.TW,yfinance_data_gap,False
Electronics & Semiconductors,Electronics (General),Taiwan,TPEX,6207,"Laser Tek Taiwan Co.,Ltd. (TPEX:6207)",TW,,,,,,,UNVERIFIED,6207.TW,yfinance_data_gap,False
Electronics & Semiconductors,Semiconductor,Taiwan,TWSE,3346,"Laster Tech Co., Ltd. (TWSE:3346)",TW,,,,-0.012,-0.02661,-0.173,NOT-PROFITABLE,3346.TW,,False
Electronics & Semiconductors,Semiconductor Equip,Taiwan,TWSE,6921,"LeRain Technology Co., Ltd. (TWSE:6921)",TW,,,,-0.053179998,-0.03403,-0.531,NOT-PROFITABLE,6921.TW,,False
Electronics & Semiconductors,Computers/Peripherals,Taiwan,TWSE,2465,Leadtek Research Inc. (TWSE:2465),TW,,,,0.036760002,0.2712,2.305,PROFITABLE,2465.TW,,True
Electronics & Semiconductors,Semiconductor,Taiwan,TWSE,3588,Leadtrend Technology Corporation (TWSE:3588),TW,,,,0.026630001,0.02078,0.152,PROFITABLE,3588.TW,,True
Electronics & Semiconductors,Electronics (General),Taiwan,TPEX,5230,"Ledlink Optics, Inc. (TPEX:5230)",TW,,,,,,,UNVERIFIED,5230.TW,yfinance_data_gap,False
Electronics & Semiconductors,Electronics (General),Taiwan,TWSE,6164,Ledtech Electronics Corp. (TWSE:6164),TW,,,,0.00201,0.0011,-0.119,PROFITABLE,6164.TW,,False
Electronics & Semiconductors,Electronics (General),Taiwan,TWSE,2472,Lelon Electronics Corp. (TWSE:2472),TW,,,,0.123459995,0.1449,0.093,PROFITABLE,2472.TW,,False
Electronics & Semiconductors,Computers/Peripherals,Taiwan,TPEX,5410,"Leo Systems, Inc. (TPEX:5410)",TW,,,,,,,UNVERIFIED,5410.TW,yfinance_data_gap,False
Electronics & Semiconductors,Computers/Peripherals,Taiwan,TPEX,7562,"Lex Computech Co.,Ltd (TPEX:7562)",TW,,,,,,,UNVERIFIED,7562.TW,yfinance_data_gap,False
Electronics & Semiconductors,Electronics (General),Taiwan,TWSE,2431,"Lien Chang Electronic Enterprise Co., Ltd (TWSE:2431)",TW,,,,-0.75485003,-0.20285,-0.46,NOT-PROFITABLE,2431.TW,,False
Electronics & Semiconductors,Telecom. Equipment,Taiwan,TPEX,7717,Lightel Corporation (TPEX:7717),TW,,,,,,,UNVERIFIED,7717.TW,yfinance_data_gap,False
Electronics & Semiconductors,Semiconductor,Taiwan,TPEX,8111,"Ligitek Electronics Co.,Ltd (TPEX:8111)",TW,,,,,,,UNVERIFIED,8111.TW,yfinance_data_gap,False
Electronics & Semiconductors,Electronics (General),Taiwan,TPEX,5464,"Lin Horn Technology Co., Ltd. (TPEX:5464)",TW,,,,,,,UNVERIFIED,5464.TW,yfinance_data_gap,False
Electronics & Semiconductors,Semiconductor,Taiwan,TWSE,2369,"Lingsen Precision Industries, Ltd. (TWSE:2369)",TW,,,,-0.04059,-0.0509,0.396,NOT-PROFITABLE,2369.TW,,True
Electronics & Semiconductors,Electronics (General),Taiwan,TPEX,6821,"LinkCom Manufacturing Co.,LTD. (TPEX:6821)",TW,,,,,,,UNVERIFIED,6821.TW,yfinance_data_gap,False
Electronics & Semiconductors,Computers/Peripherals,Taiwan,TWSE,6715,"Lintes Technology Co., Ltd. (TWSE:6715)",TW,,,,0.08022001,0.03657,0.174,PROFITABLE,6715.TW,,True
Electronics & Semiconductors,Computers/Peripherals,Taiwan,TWSE,2301,Lite-On Technology Corporation (TWSE:2301),TW,,,,0.10464,0.21886998,0.304,PROFITABLE,2301.TW,,True
Electronics & Semiconductors,Electronics (General),Taiwan,TPEX,4995,Litemax Electronics Inc. (TPEX:4995),TW,,,,,,,UNVERIFIED,4995.TW,yfinance_data_gap,False
Electronics & Semiconductors,Electronics (General),Taiwan,TWSE,3593,"Logah Technology Co., Ltd. (TWSE:3593)",TW,,,,-0.077989995,-0.30895,-0.446,NOT-PROFITABLE,3593.TW,,False
Electronics & Semiconductors,Telecom. Equipment,Taiwan,TWSE,3025,"Loop Telecommunication International, Inc. (TWSE:3025)",TW,,,,0.31780002,0.25211,0.404,PROFITABLE,3025.TW,,True
Electronics & Semiconductors,Electronics (General),Taiwan,TWSE,3533,"Lotes Co., Ltd. (TWSE:3533)",TW,,,,0.22596,0.19072,0.201,PROFITABLE,3533.TW,,True
Electronics & Semiconductors,Computers/Peripherals,Taiwan,TPEX,5465,"Loyalty Founder Enterprise Co.,Ltd. (TPEX:5465)",TW,,,,,,,UNVERIFIED,5465.TW,yfinance_data_gap,False
Electronics & Semiconductors,Electronics (Consumer & Office),Taiwan,TWSE,2424,"Lung Hwa Electronics Co., Ltd. (TWSE:2424)",TW,,,,-0.60826,-0.34394002,-0.431,NOT-PROFITABLE,2424.TW,,False
Electronics & Semiconductors,Telecom. Equipment,Taiwan,TPEX,4979,LuxNet Corporation (TPEX:4979),TW,,,,,,,UNVERIFIED,4979.TW,yfinance_data_gap,False
Electronics & Semiconductors,Electronics (General),Taiwan,TWSE,6799,M3 Technology Inc. (TWSE:6799),TW,,,,0.22893,0.14122,0.061,PROFITABLE,6799.TW,,False
Electronics & Semiconductors,Semiconductor,Taiwan,TPEX,6643,M31 Technology Corporation (TPEX:6643),TW,,,,,,,UNVERIFIED,6643.TW,yfinance_data_gap,False
Electronics & Semiconductors,Semiconductor Equip,Taiwan,TPEX,6223,MPI Corporation (TPEX:6223),TW,,,,,,,UNVERIFIED,6223.TW,yfinance_data_gap,False
Electronics & Semiconductors,Semiconductor Equip,Taiwan,TWSE,3563,Machvision Inc. (TWSE:3563),TW,,,,0.32625,0.20527,0.081,PROFITABLE,3563.TW,,False
Electronics & Semiconductors,Semiconductor,Taiwan,TPEX,3527,"Macroblock, Inc. (TPEX:3527)",TW,,,,,,,UNVERIFIED,3527.TW,yfinance_data_gap,False
Electronics & Semiconductors,Semiconductor,Taiwan,TWSE,2337,"Macronix International Co., Ltd. (TWSE:2337)",TW,,,,0.18336001,0.16011,1.813,PROFITABLE,2337.TW,,True
Electronics & Semiconductors,Semiconductor,Taiwan,TPEX,6720,"Major-Power Technology Co., Ltd. (TPEX:6720)",TW,,,,,,,UNVERIFIED,6720.TW,yfinance_data_gap,False
Electronics & Semiconductors,Semiconductor Equip,Taiwan,TWSE,6196,Marketech International Corp. (TWSE:6196),TW,,,,0.06576,0.22066,0.079,PROFITABLE,6196.TW,,False
Electronics & Semiconductors,Semiconductor,Taiwan,TPEX,6708,Mars Semiconductor Corp. (TPEX:6708),TW,,,,,,,UNVERIFIED,6708.TW,yfinance_data_gap,False
Electronics & Semiconductors,Semiconductor Equip,Taiwan,TPEX,3587,Materials Analysis Technology Inc. (TPEX:3587),TW,,,,,,,UNVERIFIED,3587.TW,yfinance_data_gap,False
Electronics & Semiconductors,Electronics (General),Taiwan,TPEX,5228,Max Echo Technology Corp. (TPEX:5228),TW,,,,,,,UNVERIFIED,5228.TW,yfinance_data_gap,False
Electronics & Semiconductors,Semiconductor,Taiwan,TWSE,2454,MediaTek Inc. (TWSE:2454),TW,,,,0.16279,0.23864001,0.012,PROFITABLE,2454.TW,,False
Electronics & Semiconductors,Electronics (General),Taiwan,TPEX,3294,Megaforce Company Limited (TPEX:3294),TW,,,,,,,UNVERIFIED,3294.TW,yfinance_data_gap,False
Electronics & Semiconductors,Semiconductor,Taiwan,TPEX,3122,"Megawin Technology Co., Ltd. (TPEX:3122)",TW,,,,,,,UNVERIFIED,3122.TW,yfinance_data_gap,False
Electronics & Semiconductors,Electronics (Consumer & Office),Taiwan,TWSE,2477,"Meiloon Industrial Co., Ltd. (TWSE:2477)",TW,,,,0.103719994,0.056220002,-0.033,PROFITABLE,2477.TW,,False
Electronics & Semiconductors,Electronics (Consumer & Office),Taiwan,TWSE,2439,"Merry Electronics Co., Ltd. (TWSE:2439)",TW,,,,0.02797,0.110810004,0.011,PROFITABLE,2439.TW,,False
Electronics & Semiconductors,Computers/Peripherals,Taiwan,TWSE,3706,MiTAC Holdings Corporation (TWSE:3706),TW,,,,0.061139997,0.11226,0.346,PROFITABLE,3706.TW,,True
Electronics & Semiconductors,Semiconductor,Taiwan,TWSE,8162,"Micro Silicon Electronics Co., Ltd. (TWSE:8162)",TW,,,,0.07363,0.06429,-0.018,PROFITABLE,8162.TW,,False
Electronics & Semiconductors,Computers/Peripherals,Taiwan,TWSE,2377,"Micro-Star International Co., Ltd. (TWSE:2377)",TW,,,,0.04399,0.18078,-0.186,PROFITABLE,2377.TW,,False
Electronics & Semiconductors,Semiconductor Equip,Taiwan,TPEX,3354,"Microcosm Technology Co., Ltd. (TPEX:3354)",TW,,,,,,,UNVERIFIED,3354.TW,yfinance_data_gap,False
Electronics & Semiconductors,Telecom. Equipment,Taiwan,TWSE,2314,Microelectronics Technology Inc. (TWSE:2314),TW,,,,-0.29125,-1.60148,0.545,NOT-PROFITABLE,2314.TW,,True
Electronics & Semiconductors,Semiconductor,Taiwan,TPEX,7796,Microip Inc. (TPEX:7796),TW,,,,,,,UNVERIFIED,7796.TW,yfinance_data_gap,False
Electronics & Semiconductors,Electronics (General),Taiwan,TWSE,7721,"Microprogram Information Co.,Ltd (TWSE:7721)",TW,,,,0.06172,0.029930001,0.201,PROFITABLE,7721.TW,,True
Electronics & Semiconductors,Electronics (General),Taiwan,TWSE,2305,"Microtek International, Inc. (TWSE:2305)",TW,,,,0.065749995,0.04583,0.492,PROFITABLE,2305.TW,,True
Electronics & Semiconductors,Semiconductor,Taiwan,TPEX,3285,Microtips Technology Inc. (TPEX:3285),TW,,,,,,,UNVERIFIED,3285.TW,yfinance_data_gap,False
Electronics & Semiconductors,Computers/Peripherals,Taiwan,TPEX,3213,Mildef Crete Inc. (TPEX:3213),TW,,,,,,,UNVERIFIED,3213.TW,yfinance_data_gap,False
Electronics & Semiconductors,Electronics (General),Taiwan,TPEX,4729,Mildex Optical Inc. (TPEX:4729),TW,,,,,,,UNVERIFIED,4729.TW,yfinance_data_gap,False
Electronics & Semiconductors,Electronics (General),Taiwan,TWSE,3060,"Min Aik Technology Co., Ltd. (TWSE:3060)",TW,,,,-0.01001,-0.01082,0.074,NOT-PROFITABLE,3060.TW,,False
Electronics & Semiconductors,Semiconductor,Taiwan,TPEX,7772,Morrison Opto Electronics Ltd. (TPEX:7772),TW,,,,,,,UNVERIFIED,7772.TW,yfinance_data_gap,False
Electronics & Semiconductors,Semiconductor,Taiwan,TWSE,2342,Mosel Vitelic Inc. (TWSE:2342),TW,,,,-0.06164,-0.050809998,-0.117,NOT-PROFITABLE,2342.TW,,False
Electronics & Semiconductors,Semiconductor,Taiwan,TWSE,2434,Mospec Semiconductor Corp. (TWSE:2434),TW,,,,-0.38645,-0.03736,0.06,NOT-PROFITABLE,2434.TW,,False
Electronics & Semiconductors,Semiconductor,Taiwan,TPEX,6244,Motech Industries Inc. (TPEX:6244),TW,,,,,,,UNVERIFIED,6244.TW,yfinance_data_gap,False
Electronics & Semiconductors,Semiconductor,Taiwan,TWSE,6830,"Msscorps Co., Ltd. (TWSE:6830)",TW,,,,-0.00858,-0.0061799996,0.245,NOT-PROFITABLE,6830.TW,,True
Electronics & Semiconductors,Electronics (General),Taiwan,TPEX,5460,Mustang Industrial Corp. (TPEX:5460),TW,,,,,,,UNVERIFIED,5460.TW,yfinance_data_gap,False
Electronics & Semiconductors,Electronics (General),Taiwan,TPEX,6407,"Mutual-Tek Industries Co., Ltd. (TPEX:6407)",TW,,,,,,,UNVERIFIED,6407.TW,yfinance_data_gap,False
Electronics & Semiconductors,Semiconductor,Taiwan,TPEX,5314,"Myson Century, Inc. (TPEX:5314)",TW,,,,,,,UNVERIFIED,5314.TW,yfinance_data_gap,False
Electronics & Semiconductors,Computers/Peripherals,Taiwan,TPEX,8234,"NEXCOM International Co., Ltd. (TPEX:8234)",TW,,,,,,,UNVERIFIED,8234.TW,yfinance_data_gap,False
Electronics & Semiconductors,Electronics (General),Taiwan,TPEX,6419,NUUO Inc. (TPEX:6419),TW,,,,,,,UNVERIFIED,6419.TW,yfinance_data_gap,False
Electronics & Semiconductors,Computers/Peripherals,Taiwan,TPEX,5450,Nam Liong Global Corporation (TPEX:5450),TW,,,,,,,UNVERIFIED,5450.TW,yfinance_data_gap,False
Electronics & Semiconductors,Electronics (General),Taiwan,TWSE,8046,Nan Ya Printed Circuit Board Corporation (TWSE:8046),TW,,,,0.11725,0.118769996,0.417,PROFITABLE,8046.TW,,True
Electronics & Semiconductors,Semiconductor Equip,Taiwan,TWSE,7730,"Nano Electronics and Micro System Technologies, Inc. (TWSE:7730)",TW,,,,0.13498999,0.08288,0.109,PROFITABLE,7730.TW,,True
Electronics & Semiconductors,Semiconductor,Taiwan,TWSE,2408,Nanya Technology Corporation (TWSE:2408),TW,,,,0.49254,,6.842,UNVERIFIED,2408.TW,yfinance_data_gap,True
Electronics & Semiconductors,Semiconductor,Taiwan,TPEX,6236,Neith Corporation (TPEX:6236),TW,,,,,,,UNVERIFIED,6236.TW,yfinance_data_gap,False
Electronics & Semiconductors,Computers/Peripherals,Taiwan,TPEX,6922,Neousys Technology Inc. (TPEX:6922),TW,,,,,,,UNVERIFIED,6922.TW,yfinance_data_gap,False
Electronics & Semiconductors,Computers/Peripherals,Taiwan,TPEX,6143,"Netronix, Inc. (TPEX:6143)",TW,,,,,,,UNVERIFIED,6143.TW,yfinance_data_gap,False
Electronics & Semiconductors,Electronics (General),Taiwan,TPEX,4909,"New Era Electronics Co., Ltd (TPEX:4909)",TW,,,,,,,UNVERIFIED,4909.TW,yfinance_data_gap,False
Electronics & Semiconductors,Electronics (General),Taiwan,TPEX,3630,"Newmax Technology Co., Ltd. (TPEX:3630)",TW,,,,,,,UNVERIFIED,3630.TW,yfinance_data_gap,False
Electronics & Semiconductors,Electronics (General),Taiwan,TPEX,8147,Nextronics Engineering Corp. (TPEX:8147),TW,,,,,,,UNVERIFIED,8147.TW,yfinance_data_gap,False
Electronics & Semiconductors,Electronics (General),Taiwan,TWSE,6230,Nidec Chaun-Choung Technology Corporation (TWSE:6230),TW,,,,-0.02401,-0.03762,0.081,NOT-PROFITABLE,6230.TW,,False
Electronics & Semiconductors,Semiconductor,Taiwan,TPEX,3317,"Niko Semiconductor Co., Ltd. (TPEX:3317)",TW,,,,,,,UNVERIFIED,3317.TW,yfinance_data_gap,False
Electronics & Semiconductors,Semiconductor,Taiwan,TWSE,3034,Novatek Microelectronics Corp. (TWSE:3034),TW,,,,0.17581,0.27122,0.096,PROFITABLE,3034.TW,,False
Electronics & Semiconductors,Semiconductor,Taiwan,TWSE,4919,Nuvoton Technology Corporation (TWSE:4919),TW,,,,-0.04792,-0.09415,0.016,NOT-PROFITABLE,4919.TW,,False
Electronics & Semiconductors,Semiconductor,Taiwan,TPEX,6494,"Nyquest Technology Co., Ltd. (TPEX:6494)",TW,,,,,,,UNVERIFIED,6494.TW,yfinance_data_gap,False
Electronics & Semiconductors,Telecom. Equipment,Taiwan,TPEX,8034,"OPNET Technologies Co., Ltd. (TPEX:8034)",TW,,,,,,,UNVERIFIED,8034.TW,yfinance_data_gap,False
Electronics & Semiconductors,Electronics (General),Taiwan,TPEX,4577,"Ofuna Technology Co., Ltd. (TPEX:4577)",TW,,,,,,,UNVERIFIED,4577.TW,yfinance_data_gap,False
Electronics & Semiconductors,Semiconductor,Taiwan,TWSE,6405,Onano Industrial Corp. (TWSE:6405),TW,,,,0.0,-0.02952,-0.611,NOT-PROFITABLE,6405.TW,,False
Electronics & Semiconductors,Electronics (General),Taiwan,TWSE,3051,Optimax Technology Corporation (TWSE:3051),TW,,,,0.09491,0.06573,-0.177,PROFITABLE,3051.TW,,False
Electronics & Semiconductors,Semiconductor,Taiwan,TPEX,3666,"Optivision Technology, Inc. (TPEX:3666)",TW,,,,,,,UNVERIFIED,3666.TW,yfinance_data_gap,False
Electronics & Semiconductors,Semiconductor,Taiwan,TWSE,2329,"Orient Semiconductor Electronics, Limited (TWSE:2329)",TW,,,,0.07151,0.1073,0.04,PROFITABLE,2329.TW,,False
Electronics & Semiconductors,Electronics (General),Taiwan,TPEX,6819,Oriental System Technology Inc. (TPEX:6819),TW,,,,,,,UNVERIFIED,6819.TW,yfinance_data_gap,False
Electronics & Semiconductors,Electronics (General),Taiwan,TPEX,6158,P-Two Industries Inc. (TPEX:6158),TW,,,,,,,UNVERIFIED,6158.TW,yfinance_data_gap,False
Electronics & Semiconductors,Semiconductor,Taiwan,TPEX,6716,PADAUK Technology Company Limited (TPEX:6716),TW,,,,,,,UNVERIFIED,6716.TW,yfinance_data_gap,False
Electronics & Semiconductors,Semiconductor,Taiwan,TWSE,2481,PANJIT International Inc. (TWSE:2481),TW,,,,0.08947,0.0887,0.114,PROFITABLE,2481.TW,,True
Electronics & Semiconductors,Electronics (General),Taiwan,TWSE,6914,"PSS Co.,Ltd. (TWSE:6914)",TW,,,,0.11169,0.19468,0.092,PROFITABLE,6914.TW,,False
Electronics & Semiconductors,Electronics (General),Taiwan,TPEX,6228,"Pacific Image Electronics Co., Ltd. (TPEX:6228)",TW,,,,,,,UNVERIFIED,6228.TW,yfinance_data_gap,False
Electronics & Semiconductors,Electronics (General),Taiwan,TWSE,2328,Pan-International Industrial Corp. (TWSE:2328),TW,,,,0.025050001,0.02982,-0.256,PROFITABLE,2328.TW,,False
Electronics & Semiconductors,Computers/Peripherals,Taiwan,TPEX,8088,Panram International Corp. (TPEX:8088),TW,,,,,,,UNVERIFIED,8088.TW,yfinance_data_gap,False
Electronics & Semiconductors,Electronics (General),Taiwan,TWSE,6226,"Para Light Electronics Co., Ltd. (TWSE:6226)",TW,,,,-0.033099998,-0.01635,-0.036,NOT-PROFITABLE,6226.TW,,False
Electronics & Semiconductors,Electronics (General),Taiwan,TWSE,3518,"Paragon Technologies Co., Ltd. (TWSE:3518)",TW,,,,0.72791,0.14703,-0.162,PROFITABLE,3518.TW,,False
Electronics & Semiconductors,Electronics (General),Taiwan,TPEX,3097,Partner Tech Corp. (TPEX:3097),TW,,,,,,,UNVERIFIED,3097.TW,yfinance_data_gap,False
Electronics & Semiconductors,Computers/Peripherals,Taiwan,TWSE,4938,Pegatron Corporation (TWSE:4938),TW,,,,0.01071,0.06523,-0.104,PROFITABLE,4938.TW,,False
Electronics & Semiconductors,Semiconductor,Taiwan,TPEX,8299,Phison Electronics Corp. (TPEX:8299),TW,,,,,,,UNVERIFIED,8299.TW,yfinance_data_gap,False
Electronics & Semiconductors,Semiconductor,Taiwan,TPEX,6920,"Phoenix Pioneer technology Co., Ltd. (TPEX:6920)",TW,,,,,,,UNVERIFIED,6920.TW,yfinance_data_gap,False
Electronics & Semiconductors,Semiconductor,Taiwan,TWSE,8028,Phoenix Silicon International Corporation (TWSE:8028),TW,,,,0.17166,0.16149001,0.204,PROFITABLE,8028.TW,,True
Electronics & Semiconductors,Electronics (Consumer & Office),Taiwan,TPEX,3067,Phonic Corporation (TPEX:3067),TW,,,,,,,UNVERIFIED,3067.TW,yfinance_data_gap,False
Electronics & Semiconductors,Semiconductor,Taiwan,TPEX,3227,PixArt Imaging Inc. (TPEX:3227),TW,,,,,,,UNVERIFIED,3227.TW,yfinance_data_gap,False
Electronics & Semiconductors,Electronics (General),Taiwan,TPEX,5248,Pixon Technologies Corporation (TPEX:5248),TW,,,,,,,UNVERIFIED,5248.TW,yfinance_data_gap,False
Electronics & Semiconductors,Telecom. Equipment,Taiwan,TPEX,6263,Planet Technology Corporation (TPEX:6263),TW,,,,,,,UNVERIFIED,6263.TW,yfinance_data_gap,False
Electronics & Semiconductors,Electronics (General),Taiwan,TPEX,6185,"Plastron Precision Co., Ltd. (TPEX:6185)",TW,,,,,,,UNVERIFIED,6185.TW,yfinance_data_gap,False
Electronics & Semiconductors,Semiconductor,Taiwan,TWSE,6854,PlayNitride Inc. (TWSE:6854),TW,,,,-0.26726,-0.0829,-0.547,NOT-PROFITABLE,6854.TW,,False
Electronics & Semiconductors,Electronics (General),Taiwan,TWSE,6141,"Plotech Co.,Ltd (TWSE:6141)",TW,,,,-0.32614,-0.76313,0.027,NOT-PROFITABLE,6141.TW,,False
Electronics & Semiconductors,Electronics (General),Taiwan,TPEX,6599,Poindus Systems Corp. (TPEX:6599),TW,,,,,,,UNVERIFIED,6599.TW,yfinance_data_gap,False
Electronics & Semiconductors,Electronics (General),Taiwan,TWSE,6224,Polytronics Technology Corp. (TWSE:6224),TW,,,,0.025940001,0.01055,-0.005,PROFITABLE,6224.TW,,False
Electronics & Semiconductors,Electronics (General),Taiwan,TWSE,8114,"Posiflex Technology, Inc. (TWSE:8114)",TW,,,,0.09988,0.22285,-0.112,PROFITABLE,8114.TW,,False
Electronics & Semiconductors,Semiconductor,Taiwan,TPEX,7712,Potens Semiconductor Corp. (TPEX:7712),TW,,,,,,,UNVERIFIED,7712.TW,yfinance_data_gap,False
Electronics & Semiconductors,Semiconductor,Taiwan,TWSE,6770,Powerchip Semiconductor Manufacturing Corp. (TWSE:6770),TW,,,,0.1528,0.081499994,0.221,PROFITABLE,6770.TW,,True
Electronics & Semiconductors,Semiconductor,Taiwan,TWSE,6239,Powertech Technology Inc. (TWSE:6239),TW,,,,0.07684,0.109560005,0.376,PROFITABLE,6239.TW,,True
Electronics & Semiconductors,Electronics (General),Taiwan,TPEX,6498,Powertip Image Corp (TPEX:6498),TW,,,,,,,UNVERIFIED,6498.TW,yfinance_data_gap,False
Electronics & Semiconductors,Semiconductor,Taiwan,TPEX,6167,Powertip Technology Corporation (TPEX:6167),TW,,,,,,,UNVERIFIED,6167.TW,yfinance_data_gap,False
Electronics & Semiconductors,Electronics (General),Taiwan,TWSE,4915,Primax Electronics Ltd. (TWSE:4915),TW,,,,0.040549997,0.11632,0.078,PROFITABLE,4915.TW,,False
Electronics & Semiconductors,Telecom. Equipment,Taiwan,TWSE,6152,Prime Electronics & Satellitics Inc. (TWSE:6152),TW,,,,-0.16962999,-0.18747,-0.125,NOT-PROFITABLE,6152.TW,,False
Electronics & Semiconductors,Semiconductor,Taiwan,TPEX,6129,Princeton Technology Corporation (TPEX:6129),TW,,,,,,,UNVERIFIED,6129.TW,yfinance_data_gap,False
Electronics & Semiconductors,Semiconductor Equip,Taiwan,TPEX,5246,"ProbeLeader Co., Ltd. (TPEX:5246)",TW,,,,,,,UNVERIFIED,5246.TW,yfinance_data_gap,False
Electronics & Semiconductors,Semiconductor,Taiwan,TPEX,8227,Progate Group Corporation (TPEX:8227),TW,,,,,,,UNVERIFIED,8227.TW,yfinance_data_gap,False
Electronics & Semiconductors,Semiconductor,Taiwan,TPEX,6233,Prolific Technology Inc. (TPEX:6233),TW,,,,,,,UNVERIFIED,6233.TW,yfinance_data_gap,False
Electronics & Semiconductors,Electronics (General),Taiwan,TPEX,6577,Promate Solutions Corporation (TPEX:6577),TW,,,,,,,UNVERIFIED,6577.TW,yfinance_data_gap,False
Electronics & Semiconductors,Computers/Peripherals,Taiwan,TWSE,3057,"Promise Technology, Inc. (TWSE:3057)",TW,,,,-0.21365999,-0.19662,0.241,NOT-PROFITABLE,3057.TW,,True
Electronics & Semiconductors,Electronics (General),Taiwan,TPEX,6173,"Prosperity Dielectrics Co., Ltd. (TPEX:6173)",TW,,,,,,,UNVERIFIED,6173.TW,yfinance_data_gap,False
Electronics & Semiconductors,Computers/Peripherals,Taiwan,TPEX,7805,"QNAP Systems, Inc. (TPEX:7805)",TW,,,,,,,UNVERIFIED,7805.TW,yfinance_data_gap,False
Electronics & Semiconductors,Computers/Peripherals,Taiwan,TPEX,6825,"Qbic Technology Co., Ltd. (TPEX:6825)",TW,,,,,,,UNVERIFIED,6825.TW,yfinance_data_gap,False
Electronics & Semiconductors,Computers/Peripherals,Taiwan,TWSE,2352,Qisda Corporation (TWSE:2352),TW,,,,0.00466,0.018919999,0.036,PROFITABLE,2352.TW,,False
Electronics & Semiconductors,Computers/Peripherals,Taiwan,TWSE,2382,Quanta Computer Inc. (TWSE:2382),TW,,,,0.03133,0.36842,0.666,PROFITABLE,2382.TW,,True
Electronics & Semiconductors,Computers/Peripherals,Taiwan,TPEX,6188,Quanta Storage Inc. (TPEX:6188),TW,,,,,,,UNVERIFIED,6188.TW,yfinance_data_gap,False
Electronics & Semiconductors,Semiconductor,Taiwan,TPEX,3228,"RDC Semiconductor Co., Ltd. (TPEX:3228)",TW,,,,,,,UNVERIFIED,3228.TW,yfinance_data_gap,False
Electronics & Semiconductors,Computers/Peripherals,Taiwan,TWSE,2349,RITEK Corporation (TWSE:2349),TW,,,,-0.03191,-0.0202,-0.043,NOT-PROFITABLE,2349.TW,,False
Electronics & Semiconductors,Semiconductor,Taiwan,TWSE,6176,Radiant Opto-Electronics Corporation (TWSE:6176),TW,,,,0.08083,0.113800004,-0.118,PROFITABLE,6176.TW,,False
Electronics & Semiconductors,Semiconductor,Taiwan,TPEX,6568,"Rafael Microelectronics, Inc. (TPEX:6568)",TW,,,,,,,UNVERIFIED,6568.TW,yfinance_data_gap,False
Electronics & Semiconductors,Electronics (General),Taiwan,TPEX,6980,Rapidtek Technologies Inc. (TPEX:6980),TW,,,,,,,UNVERIFIED,6980.TW,yfinance_data_gap,False
Electronics & Semiconductors,Semiconductor,Taiwan,TWSE,3592,Raydium Semiconductor Corporation (TWSE:3592),TW,,,,0.056220002,0.11557,0.166,PROFITABLE,3592.TW,,True
Electronics & Semiconductors,Semiconductor,Taiwan,TWSE,2379,Realtek Semiconductor Corp. (TWSE:2379),TW,,,,0.1154,0.31620002,0.04,PROFITABLE,2379.TW,,False
Electronics & Semiconductors,Semiconductor,Taiwan,TWSE,2302,Rectron Limited (TWSE:2302),TW,,,,0.15069,0.07443,0.118,PROFITABLE,2302.TW,,True
Electronics & Semiconductors,Semiconductor,Taiwan,TWSE,8104,RiTdisplay Corporation (TWSE:8104),TW,,,,-0.025009999,-0.01909,-0.404,NOT-PROFITABLE,8104.TW,,False
Electronics & Semiconductors,Semiconductor,Taiwan,TPEX,6198,"Rich Circle Development Co., Ltd. (TPEX:6198)",TW,,,,,,,UNVERIFIED,6198.TW,yfinance_data_gap,False
Electronics & Semiconductors,Semiconductor,Taiwan,TWSE,4968,RichWave Technology Corporation (TWSE:4968),TW,,,,0.08863,0.13131,0.003,PROFITABLE,4968.TW,,False
Electronics & Semiconductors,Telecom. Equipment,Taiwan,TPEX,3306,RoyalTek Company Ltd. (TPEX:3306),TW,,,,,,,UNVERIFIED,3306.TW,yfinance_data_gap,False
Electronics & Semiconductors,Telecom. Equipment,Taiwan,TPEX,8048,Ruby Tech Corporation (TPEX:8048),TW,,,,,,,UNVERIFIED,8048.TW,yfinance_data_gap,False
Electronics & Semiconductors,Semiconductor Equip,Taiwan,TWSE,2351,SDI Corporation (TWSE:2351),TW,,,,0.03918,0.06025,0.11,PROFITABLE,2351.TW,,True
Electronics & Semiconductors,Electronics (General),Taiwan,TWSE,3023,"SINBON Electronics Co., Ltd. (TWSE:3023)",TW,,,,0.098950006,0.21002,0.166,PROFITABLE,3023.TW,,True
Electronics & Semiconductors,Electronics (General),Taiwan,TPEX,4931,"STL Technology Co., Ltd. (TPEX:4931)",TW,,,,,,,UNVERIFIED,4931.TW,yfinance_data_gap,False
Electronics & Semiconductors,Electronics (Consumer & Office),Taiwan,TWSE,1604,Sampo Corporation (TWSE:1604),TW,,,,0.06686,0.07238,-0.036,PROFITABLE,1604.TW,,False
Electronics & Semiconductors,Semiconductor Equip,Taiwan,TPEX,5493,Sanlien Technology Corp. (TPEX:5493),TW,,,,,,,UNVERIFIED,5493.TW,yfinance_data_gap,False
Electronics & Semiconductors,Semiconductor,Taiwan,TPEX,7880,Santa Phoenix Technology Co. Ltd. (TPEX:7880),TW,,,,,,,UNVERIFIED,7880.TW,yfinance_data_gap,False
Electronics & Semiconductors,Semiconductor Equip,Taiwan,TPEX,6812,"Saultech Technology Co., Ltd (TPEX:6812)",TW,,,,,,,UNVERIFIED,6812.TW,yfinance_data_gap,False
Electronics & Semiconductors,Electronics (General),Taiwan,TPEX,6203,"Sea Sonic Electronics Co., Ltd. (TPEX:6203)",TW,,,,,,,UNVERIFIED,6203.TW,yfinance_data_gap,False
Electronics & Semiconductors,Semiconductor,Taiwan,TPEX,6417,"Securitag Assembly Group Co., Ltd. (TPEX:6417)",TW,,,,,,,UNVERIFIED,6417.TW,yfinance_data_gap,False
Electronics & Semiconductors,Semiconductor,Taiwan,NasdaqCM,LEDS,SemiLEDs Corporation (NasdaqCM:LEDS),TW,,,,,,,UNVERIFIED,LEDS.TW,yfinance_data_gap,False
Electronics & Semiconductors,Semiconductor,Taiwan,NasdaqCM,SELX,Semilux International Ltd. (NasdaqCM:SELX),TW,,,,,,,UNVERIFIED,SELX.TW,yfinance_data_gap,False
Electronics & Semiconductors,Telecom. Equipment,Taiwan,TPEX,3558,"Senao Networks, Inc. (TPEX:3558)",TW,,,,,,,UNVERIFIED,3558.TW,yfinance_data_gap,False
Electronics & Semiconductors,Electronics (General),Taiwan,TPEX,6732,Sensortek Technology Corp. (TPEX:6732),TW,,,,,,,UNVERIFIED,6732.TW,yfinance_data_gap,False
Electronics & Semiconductors,Telecom. Equipment,Taiwan,TWSE,5388,Sercomm Corporation (TWSE:5388),TW,,,,0.02024,0.0771,0.466,PROFITABLE,5388.TW,,True
Electronics & Semiconductors,Semiconductor,Taiwan,TPEX,3531,"Shian Yih Electronic Industry Co.,Ltd (TPEX:3531)",TW,,,,,,,UNVERIFIED,3531.TW,yfinance_data_gap,False
Electronics & Semiconductors,Semiconductor Equip,Taiwan,TPEX,3551,Shih Her Technologies Inc. (TPEX:3551),TW,,,,,,,UNVERIFIED,3551.TW,yfinance_data_gap,False
Electronics & Semiconductors,Electronics (General),Taiwan,TWSE,6283,"Shun On Electronic Co., Ltd. (TWSE:6283)",TW,,,,-0.01115,-0.0023100001,-0.089,NOT-PROFITABLE,6283.TW,,False
Electronics & Semiconductors,Computers/Peripherals,Taiwan,TWSE,2405,Shuttle Inc. (TWSE:2405),TW,,,,-0.041810002,-0.023139998,-0.028,NOT-PROFITABLE,2405.TW,,False
Electronics & Semiconductors,Semiconductor,Taiwan,TWSE,6257,Sigurd Microelectronics Corporation (TWSE:6257),TW,,,,0.19192,0.18257,0.231,PROFITABLE,6257.TW,,True
Electronics & Semiconductors,Semiconductor,Taiwan,TWSE,2363,Silicon Integrated Systems Corp. (TWSE:2363),TW,,,,0.069970004,0.00806,0.825,PROFITABLE,2363.TW,,True
Electronics & Semiconductors,Electronics (General),Taiwan,TWSE,3530,"Silicon Optronics, Inc. (TWSE:3530)",TW,,,,0.110249996,0.10102,0.305,PROFITABLE,3530.TW,,True
Electronics & Semiconductors,Computers/Peripherals,Taiwan,TPEX,4973,Silicon Power Computer & Communications Inc. (TPEX:4973),TW,,,,,,,UNVERIFIED,4973.TW,yfinance_data_gap,False
Electronics & Semiconductors,Semiconductor,Taiwan,TPEX,3288,Silicon Touch Technology Inc. (TPEX:3288),TW,,,,,,,UNVERIFIED,3288.TW,yfinance_data_gap,False
Electronics & Semiconductors,Electronics (General),Taiwan,TWSE,3311,Silitech Technology Corporation (TWSE:3311),TW,,,,0.07427,0.055949997,0.11,PROFITABLE,3311.TW,,True
Electronics & Semiconductors,Electronics (General),Taiwan,TPEX,6121,"Simplo Technology Co., Ltd. (TPEX:6121)",TW,,,,,,,UNVERIFIED,6121.TW,yfinance_data_gap,False
Electronics & Semiconductors,Electronics (General),Taiwan,TPEX,3511,Simula Technology Inc. (TPEX:3511),TW,,,,,,,UNVERIFIED,3511.TW,yfinance_data_gap,False
Electronics & Semiconductors,Electronics (General),Taiwan,TPEX,6126,"Singatron Enterprise Co.,Ltd (TPEX:6126)",TW,,,,,,,UNVERIFIED,6126.TW,yfinance_data_gap,False
Electronics & Semiconductors,Semiconductor Equip,Taiwan,TPEX,3490,Single Well Industrial Corporation (TPEX:3490),TW,,,,,,,UNVERIFIED,3490.TW,yfinance_data_gap,False
Electronics & Semiconductors,Electronics (General),Taiwan,TWSE,4999,Sinher Technology Inc. (TWSE:4999),TW,,,,-0.070650004,-0.04084,-0.207,NOT-PROFITABLE,4999.TW,,False
Electronics & Semiconductors,Semiconductor Equip,Taiwan,TPEX,5483,Sino-American Silicon Products Inc. (TPEX:5483),TW,,,,,,,UNVERIFIED,5483.TW,yfinance_data_gap,False
Electronics & Semiconductors,Semiconductor,Taiwan,TPEX,6435,"Sinopower Semiconductor, Inc. (TPEX:6435)",TW,,,,,,,UNVERIFIED,6435.TW,yfinance_data_gap,False
Electronics & Semiconductors,Computers/Peripherals,Taiwan,TPEX,6680,Sintrones Technology Corp. (TPEX:6680),TW,,,,,,,UNVERIFIED,6680.TW,yfinance_data_gap,False
Electronics & Semiconductors,Electronics (General),Taiwan,TPEX,5356,"Sirtec International Co.,Ltd. (TPEX:5356)",TW,,,,,,,UNVERIFIED,5356.TW,yfinance_data_gap,False
Electronics & Semiconductors,Semiconductor,Taiwan,TWSE,8016,Sitronix Technology Corporation (TWSE:8016),TW,,,,0.093660004,0.15699,0.23,PROFITABLE,8016.TW,,True
Electronics & Semiconductors,Electronics (General),Taiwan,TWSE,2484,"Siward Crystal Technology Co., Ltd (TWSE:2484)",TW,,,,0.09305,0.05731,0.011,PROFITABLE,2484.TW,,False
Electronics & Semiconductors,Telecom. Equipment,Taiwan,TPEX,3466,Skardin Industrial Corporation (TPEX:3466),TW,,,,,,,UNVERIFIED,3466.TW,yfinance_data_gap,False
Electronics & Semiconductors,Semiconductor Equip,Taiwan,TWSE,6937,Skytech Inc. (TWSE:6937),TW,,,,0.09238,0.06196,0.263,PROFITABLE,6937.TW,,True
Electronics & Semiconductors,Computers/Peripherals,Taiwan,TPEX,6222,"Soaring Technology Co.,Ltd. (TPEX:6222)",TW,,,,,,,UNVERIFIED,6222.TW,yfinance_data_gap,False
Electronics & Semiconductors,Semiconductor,Taiwan,TPEX,3259,"Solid State System Co., Ltd. (TPEX:3259)",TW,,,,,,,UNVERIFIED,3259.TW,yfinance_data_gap,False
Electronics & Semiconductors,Computers/Peripherals,Taiwan,TPEX,6737,"Solid Year Co., Ltd. (TPEX:6737)",TW,,,,,,,UNVERIFIED,6737.TW,yfinance_data_gap,False
Electronics & Semiconductors,Semiconductor,Taiwan,TPEX,5432,Solomon Data International Corporation (TPEX:5432),TW,,,,,,,UNVERIFIED,5432.TW,yfinance_data_gap,False
Electronics & Semiconductors,Electronics (General),Taiwan,TWSE,2359,Solomon Technology Corporation (TWSE:2359),TW,,,,0.08495,0.0598,-0.268,PROFITABLE,2359.TW,,False
Electronics & Semiconductors,Electronics (General),Taiwan,TWSE,1471,Solytech Enterprise Corporation (TWSE:1471),TW,,,,-0.22885999,-0.02315,-0.533,NOT-PROFITABLE,1471.TW,,False
Electronics & Semiconductors,Electronics (General),Taiwan,TPEX,6156,"Song Shang Electronics Co.,Ltd. (TPEX:6156)",TW,,,,,,,UNVERIFIED,6156.TW,yfinance_data_gap,False
Electronics & Semiconductors,Semiconductor,Taiwan,TWSE,5471,"Sonix Technology Co.,Ltd. (TWSE:5471)",TW,,,,0.05768,0.04572,0.239,PROFITABLE,5471.TW,,True
Electronics & Semiconductors,Electronics (General),Taiwan,TPEX,5381,Spectrum Electrics Corporation (TPEX:5381),TW,,,,,,,UNVERIFIED,5381.TW,yfinance_data_gap,False
Electronics & Semiconductors,Electronics (General),Taiwan,TPEX,5457,Speed Tech Corp. (TPEX:5457),TW,,,,,,,UNVERIFIED,5457.TW,yfinance_data_gap,False
Electronics & Semiconductors,Semiconductor Equip,Taiwan,TWSE,3055,Spirox Corporation (TWSE:3055),TW,,,,-0.29791,-0.08321,-0.224,NOT-PROFITABLE,3055.TW,,False
Electronics & Semiconductors,Semiconductor,Taiwan,TPEX,7753,Star Asia Vision Corporation (TPEX:7753),TW,,,,,,,UNVERIFIED,7753.TW,yfinance_data_gap,False
Electronics & Semiconductors,Electronics (General),Taiwan,TPEX,3390,"Sunflex Tech Co., Ltd. (TPEX:3390)",TW,,,,,,,UNVERIFIED,3390.TW,yfinance_data_gap,False
Electronics & Semiconductors,Semiconductor,Taiwan,TPEX,5236,Sunplus Innovation Technology Inc. (TPEX:5236),TW,,,,0.27475,0.25047,0.162,PROFITABLE,5236.TW,,True
Electronics & Semiconductors,Semiconductor,Taiwan,TWSE,2401,Sunplus Technology Company Limited (TWSE:2401),TW,,,,-0.02937,0.01124,0.128,NOT-PROFITABLE,2401.TW,,True
Electronics & Semiconductors,Computers/Peripherals,Taiwan,TWSE,2387,Sunrex Technology Corporation (TWSE:2387),TW,,,,0.031689998,0.05651,-0.119,PROFITABLE,2387.TW,,False
Electronics & Semiconductors,Electronics (General),Taiwan,TWSE,6658,"SynPower Co., Ltd. (TWSE:6658)",TW,,,,0.04291,0.056649998,0.273,PROFITABLE,6658.TW,,True
Electronics & Semiconductors,Semiconductor Equip,Taiwan,TPEX,7815,Sync-Tech System Corp (TPEX:7815),TW,,,,,,,UNVERIFIED,7815.TW,yfinance_data_gap,False
Electronics & Semiconductors,Electronics (General),Taiwan,TWSE,1582,Syncmold Enterprise Corp. (TWSE:1582),TW,,,,0.055069998,0.068169996,-0.069,PROFITABLE,1582.TW,,False
Electronics & Semiconductors,Semiconductor,Taiwan,TWSE,3150,Syncomm Technology Corp. (TWSE:3150),TW,,,,-0.06211,-0.02948,-0.056,NOT-PROFITABLE,3150.TW,,False
Electronics & Semiconductors,Semiconductor,Taiwan,TPEX,5302,"Syntek Semiconductor Co., Ltd. (TPEX:5302)",TW,,,,,,,UNVERIFIED,5302.TW,yfinance_data_gap,False
Electronics & Semiconductors,Electronics (General),Taiwan,TPEX,5309,Sysgration Ltd. (TPEX:5309),TW,,,,,,,UNVERIFIED,5309.TW,yfinance_data_gap,False
Electronics & Semiconductors,Electronics (General),Taiwan,TPEX,7819,Systex Fintech Corporation (TPEX:7819),TW,,,,,,,UNVERIFIED,7819.TW,yfinance_data_gap,False
Electronics & Semiconductors,Electronics (General),Taiwan,TPEX,6833,T-Conn Precision Corporation (TPEX:6833),TW,,,,,,,UNVERIFIED,6833.TW,yfinance_data_gap,False
Electronics & Semiconductors,Electronics (General),Taiwan,TPEX,3276,"T-Flex Techvest PCB Co., Ltd. (TPEX:3276)",TW,,,,,,,UNVERIFIED,3276.TW,yfinance_data_gap,False
Electronics & Semiconductors,Electronics (General),Taiwan,TWSE,2478,"TA-I Technology Co., Ltd. (TWSE:2478)",TW,,,,0.0954,0.07335,0.096,PROFITABLE,2478.TW,,False
Electronics & Semiconductors,Electronics (General),Taiwan,TPEX,3357,"TAI-TECH Advanced Electronics Co., Ltd. (TPEX:3357)",TW,,,,,,,UNVERIFIED,3357.TW,yfinance_data_gap,False
Electronics & Semiconductors,Semiconductor,Taiwan,TPEX,5468,"TM Technology, Inc. (TPEX:5468)",TW,,,,,,,UNVERIFIED,5468.TW,yfinance_data_gap,False
Electronics & Semiconductors,Telecom. Equipment,Taiwan,TPEX,7812,TMY Technology Inc. (TPEX:7812),TW,,,,,,,UNVERIFIED,7812.TW,yfinance_data_gap,False
Electronics & Semiconductors,Electronics (General),Taiwan,TWSE,3673,"TPK Holding Co., Ltd. (TWSE:3673)",TW,,,,0.0221,0.03195,0.305,PROFITABLE,3673.TW,,True
Electronics & Semiconductors,Computers/Peripherals,Taiwan,TPEX,3611,"TSC Auto ID Technology Co., Ltd. (TPEX:3611)",TW,,,,,,,UNVERIFIED,3611.TW,yfinance_data_gap,False
Electronics & Semiconductors,Semiconductor,Taiwan,TWSE,6443,TSEC Corporation (TWSE:6443),TW,,,,-2.13567,-0.62055,-0.452,NOT-PROFITABLE,6443.TW,,False
Electronics & Semiconductors,Computers/Peripherals,Taiwan,TPEX,3521,"TSG Development Co., Ltd. (TPEX:3521)",TW,,,,,,,UNVERIFIED,3521.TW,yfinance_data_gap,False
Electronics & Semiconductors,Computers/Peripherals,Taiwan,TPEX,6150,TUL Corporation (TPEX:6150),TW,,,,,,,UNVERIFIED,6150.TW,yfinance_data_gap,False
Electronics & Semiconductors,Telecom. Equipment,Taiwan,TWSE,8045,"TWOWAY Communications, Inc. (TWSE:8045)",TW,,,,0.049889997,0.03364,0.427,PROFITABLE,8045.TW,,True
Electronics & Semiconductors,Electronics (General),Taiwan,TWSE,3042,TXC Corporation (TWSE:3042),TW,,,,0.13187,0.110489994,0.055,PROFITABLE,3042.TW,,False
Electronics & Semiconductors,Electronics (General),Taiwan,TWSE,3167,"Ta Liang Technology Co., Ltd. (TWSE:3167)",TW,,,,0.14694999,0.28497,1.307,PROFITABLE,3167.TW,,True
Electronics & Semiconductors,Electronics (General),Taiwan,TPEX,3426,Tai Shing Electronics Components Corporation (TPEX:3426),TW,,,,,,,UNVERIFIED,3426.TW,yfinance_data_gap,False
Electronics & Semiconductors,Telecom. Equipment,Taiwan,TWSE,8011,"Tai Tung Communication Co., Ltd. (TWSE:8011)",TW,,,,0.06554,0.04201,-0.26,PROFITABLE,8011.TW,,False
Electronics & Semiconductors,Electronics (General),Taiwan,TWSE,3432,"Tai Twun Enterprise Co., Ltd. (TWSE:3432)",TW,,,,-0.18708,-0.12181,3.714,NOT-PROFITABLE,3432.TW,,True
Electronics & Semiconductors,Electronics (General),Taiwan,TPEX,3221,"Tai-Saw Technology Co.,Ltd. (TPEX:3221)",TW,,,,,,,UNVERIFIED,3221.TW,yfinance_data_gap,False
Electronics & Semiconductors,Electronics (General),Taiwan,TWSE,3338,"TaiSol Electronics Co., Ltd. (TWSE:3338)",TW,,,,0.03577,0.06098,-0.083,PROFITABLE,3338.TW,,False
Electronics & Semiconductors,Electronics (General),Taiwan,TWSE,8039,"Taiflex Scientific Co., Ltd. (TWSE:8039)",TW,,,,0.0775,0.079050004,-0.024,PROFITABLE,8039.TW,,False
Electronics & Semiconductors,Telecom. Equipment,Taiwan,TPEX,5353,"Tailyn Technologies, Inc. (TPEX:5353)",TW,,,,,,,UNVERIFIED,5353.TW,yfinance_data_gap,False
Electronics & Semiconductors,Semiconductor,Taiwan,TWSE,4934,"Tainergy Tech Co., Ltd. (TWSE:4934)",TW,,,,-1.7949001,-0.20985001,1.332,NOT-PROFITABLE,4934.TW,,True
Electronics & Semiconductors,Telecom. Equipment,Taiwan,TPEX,4905,Tainet Communication System Corp. (TPEX:4905),TW,,,,,,,UNVERIFIED,4905.TW,yfinance_data_gap,False
Electronics & Semiconductors,Electronics (General),Taiwan,TPEX,8289,"Taitien Electronics Co., Ltd. (TPEX:8289)",TW,,,,,,,UNVERIFIED,8289.TW,yfinance_data_gap,False
Electronics & Semiconductors,Electronics (General),Taiwan,TPEX,6204,"Taiwan Alpha Electronic Co., Ltd. (TPEX:6204)",TW,,,,,,,UNVERIFIED,6204.TW,yfinance_data_gap,False
Electronics & Semiconductors,Electronics (General),Taiwan,TPEX,8042,"Taiwan Chinsan Electronic Industrial Co., Ltd. (TPEX:8042)",TW,,,,,,,UNVERIFIED,8042.TW,yfinance_data_gap,False
Electronics & Semiconductors,Semiconductor,Taiwan,TPEX,3372,Taiwan IC Packaging Corporation (TPEX:3372),TW,,,,,,,UNVERIFIED,3372.TW,yfinance_data_gap,False
Electronics & Semiconductors,Semiconductor Equip,Taiwan,TWSE,2338,Taiwan Mask Corporation (TWSE:2338),TW,,,,-0.12898,-0.19782,-0.055,NOT-PROFITABLE,2338.TW,,False
Electronics & Semiconductors,Semiconductor,Taiwan,TPEX,3066,"Taiwan Oasis Technology Co., Ltd. (TPEX:3066)",TW,,,,,,,UNVERIFIED,3066.TW,yfinance_data_gap,False
Electronics & Semiconductors,Electronics (General),Taiwan,TPEX,8080,Taiwan Ostor Corporation (TPEX:8080),TW,,,,,,,UNVERIFIED,8080.TW,yfinance_data_gap,False
Electronics & Semiconductors,Electronics (General),Taiwan,TWSE,8213,"Taiwan Printed Circuit Board Techvest Co.,Ltd. (TWSE:8213)",TW,,,,0.03345,0.03603,0.112,PROFITABLE,8213.TW,,True
Electronics & Semiconductors,Semiconductor Equip,Taiwan,TPEX,6826,Taiwan Puritic Corp. (TPEX:6826),TW,,,,,,,UNVERIFIED,6826.TW,yfinance_data_gap,False
Electronics & Semiconductors,Semiconductor,Taiwan,TPEX,5425,"Taiwan Semiconductor Co., Ltd. (TPEX:5425)",TW,,,,,,,UNVERIFIED,5425.TW,yfinance_data_gap,False
Electronics & Semiconductors,Semiconductor,Taiwan,TWSE,2330,Taiwan Semiconductor Manufacturing Company Limited (TWSE:2330),TW,,,,0.49923,0.39969003,0.36,PROFITABLE,2330.TW,,True
Electronics & Semiconductors,Electronics (General),Taiwan,TWSE,6278,Taiwan Surface Mounting Technology Corp. (TWSE:6278),TW,,,,0.05061,0.11422,0.011,PROFITABLE,6278.TW,,False
Electronics & Semiconductors,Electronics (General),Taiwan,TPEX,6246,Taiwan Thick-Film Ind. Corp (TPEX:6246),TW,,,,,,,UNVERIFIED,6246.TW,yfinance_data_gap,False
Electronics & Semiconductors,Electronics (General),Taiwan,TPEX,6274,Taiwan Union Technology Corporation (TPEX:6274),TW,,,,,,,UNVERIFIED,6274.TW,yfinance_data_gap,False
Electronics & Semiconductors,Semiconductor,Taiwan,TWSE,2340,Taiwan-Asia Semiconductor Corporation (TWSE:2340),TW,,,,-0.26299,-0.17166,-0.013,NOT-PROFITABLE,2340.TW,,False
Electronics & Semiconductors,Semiconductor,Taiwan,TWSE,4967,Team Group Inc. (TWSE:4967),TW,,,,0.1376,0.60747004,0.691,PROFITABLE,4967.TW,,True
Electronics & Semiconductors,Semiconductor,Taiwan,TPEX,3073,"Teamphon Energy Co., Ltd. (TPEX:3073)",TW,,,,,,,UNVERIFIED,3073.TW,yfinance_data_gap,False
Electronics & Semiconductors,Electronics (General),Taiwan,TPEX,5438,"Teco Image Systems Co., Ltd. (TPEX:5438)",TW,,,,,,,UNVERIFIED,5438.TW,yfinance_data_gap,False
Electronics & Semiconductors,Telecom. Equipment,Taiwan,TWSE,2321,"Tecom Co., Ltd. (TWSE:2321)",TW,,,,-0.01255,0.0068900003,-0.015,NOT-PROFITABLE,2321.TW,,False
Electronics & Semiconductors,Electronics (General),Taiwan,TPEX,3117,"Tecstar Technology Co., Ltd. (TPEX:3117)",TW,,,,,,,UNVERIFIED,3117.TW,yfinance_data_gap,False
Electronics & Semiconductors,Semiconductor,Taiwan,TPEX,3339,"Tekcore Co., Ltd (TPEX:3339)",TW,,,,,,,UNVERIFIED,3339.TW,yfinance_data_gap,False
Electronics & Semiconductors,Electronics (General),Taiwan,TWSE,3030,"Test Research, Inc. (TWSE:3030)",TW,,,,0.32693002,0.34966,0.239,PROFITABLE,3030.TW,,True
Electronics & Semiconductors,Computers/Peripherals,Taiwan,TPEX,3540,"Thermaltake Technology Co., Ltd. (TPEX:3540)",TW,,,,,,,UNVERIFIED,3540.TW,yfinance_data_gap,False
Electronics & Semiconductors,Semiconductor Equip,Taiwan,TPEX,3663,"ThinTech Materials Technology Co., Ltd. (TPEX:3663)",TW,,,,,,,UNVERIFIED,3663.TW,yfinance_data_gap,False
Electronics & Semiconductors,Electronics (General),Taiwan,TWSE,2428,"Thinking Electronic Industrial Co., Ltd. (TWSE:2428)",TW,,,,0.17197001,0.12129,0.083,PROFITABLE,2428.TW,,False
Electronics & Semiconductors,Semiconductor Equip,Taiwan,TPEX,6654,"Tian Zheng International Precision Machinery Co., Ltd. (TPEX:6654)",TW,,,,,,,UNVERIFIED,6654.TW,yfinance_data_gap,False
Electronics & Semiconductors,Computers/Peripherals,Taiwan,TPEX,6199,"TienPin United Enterprise CO., LTD. (TPEX:6199)",TW,,,,,,,UNVERIFIED,6199.TW,yfinance_data_gap,False
Electronics & Semiconductors,Electronics (General),Taiwan,TWSE,6271,"Tong Hsing Electronic Industries, Ltd. (TWSE:6271)",TW,,,,0.15970999,0.07032,0.063,PROFITABLE,6271.TW,,False
Electronics & Semiconductors,Semiconductor,Taiwan,TPEX,5487,Tontek Design Technology Ltd. (TPEX:5487),TW,,,,,,,UNVERIFIED,5487.TW,yfinance_data_gap,False
Electronics & Semiconductors,Electronics (General),Taiwan,TPEX,6266,Top Union Electronics Corp. (TPEX:6266),TW,,,,,,,UNVERIFIED,6266.TW,yfinance_data_gap,False
Electronics & Semiconductors,Semiconductor Equip,Taiwan,TWSE,5434,"Topco Scientific Co.,Ltd. (TWSE:5434)",TW,,,,0.06987,0.26341,0.226,PROFITABLE,5434.TW,,True
Electronics & Semiconductors,Electronics (General),Taiwan,TWSE,8021,"Topoint Technology Co., Ltd. (TWSE:8021)",TW,,,,0.104090005,0.106300004,0.51,PROFITABLE,8021.TW,,True
Electronics & Semiconductors,Electronics (General),Taiwan,TPEX,6556,Topview Optronics Corporation (TPEX:6556),TW,,,,,,,UNVERIFIED,6556.TW,yfinance_data_gap,False
Electronics & Semiconductors,Electronics (General),Taiwan,TPEX,6967,Trans-Sun Materials Technology Company Limited (TPEX:6967),TW,,,,,,,UNVERIFIED,6967.TW,yfinance_data_gap,False
Electronics & Semiconductors,Computers/Peripherals,Taiwan,TWSE,2451,"Transcend Information, Inc. (TWSE:2451)",TW,,,,0.57185,0.8787,4.824,PROFITABLE,2451.TW,,True
Electronics & Semiconductors,Semiconductor,Taiwan,TWSE,5222,"Transcom, Inc. (TWSE:5222)",TW,,,,0.19735001,0.06827,0.075,PROFITABLE,5222.TW,,False
Electronics & Semiconductors,Electronics (General),Taiwan,TPEX,3623,Transtouch Technology Inc. (TPEX:3623),TW,,,,,,,UNVERIFIED,3623.TW,yfinance_data_gap,False
Electronics & Semiconductors,Electronics (General),Taiwan,TWSE,6909,Tricorntech Corporation (TWSE:6909),TW,,,,0.10368,0.05835,-0.222,PROFITABLE,6909.TW,,False
Electronics & Semiconductors,Electronics (General),Taiwan,TWSE,6862,"Trio Technology International Group Co., Ltd. (TWSE:6862)",TW,,,,0.14338,0.098570004,-0.228,PROFITABLE,6862.TW,,False
Electronics & Semiconductors,Electronics (General),Taiwan,TWSE,3044,Tripod Technology Corporation (TWSE:3044),TW,,,,0.14003,0.19358,0.224,PROFITABLE,3044.TW,,True
Electronics & Semiconductors,Semiconductor,Taiwan,TPEX,3234,TrueLight Corporation (TPEX:3234),TW,,,,,,,UNVERIFIED,3234.TW,yfinance_data_gap,False
Electronics & Semiconductors,Electronics (Consumer & Office),Taiwan,TPEX,6784,"Tsky Co.,Ltd (TPEX:6784)",TW,,,,,,,UNVERIFIED,6784.TW,yfinance_data_gap,False
Electronics & Semiconductors,Computers/Peripherals,Taiwan,TWSE,2364,Twinhead International Corp. (TWSE:2364),TW,,,,0.13991,0.29018998,-0.106,PROFITABLE,2364.TW,,False
Electronics & Semiconductors,Semiconductor,Taiwan,TWSE,2426,Tyntek Corporation (TWSE:2426),TW,,,,-0.0254,-0.015240001,-0.099,NOT-PROFITABLE,2426.TW,,False
Electronics & Semiconductors,Telecom. Equipment,Taiwan,TPEX,6470,"U-MEDIA Communications, Inc. (TPEX:6470)",TW,,,,,,,UNVERIFIED,6470.TW,yfinance_data_gap,False
Electronics & Semiconductors,Computers/Peripherals,Taiwan,TWSE,3050,U-Tech Media Corporation (TWSE:3050),TW,,,,-0.0153,-5e-05,-0.071,NOT-PROFITABLE,3050.TW,,False
Electronics & Semiconductors,Electronics (General),Taiwan,TPEX,3689,U.D. Electronic Corp. (TPEX:3689),TW,,,,,,,UNVERIFIED,3689.TW,yfinance_data_gap,False
Electronics & Semiconductors,Semiconductor,Taiwan,TPEX,3603,UC&GN International Corp. (TPEX:3603),TW,,,,,,,UNVERIFIED,3603.TW,yfinance_data_gap,False
Electronics & Semiconductors,Semiconductor Equip,Taiwan,TPEX,3580,"UVAT Technology Co., Ltd. (TPEX:3580)",TW,,,,,,,UNVERIFIED,3580.TW,yfinance_data_gap,False
Electronics & Semiconductors,Computers/Peripherals,Taiwan,TWSE,6928,"Ubiqconn Technology, Inc. (TWSE:6928)",TW,,,,-0.04483,-0.04086,-0.104,NOT-PROFITABLE,6928.TW,,False
Electronics & Semiconductors,Semiconductor Equip,Taiwan,TPEX,4933,Ubright Optronics Corporation (TPEX:4933),TW,,,,,,,UNVERIFIED,4933.TW,yfinance_data_gap,False
Electronics & Semiconductors,Semiconductor,Taiwan,TPEX,3141,"Ultra Chip, Inc. (TPEX:3141)",TW,,,,,,,UNVERIFIED,3141.TW,yfinance_data_gap,False
Electronics & Semiconductors,Electronics (General),Taiwan,TWSE,6792,Unictron Technologies Corporation (TWSE:6792),TW,,,,0.096820004,0.08605,0.078,PROFITABLE,6792.TW,,False
Electronics & Semiconductors,Electronics (General),Taiwan,TWSE,3321,Uniflex Technology Inc. (TWSE:3321),TW,,,,-0.05393,-0.24999,0.26,NOT-PROFITABLE,3321.TW,,True
Electronics & Semiconductors,Electronics (General),Taiwan,TWSE,2482,Uniform Industrial Corporation (TWSE:2482),TW,,,,-0.17198999,-0.07349,0.024,NOT-PROFITABLE,2482.TW,,False
Electronics & Semiconductors,Semiconductor,Taiwan,TPEX,8277,Unifosa Corp. (TPEX:8277),TW,,,,,,,UNVERIFIED,8277.TW,yfinance_data_gap,False
Electronics & Semiconductors,Electronics (General),Taiwan,TWSE,3037,Unimicron Technology Corp. (TWSE:3037),TW,,,,0.16028999,0.22649999,0.321,PROFITABLE,3037.TW,,True
Electronics & Semiconductors,Electronics (General),Taiwan,TPEX,3441,"Unique Opto-Electronics Co.,Ltd. (TPEX:3441)",TW,,,,,,,UNVERIFIED,3441.TW,yfinance_data_gap,False
Electronics & Semiconductors,Computers/Peripherals,Taiwan,TWSE,2414,"Unitech Computer Co., Ltd. (TWSE:2414)",TW,,,,0.01907,0.18039,0.604,PROFITABLE,2414.TW,,True
Electronics & Semiconductors,Electronics (General),Taiwan,TWSE,3652,"Unitech Electronics Co., Ltd. (TWSE:3652)",TW,,,,0.04201,0.05631,0.101,PROFITABLE,3652.TW,,True
Electronics & Semiconductors,Electronics (General),Taiwan,TWSE,2367,Unitech Printed Circuit Board Corp. (TWSE:2367),TW,,,,-0.014789999,-0.01804,-0.101,NOT-PROFITABLE,2367.TW,,False
Electronics & Semiconductors,Telecom. Equipment,Taiwan,TPEX,4903,United Fiber Optic Communication Inc. (TPEX:4903),TW,,,,,,,UNVERIFIED,4903.TW,yfinance_data_gap,False
Electronics & Semiconductors,Semiconductor,Taiwan,TWSE,2303,United Microelectronics Corporation (TWSE:2303),TW,,,,0.33293,0.21327999,0.17,PROFITABLE,2303.TW,,True
Electronics & Semiconductors,Semiconductor,Taiwan,TPEX,5315,United Radiant Technology Corporation (TPEX:5315),TW,,,,,,,UNVERIFIED,5315.TW,yfinance_data_gap,False
Electronics & Semiconductors,Semiconductor,Taiwan,TWSE,3576,"United Renewable Energy Co., Ltd. (TWSE:3576)",TW,,,,0.2618,0.05593,-0.469,PROFITABLE,3576.TW,,False
Electronics & Semiconductors,Electronics (General),Taiwan,TWSE,2413,"Universal Microelectronics Co., Ltd. (TWSE:2413)",TW,,,,0.13350001,0.23667999,0.297,PROFITABLE,2413.TW,,True
Electronics & Semiconductors,Electronics (General),Taiwan,TPEX,3491,"Universal Microwave Technology, Inc. (TPEX:3491)",TW,,,,,,,UNVERIFIED,3491.TW,yfinance_data_gap,False
Electronics & Semiconductors,Electronics (General),Taiwan,TPEX,3678,Ushine Photonics Corporation (TPEX:3678),TW,,,,,,,UNVERIFIED,3678.TW,yfinance_data_gap,False
Electronics & Semiconductors,Electronics (General),Taiwan,TPEX,3498,"Usun Technology Co., Ltd. (TPEX:3498)",TW,,,,,,,UNVERIFIED,3498.TW,yfinance_data_gap,False
Electronics & Semiconductors,Electronics (General),Taiwan,TPEX,3455,"Utechzone Co., Ltd. (TPEX:3455)",TW,,,,,,,UNVERIFIED,3455.TW,yfinance_data_gap,False
Electronics & Semiconductors,Semiconductor,Taiwan,TPEX,6229,"V-TAC Technology Co.,Ltd. (TPEX:6229)",TW,,,,,,,UNVERIFIED,6229.TW,yfinance_data_gap,False
Electronics & Semiconductors,Semiconductor Equip,Taiwan,TPEX,7822,"V5 Technologies Co., Ltd. (TPEX:7822)",TW,,,,0.27809998,0.20936,1.25,PROFITABLE,7822.TW,,True
Electronics & Semiconductors,Semiconductor,Taiwan,TWSE,6756,"VIA Labs, Inc. (TWSE:6756)",TW,,,,0.06743,0.02823,0.064,PROFITABLE,6756.TW,,False
Electronics & Semiconductors,Semiconductor,Taiwan,TWSE,2388,"VIA Technologies, Inc. (TWSE:2388)",TW,,,,0.0106,0.00338,0.043,PROFITABLE,2388.TW,,False
Electronics & Semiconductors,Electronics (General),Taiwan,TWSE,6742,Vactronics technologies inc. (TWSE:6742),TW,,,,-0.26588,-0.094,-0.429,NOT-PROFITABLE,6742.TW,,False
Electronics & Semiconductors,Semiconductor,Taiwan,TPEX,5347,Vanguard International Semiconductor Corporation (TPEX:5347),TW,,,,,,,UNVERIFIED,5347.TW,yfinance_data_gap,False
Electronics & Semiconductors,Semiconductor,Taiwan,TPEX,5344,"Vate Technology Co., Ltd. (TPEX:5344)",TW,,,,,,,UNVERIFIED,5344.TW,yfinance_data_gap,False
Electronics & Semiconductors,Electronics (General),Taiwan,TPEX,6979,"Victory For Technology Co., Ltd. (TPEX:6979)",TW,,,,,,,UNVERIFIED,6979.TW,yfinance_data_gap,False
Electronics & Semiconductors,Electronics (General),Taiwan,TPEX,3624,Viking Tech Corporation (TPEX:3624),TW,,,,,,,UNVERIFIED,3624.TW,yfinance_data_gap,False
Electronics & Semiconductors,Semiconductor,Taiwan,TWSE,6789,VisEra Technologies Company Ltd. (TWSE:6789),TW,,,,0.16248,0.07947,0.08,PROFITABLE,6789.TW,,False
Electronics & Semiconductors,Semiconductor Equip,Taiwan,TWSE,2455,"Visual Photonics Epitaxy Co., Ltd. (TWSE:2455)",TW,,,,0.20095,0.23386,0.352,PROFITABLE,2455.TW,,True
Electronics & Semiconductors,Electronics (General),Taiwan,TWSE,3454,Vivotek Inc. (TWSE:3454),TW,,,,,,,UNVERIFIED,3454.TW,yfinance_data_gap,False
Electronics & Semiconductors,Semiconductor,Taiwan,TPEX,3105,WIN Semiconductors Corp. (TPEX:3105),TW,,,,,,,UNVERIFIED,3105.TW,yfinance_data_gap,False
Electronics & Semiconductors,Telecom. Equipment,Taiwan,TWSE,6285,WNC Corporation (TWSE:6285),TW,,,,0.035889998,0.13213,0.435,PROFITABLE,6285.TW,,True
Electronics & Semiconductors,Electronics (General),Taiwan,TWSE,2316,"WUS Printed Circuit Co., Ltd. (TWSE:2316)",TW,,,,0.71976995,0.23256001,0.174,PROFITABLE,2316.TW,,True
Electronics & Semiconductors,Semiconductor Equip,Taiwan,TPEX,6182,Wafer Works Corporation (TPEX:6182),TW,,,,,,,UNVERIFIED,6182.TW,yfinance_data_gap,False
Electronics & Semiconductors,Electronics (General),Taiwan,TPEX,8240,Wah Hong Industrial Corp. (TPEX:8240),TW,,,,,,,UNVERIFIED,8240.TW,yfinance_data_gap,False
Electronics & Semiconductors,Electronics (General),Taiwan,TWSE,2492,Walsin Technology Corporation (TWSE:2492),TW,,,,0.06796,0.0521,0.091,PROFITABLE,2492.TW,,False
Electronics & Semiconductors,Semiconductor,Taiwan,TWSE,8110,"Walton Advanced Engineering, Inc. (TWSE:8110)",TW,,,,0.1865,0.11383,0.099,PROFITABLE,8110.TW,,False
Electronics & Semiconductors,Electronics (General),Taiwan,TPEX,3508,"Ways Technical Corp., Ltd. (TPEX:3508)",TW,,,,,,,UNVERIFIED,3508.TW,yfinance_data_gap,False
Electronics & Semiconductors,Computers/Peripherals,Taiwan,TWSE,3021,Welltend Technology Corporation (TWSE:3021),TW,,,,0.01648,0.03033,-0.005,PROFITABLE,3021.TW,,False
Electronics & Semiconductors,Semiconductor,Taiwan,TWSE,2436,"Weltrend Semiconductor, Inc. (TWSE:2436)",TW,,,,0.27085,0.26334998,0.249,PROFITABLE,2436.TW,,True
Electronics & Semiconductors,Electronics (General),Taiwan,TPEX,6761,"Wendell Industrial Co., Ltd (TPEX:6761)",TW,,,,,,,UNVERIFIED,6761.TW,yfinance_data_gap,False
Electronics & Semiconductors,Telecom. Equipment,Taiwan,TWSE,3419,"Wha Yu Industrial Co., Ltd. (TWSE:3419)",TW,,,,-0.11502,-0.19601999,0.054,NOT-PROFITABLE,3419.TW,,False
Electronics & Semiconductors,Semiconductor Equip,Taiwan,TPEX,3402,Wholetech System Hitech Limited (TPEX:3402),TW,,,,,,,UNVERIFIED,3402.TW,yfinance_data_gap,False
Electronics & Semiconductors,Semiconductor,Taiwan,TWSE,4949,"Win Win Precision Technology Co., Ltd. (TWSE:4949)",TW,,,,0.069759995,0.11502,0.367,PROFITABLE,4949.TW,,True
Electronics & Semiconductors,Semiconductor Equip,Taiwan,TWSE,6515,"WinWay Technology Co., Ltd. (TWSE:6515)",TW,,,,0.20592,0.29777,0.297,PROFITABLE,6515.TW,,True
Electronics & Semiconductors,Semiconductor,Taiwan,TWSE,2344,Winbond Electronics Corporation (TWSE:2344),TW,,,,0.27849,0.29951,1.847,PROFITABLE,2344.TW,,True
Electronics & Semiconductors,Electronics (General),Taiwan,TWSE,3416,Winmate Inc. (TWSE:3416),TW,,,,0.16755,0.20646,0.423,PROFITABLE,3416.TW,,True
Electronics & Semiconductors,Semiconductor,Taiwan,TWSE,6916,"Winstar Display Co., Ltd. (TWSE:6916)",TW,,,,-0.06491,-0.11893,-0.019,NOT-PROFITABLE,6916.TW,,False
Electronics & Semiconductors,Semiconductor,Taiwan,TPEX,3265,"Winstek Semiconductor Co., Ltd. (TPEX:3265)",TW,,,,,,,UNVERIFIED,3265.TW,yfinance_data_gap,False
Electronics & Semiconductors,Semiconductor,Taiwan,TPEX,5245,WiseChip Semiconductor Inc. (TPEX:5245),TW,,,,,,,UNVERIFIED,5245.TW,yfinance_data_gap,False
Electronics & Semiconductors,Computers/Peripherals,Taiwan,TWSE,3231,Wistron Corporation (TWSE:3231),TW,,,,0.01321,0.30937,0.624,PROFITABLE,3231.TW,,True
Electronics & Semiconductors,Computers/Peripherals,Taiwan,TWSE,6669,Wiwynn Corporation (TWSE:6669),TW,,,,0.05232,0.51082003,0.26,PROFITABLE,6669.TW,,True
Electronics & Semiconductors,Electronics (General),Taiwan,TPEX,5490,XAC Automation Corporation (TPEX:5490),TW,,,,,,,UNVERIFIED,5490.TW,yfinance_data_gap,False
Electronics & Semiconductors,Telecom. Equipment,Taiwan,TWSE,3447,XAVi Technologies Corporation (TWSE:3447),TW,,,,0.0297,0.09089,0.089,PROFITABLE,3447.TW,,False
Electronics & Semiconductors,Semiconductor,Taiwan,TPEX,3374,Xintec Inc. (TPEX:3374),TW,,,,,,,UNVERIFIED,3374.TW,yfinance_data_gap,False
Electronics & Semiconductors,Electronics (General),Taiwan,TPEX,6418,"Y-S Electronic Co., Ltd. (TPEX:6418)",TW,,,,,,,UNVERIFIED,6418.TW,yfinance_data_gap,False
Electronics & Semiconductors,Telecom. Equipment,Taiwan,TPEX,6220,"YFC-Boneagle Electric Co., Ltd. (TPEX:6220)",TW,,,,,,,UNVERIFIED,6220.TW,yfinance_data_gap,False
Electronics & Semiconductors,Electronics (Consumer & Office),Taiwan,TWSE,6201,"Ya Horng Electronic Co., Ltd. (TWSE:6201)",TW,,,,0.0917,0.108430006,-0.102,PROFITABLE,6201.TW,,False
Electronics & Semiconductors,Electronics (General),Taiwan,TWSE,2327,Yageo Corporation (TWSE:2327),TW,,,,0.18648,0.15875,0.227,PROFITABLE,2327.TW,,True
Electronics & Semiconductors,Electronics (General),Taiwan,TPEX,3207,"Yao Sheng Electronic Co., Ltd. (TPEX:3207)",TW,,,,,,,UNVERIFIED,3207.TW,yfinance_data_gap,False
Electronics & Semiconductors,Semiconductor Equip,Taiwan,TPEX,7556,Yeedex Electronic Corporation (TPEX:7556),TW,,,,,,,UNVERIFIED,7556.TW,yfinance_data_gap,False
Electronics & Semiconductors,Semiconductor,Taiwan,TWSE,6423,Yield Microelectronics Corp. (TWSE:6423),TW,,,,,,,UNVERIFIED,6423.TW,yfinance_data_gap,False
Electronics & Semiconductors,Electronics (General),Taiwan,TPEX,3191,"Yjn Co.,Ltd. (TPEX:3191)",TW,,,,,,,UNVERIFIED,3191.TW,yfinance_data_gap,False
Electronics & Semiconductors,Electronics (General),Taiwan,TWSE,3622,"Young Fast Optoelectronics Co., Ltd. (TWSE:3622)",TW,,,,0.51537997,0.12517,-0.028,PROFITABLE,3622.TW,,False
Electronics & Semiconductors,Electronics (General),Taiwan,TWSE,3504,Young Optics Inc. (TWSE:3504),TW,,,,-0.00235,-0.00233,0.048,NOT-PROFITABLE,3504.TW,,False
Electronics & Semiconductors,Semiconductor,Taiwan,TPEX,6261,Youngtek Electronics Corporation (TPEX:6261),TW,,,,,,,UNVERIFIED,6261.TW,yfinance_data_gap,False
Electronics & Semiconductors,Computers/Peripherals,Taiwan,TPEX,5474,"Yuan High-Tech Development Co., Ltd. (TPEX:5474)",TW,,,,,,,UNVERIFIED,5474.TW,yfinance_data_gap,False
Electronics & Semiconductors,Electronics (General),Taiwan,TPEX,6194,"Yufo Electronics Co., Ltd. (TPEX:6194)",TW,,,,,,,UNVERIFIED,6194.TW,yfinance_data_gap,False
Electronics & Semiconductors,Telecom. Equipment,Taiwan,TPEX,8176,"Z-Com, Inc. (TPEX:8176)",TW,,,,,,,UNVERIFIED,8176.TW,yfinance_data_gap,False
Electronics & Semiconductors,Semiconductor,Taiwan,TPEX,7770,"ZEITEC Semiconductor Co., LTD. (TPEX:7770)",TW,,,,,,,UNVERIFIED,7770.TW,yfinance_data_gap,False
Electronics & Semiconductors,Semiconductor Equip,Taiwan,TPEX,3581,Zen Voce Corporation (TPEX:3581),TW,,,,,,,UNVERIFIED,3581.TW,yfinance_data_gap,False
Electronics & Semiconductors,Semiconductor,Taiwan,TPEX,6679,Zilltek Technology Corp. (TPEX:6679),TW,,,,,,,UNVERIFIED,6679.TW,yfinance_data_gap,False
Electronics & Semiconductors,Telecom. Equipment,Taiwan,TWSE,2485,Zinwell Corporation (TWSE:2485),TW,,,,0.0043,0.00354,1.496,PROFITABLE,2485.TW,,True
Electronics & Semiconductors,Telecom. Equipment,Taiwan,TWSE,3704,Zyxel Group Corporation (TWSE:3704),TW,,,,0.05025,0.120299995,0.414,PROFITABLE,3704.TW,,True
Electronics & Semiconductors,Semiconductor,Taiwan,TPEX,3556,eGalax_eMPIA Technology Inc. (TPEX:3556),TW,,,,,,,UNVERIFIED,3556.TW,yfinance_data_gap,False
Electronics & Semiconductors,Semiconductor,Taiwan,TPEX,3529,eMemory Technology Inc. (TPEX:3529),TW,,,,,,,UNVERIFIED,3529.TW,yfinance_data_gap,False
Electronics & Semiconductors,Semiconductor,Taiwan,TWSE,6695,"iCatch Technology, Inc. (TWSE:6695)",TW,,,,-0.15238,-0.109910004,0.045,NOT-PROFITABLE,6695.TW,,False
Electronics & Semiconductors,Semiconductor,Taiwan,TPEX,6786,iSTART-TEK INC. (TPEX:6786),TW,,,,,,,UNVERIFIED,6786.TW,yfinance_data_gap,False
Electronics & Semiconductors,Semiconductor,Taiwan,TWSE,6719,uPI Semiconductor Corp. (TWSE:6719),TW,,,,0.20931,0.06776,-0.086,PROFITABLE,6719.TW,,False
Electronics & Semiconductors,Telecom. Equipment,Thailand,SET,ALT,ALT Telecom Public Company Limited (SET:ALT),,,,,0.05415,0.049250003,0.044,PROFITABLE,ALT.BK,,False
Electronics & Semiconductors,Electronics (General),Thailand,SET,CCET,Cal-Comp Electronics (Thailand) Public Company Limited (SET:CCET),,,,,0.0144299995,0.07201,-0.144,PROFITABLE,CCET.BK,,False
Electronics & Semiconductors,Telecom. Equipment,Thailand,SET,DTCENT,D.T.C. Enterprise Public Company Limited (SET:DTCENT),,,,,0.14159,0.06345,0.049,PROFITABLE,DTCENT.BK,,False
Electronics & Semiconductors,Electronics (General),Thailand,SET,DELTA,Delta Electronics (Thailand) Public Company Limited (SET:DELTA),,,,,0.12536,0.31518,0.474,PROFITABLE,DELTA.BK,,True
Electronics & Semiconductors,Electronics (General),Thailand,SET,FORTH,Forth Corporation Public Company Limited (SET:FORTH),,,,,0.07811,0.31004,0.135,PROFITABLE,FORTH.BK,,True
Electronics & Semiconductors,Electronics (General),Thailand,SET,HANA,Hana Microelectronics Public Company Limited (SET:HANA),,,,,0.01432,0.01091,-0.104,PROFITABLE,HANA.BK,,False
Electronics & Semiconductors,Electronics (General),Thailand,SET,KCE,KCE Electronics Public Company Limited (SET:KCE),,,,,0.06511,0.062750004,-0.065,PROFITABLE,KCE.BK,,False
Electronics & Semiconductors,Electronics (General),Thailand,SET,LOXLEY,Loxley Public Company Limited (SET:LOXLEY),,,,,0.04986,0.10468,0.116,PROFITABLE,LOXLEY.BK,,True
Electronics & Semiconductors,Electronics (General),Thailand,SET,METCO,Muramoto Electron (Thailand) Public Company Limited (SET:METCO),,,,,0.06722,0.16503,-0.031,PROFITABLE,METCO.BK,,False
Electronics & Semiconductors,Electronics (General),Thailand,SET,NEX,Nex Point Public Company Limited (SET:NEX),,,,,-0.84779,-0.27706,1.565,NOT-PROFITABLE,NEX.BK,,True
Electronics & Semiconductors,Electronics (General),Thailand,SET,SVI,SVI Public Company Limited (SET:SVI),,,,,,,,UNVERIFIED,SVI.BK,yfinance_data_gap,False
Electronics & Semiconductors,Semiconductor,Thailand,SET,SICT,Silicon Craft Technology Public Company Limited (SET:SICT),,,,,0.10621,0.089940004,-0.121,PROFITABLE,SICT.BK,,False
Electronics & Semiconductors,Electronics (General),Thailand,SET,SMT,Stars Microelectronics (Thailand) Public Company Limited (SET:SMT),,,,,-0.0028900001,-0.00398,0.566,NOT-PROFITABLE,SMT.BK,,True
Electronics & Semiconductors,Electronics (General),Thailand,SET,TEAM,Team Precision Public Company Limited (SET:TEAM),,,,,0.073249996,0.14659001,0.083,PROFITABLE,TEAM.BK,,False
Electronics & Semiconductors,Computers/Peripherals,Tunisia,BVMT,CELL,Cellcom Société Anonyme (BVMT:CELL),,,,,,,,UNVERIFIED,,exchange_not_covered_by_yfinance,False
Electronics & Semiconductors,Telecom. Equipment,Turkey,IBSE,ALCTL,Alcatel Lucent Teletas Telekomünikasyon A.S. (IBSE:ALCTL),,,,,-0.014989999,-0.023510002,-0.245,NOT-PROFITABLE,ALCTL.IS,,False
Electronics & Semiconductors,Semiconductor,Turkey,IBSE,ALFAS,Alfa Solar Enerji Sanayi ve Ticaret A.S. (IBSE:ALFAS),,,,,0.00947,0.012569999,-0.495,PROFITABLE,ALFAS.IS,,False
Electronics & Semiconductors,Computers/Peripherals,Turkey,IBSE,ESCOM,Escort Teknoloji Yatirim A.S. (IBSE:ESCOM),,,,,0.57176995,0.48174998,972.411,PROFITABLE,ESCOM.IS,,True
Electronics & Semiconductors,Semiconductor,Turkey,IBSE,KLYPV,Kalyon Günes Teknolojileri Üretim A.S. (IBSE:KLYPV),,,,,0.09493,0.045149997,-0.102,PROFITABLE,KLYPV.IS,,False
Electronics & Semiconductors,Telecom. Equipment,Turkey,IBSE,KAREL,Karel Elektronik Sanayi Ve Ticaret A.S. (IBSE:KAREL),,,,,-0.03342,-0.27777,0.256,NOT-PROFITABLE,KAREL.IS,,True
Electronics & Semiconductors,Electronics (General),Turkey,IBSE,MAKIM,Makim Makina Teknolojileri Sanayi Ve Ticaret A.S. (IBSE:MAKIM),,,,,0.00087,0.00115,0.114,PROFITABLE,MAKIM.IS,,True
Electronics & Semiconductors,Electronics (General),Turkey,IBSE,MANAS,Manas Enerji Yonetimi Sanayi Ve Ticaret Anonim Sirketi (IBSE:MANAS),,,,,-0.92661005,-0.57369,-0.258,NOT-PROFITABLE,MANAS.IS,,False
Electronics & Semiconductors,Telecom. Equipment,Turkey,IBSE,NETAS,Netas Telekomünikasyon A.S. (IBSE:NETAS),,,,,-0.02599,,0.616,UNVERIFIED,NETAS.IS,yfinance_data_gap,True
Electronics & Semiconductors,Electronics (General),Turkey,IBSE,PAPIL,Papilon Savunma Teknoloji ve Ticaret A.S. (IBSE:PAPIL),,,,,0.02782,0.00627,-0.918,PROFITABLE,PAPIL.IS,,False
Electronics & Semiconductors,Computers/Peripherals,Turkey,IBSE,PKART,Plastikkart Akilli Kart Iletisim Sistemleri Sanayi ve Ticaret A.S. (IBSE:PKART),,,,,0.03461,0.18885,0.589,PROFITABLE,PKART.IS,,True
Electronics & Semiconductors,Computers/Peripherals,Turkey,IBSE,REEDR,Reeder Teknoloji Sanayi ve Ticaret Anonim Sirketi (IBSE:REEDR),,,,,-0.63874,-0.14003,-0.298,NOT-PROFITABLE,REEDR.IS,,False
Electronics & Semiconductors,Semiconductor,Turkey,IBSE,SMRTG,Smart Günes Enerjisi Teknolojileri Arastirma ve Gelistirme Üretim Sanayi ve Ticaret A.S. (IBSE:SMRTG),,,,,-0.00083,-0.0062599997,-0.255,NOT-PROFITABLE,SMRTG.IS,,False
Electronics & Semiconductors,Electronics (Consumer & Office),Turkey,IBSE,VESTL,Vestel Elektronik Sanayi ve Ticaret Anonim Sirketi (IBSE:VESTL),,,,,-0.21905,-0.6254,-0.489,NOT-PROFITABLE,VESTL.IS,,False
Electronics & Semiconductors,Telecom. Equipment,United Kingdom,AIM,AFRN,Aferian Plc (AIM:AFRN),UK,,,,,,,UNVERIFIED,AFRN.L,yfinance_data_gap,False
Electronics & Semiconductors,Electronics (General),United Kingdom,AIM,BIG,Big Technologies PLC (AIM:BIG),UK,,,,-0.46625,-0.21077,0.046,NOT-PROFITABLE,BIG.L,,False
Electronics & Semiconductors,Semiconductor,United Kingdom,AIM,CML,CML Microsystems plc (AIM:CML),UK,,,,-0.00264,-0.0010800001,0.087,NOT-PROFITABLE,CML.L,,False
Electronics & Semiconductors,Telecom. Equipment,United Kingdom,AIM,CLX,Calnex Solutions plc (AIM:CLX),UK,,,,0.03328,0.027139999,0.254,PROFITABLE,CLX.L,,True
Electronics & Semiconductors,Computers/Peripherals,United Kingdom,AIM,CNC,Concurrent Technologies Plc (AIM:CNC),UK,,,,0.1103,0.120900005,0.055,PROFITABLE,CNC.L,,False
Electronics & Semiconductors,Electronics (General),United Kingdom,AIM,CSSG,Croma Security Solutions Group plc (AIM:CSSG),UK,,,,0.06599,0.04305,0.09,PROFITABLE,CSSG.L,,False
Electronics & Semiconductors,Semiconductor,United Kingdom,AIM,CYAN,CyanConnode Holdings plc (AIM:CYAN),UK,,,,-0.29879,-0.34143,0.322,NOT-PROFITABLE,CYAN.L,,True
Electronics & Semiconductors,Electronics (General),United Kingdom,OTCPK,DRNG,"Drone Guarder, Inc. (OTCPK:DRNG)",UK,,,,,,,UNVERIFIED,DRNG.L,yfinance_data_gap,False
Electronics & Semiconductors,Semiconductor,United Kingdom,AIM,ENSI,EnSilica plc (AIM:ENSI),UK,,,,-0.09358,-0.094469994,0.373,NOT-PROFITABLE,ENSI.L,,True
Electronics & Semiconductors,Telecom. Equipment,United Kingdom,AIM,FTC,Filtronic plc (AIM:FTC),UK,,,,0.08207,0.11951999,-0.015,PROFITABLE,FTC.L,,False
Electronics & Semiconductors,Electronics (Consumer & Office),United Kingdom,AIM,TUNE,Focusrite plc (AIM:TUNE),UK,,,,-0.00937,,0.078,UNVERIFIED,TUNE.L,yfinance_data_gap,False
Electronics & Semiconductors,Electronics (General),United Kingdom,AIM,GHH,Gooch & Housego PLC (AIM:GHH),UK,,,,0.02441,0.03433,0.155,PROFITABLE,GHH.L,,True
Electronics & Semiconductors,Electronics (General),United Kingdom,LSE,HLMA,Halma plc (LSE:HLMA),UK,,,,0.14417,0.18306999,0.146,PROFITABLE,HLMA.L,,True
Electronics & Semiconductors,Semiconductor Equip,United Kingdom,AIM,IQE,IQE plc (AIM:IQE),UK,,,,-0.37713,-0.32792,0.001,NOT-PROFITABLE,IQE.L,,False
Electronics & Semiconductors,Electronics (General),United Kingdom,AIM,IGE,Image Scan Holdings Plc (AIM:IGE),UK,,,,0.08073,0.14911,2.774,PROFITABLE,IGE.L,,True
Electronics & Semiconductors,Semiconductor,United Kingdom,AIM,KMK,Kromek Group plc (AIM:KMK),UK,,,,0.33039,0.25052,3.084,PROFITABLE,KMK.L,,True
Electronics & Semiconductors,Electronics (General),United Kingdom,AIM,LST,Light Science Technologies Holdings Plc (AIM:LST),UK,,,,-0.11342,-0.47782,-0.477,NOT-PROFITABLE,LST.L,,False
Electronics & Semiconductors,Electronics (General),United Kingdom,AIM,MET,Metir plc (AIM:MET),UK,,,,-0.60208,-1.0496399,3.306,NOT-PROFITABLE,MET.L,,True
Electronics & Semiconductors,Semiconductor,United Kingdom,LSE,NANO,Nanoco Group plc (LSE:NANO),UK,,,,0.092080005,,1.233,UNVERIFIED,NANO.L,yfinance_data_gap,True
Electronics & Semiconductors,Electronics (General),United Kingdom,AIM,NWT,Newmark Security plc (AIM:NWT),UK,,,,0.0419,0.12482,0.13,PROFITABLE,NWT.L,,True
Electronics & Semiconductors,Electronics (General),United Kingdom,LSE,ONDO,Ondo InsurTech Plc (LSE:ONDO),UK,,,,-1.5451,,0.157,UNVERIFIED,ONDO.L,yfinance_data_gap,True
Electronics & Semiconductors,Electronics (General),United Kingdom,LSE,OXIG,Oxford Instruments plc (LSE:OXIG),UK,,,,0.11389,0.12425,-0.006,PROFITABLE,OXIG.L,,False
Electronics & Semiconductors,Electronics (General),United Kingdom,AIM,PIP,PipeHawk plc (AIM:PIP),UK,,,,-0.29056,,-0.452,UNVERIFIED,PIP.L,yfinance_data_gap,False
Electronics & Semiconductors,Electronics (General),United Kingdom,AIM,QUBE,Quantum Base Holdings PLC (AIM:QUBE),UK,,,,0.0,-1.88629,,NOT-PROFITABLE,QUBE.L,,False
Electronics & Semiconductors,Computers/Peripherals,United Kingdom,LSE,RPI,Raspberry Pi Holdings plc (LSE:RPI),UK,,,,0.067140006,0.096190006,0.625,PROFITABLE,RPI.L,,True
Electronics & Semiconductors,Electronics (General),United Kingdom,LSE,RSW,Renishaw plc (LSE:RSW),UK,,,,0.10057,0.08198,0.071,PROFITABLE,RSW.L,,False
Electronics & Semiconductors,Electronics (General),United Kingdom,AIM,SDI,SDI Group plc (AIM:SDI),UK,,,,0.06617,0.09386,0.101,PROFITABLE,SDI.L,,True
Electronics & Semiconductors,Telecom. Equipment,United Kingdom,AIM,SRT,SRT Marine Systems plc (AIM:SRT),UK,,,,0.02757,,0.951,UNVERIFIED,SRT.L,yfinance_data_gap,True
Electronics & Semiconductors,Electronics (General),United Kingdom,AIM,SNT,Sabien Technology Group Plc (AIM:SNT),UK,,,,-0.47099,,0.509,UNVERIFIED,SNT.L,yfinance_data_gap,True
Electronics & Semiconductors,Semiconductor,United Kingdom,NasdaqCM,SMTK,"SmartKem, Inc. (NasdaqCM:SMTK)",UK,,,,,,,UNVERIFIED,SMTK.L,yfinance_data_gap,False
Electronics & Semiconductors,Electronics (General),United Kingdom,AIM,SOLI,Solid State plc (AIM:SOLI),UK,,,,0.026519999,0.065510005,0.082,PROFITABLE,SOLI.L,,False
Electronics & Semiconductors,Electronics (General),United Kingdom,AIM,SNX,Synectics plc (AIM:SNX),UK,,,,0.054419998,0.08713,0.104,PROFITABLE,SNX.L,,True
Electronics & Semiconductors,Electronics (General),United Kingdom,LSE,TTG,TT Electronics plc (LSE:TTG),UK,,,,-0.10511,-0.29556,-0.017,NOT-PROFITABLE,TTG.L,,False
Electronics & Semiconductors,Electronics (General),United Kingdom,AIM,THRU,Thruvision Group plc (AIM:THRU),UK,,,,-0.60322,-0.70723,0.518,NOT-PROFITABLE,THRU.L,,True
Electronics & Semiconductors,Telecom. Equipment,United Kingdom,AIM,TST,Touchstar plc (AIM:TST),UK,,,,-0.15847999,-0.40654,-0.017,NOT-PROFITABLE,TST.L,,False
Electronics & Semiconductors,Electronics (General),United Kingdom,AIM,VNET,Vianet Group plc (AIM:VNET),UK,,,,0.026919998,0.01521,0.028,PROFITABLE,VNET.L,,False
Electronics & Semiconductors,Electronics (Consumer & Office),United Kingdom,LSE,VID,Videndum Plc (LSE:VID),UK,,,,-0.22312,-0.56755,-0.044,NOT-PROFITABLE,VID.L,,False
Electronics & Semiconductors,Electronics (General),United Kingdom,AIM,WSG,Westminster Group PLC (AIM:WSG),UK,,,,,,,UNVERIFIED,WSG.L,yfinance_data_gap,False
Electronics & Semiconductors,Electronics (General),United Kingdom,AIM,WPHO,Windar Photonics PLC (AIM:WPHO),UK,,,,-0.2688,-0.17637,0.183,NOT-PROFITABLE,WPHO.L,,True
Electronics & Semiconductors,Computers/Peripherals,United Kingdom,LSE,XAR,Xaar plc (LSE:XAR),UK,,,,-0.03359,-0.03259,0.091,NOT-PROFITABLE,XAR.L,,False
Electronics & Semiconductors,Electronics (General),United States,NasdaqGM,MASS,908 Devices Inc. (NasdaqGM:MASS),US,2344108.0,True,,-0.62402,-0.24111,0.136,NOT-PROFITABLE,MASS,,True
Electronics & Semiconductors,Semiconductor Equip,United States,NasdaqGM,ACMR,"ACM Research, Inc. (NasdaqGM:ACMR)",US,151239240.0,True,,0.14476,0.11627,0.36,PROFITABLE,ACMR,,True
Electronics & Semiconductors,Telecom. Equipment,United States,NasdaqGS,ADTN,"ADTRAN Holdings, Inc. (NasdaqGS:ADTN)",US,36629817.0,True,,-0.022920001,-0.03171,0.061,NOT-PROFITABLE,ADTN,,False
Electronics & Semiconductors,Electronics (General),United States,NasdaqCM,LIDR,"AEye, Inc. (NasdaqCM:LIDR)",US,2010792.0,False,,0.0,-0.89276004,8.182,NOT-PROFITABLE,LIDR,,True
Electronics & Semiconductors,Electronics (General),United States,NasdaqCM,AMCI,AMC Robotics Corporation (NasdaqCM:AMCI),US,129153.0,False,,0.0,-6.09268,-0.339,NOT-PROFITABLE,AMCI,,False
Electronics & Semiconductors,Electronics (General),United States,OTCPK,ATWT,"ATWEC Technologies, Inc. (OTCPK:ATWT)",US,,,,-0.01521,,0.743,UNVERIFIED,ATWT,yfinance_data_gap,True
Electronics & Semiconductors,Semiconductor Equip,United States,NasdaqGS,AXTI,"AXT, Inc. (NasdaqGS:AXTI)",US,995664137.0,True,,0.0323,0.01012,1.648,PROFITABLE,AXTI,,True
Electronics & Semiconductors,Electronics (General),United States,NasdaqCM,ACFN,"Acorn Energy, Inc. (NasdaqCM:ACFN)",US,119099.0,False,,0.16122,0.19872999,-0.294,PROFITABLE,ACFN,,False
Electronics & Semiconductors,Telecom. Equipment,United States,NasdaqCM,ASNS,"Actelis Networks, Inc. (NasdaqCM:ASNS)",US,14331.0,False,,-2.26638,-1.6261799,0.329,NOT-PROFITABLE,ASNS,,True
Electronics & Semiconductors,Electronics (General),United States,NasdaqGS,AEIS,"Advanced Energy Industries, Inc. (NasdaqGS:AEIS)",US,277148699.0,True,,0.10767,0.16267,0.3,PROFITABLE,AEIS,,True
Electronics & Semiconductors,Electronics (Consumer & Office),United States,OTCPK,APWL,"Advanced Powerline Technologies, Inc. (OTCPK:APWL)",US,,,,0.00083,0.00029999999,,PROFITABLE,APWL,,False
Electronics & Semiconductors,Semiconductor Equip,United States,NasdaqCM,AEHR,"Aehr Test Systems, Inc. (NasdaqCM:AEHR)",US,173175016.0,True,,-0.14252,-0.04163,0.337,NOT-PROFITABLE,AEHR,,True
Electronics & Semiconductors,Semiconductor Equip,United States,NasdaqCM,ALMU,"Aeluma, Inc. (NasdaqCM:ALMU)",US,21745696.0,True,,-1.1555,-0.20673999,-0.026,NOT-PROFITABLE,ALMU,,False
Electronics & Semiconductors,Electronics (General),United States,NasdaqGS,AEVA,"Aeva Technologies, Inc. (NasdaqGS:AEVA)",US,52336920.0,True,,-1.50116,,0.113,UNVERIFIED,AEVA,yfinance_data_gap,True
Electronics & Semiconductors,Computers/Peripherals,United States,NasdaqCM,AIMD,"Ainos, Inc. (NasdaqCM:AIMD)",US,92748.0,False,,0.0,-1.96303,-0.967,NOT-PROFITABLE,AIMD,,False
Electronics & Semiconductors,Electronics (General),United States,NasdaqCM,AIRG,"Airgain, Inc. (NasdaqCM:AIRG)",US,556668.0,True,,-0.13647,-0.23716,0.006,NOT-PROFITABLE,AIRG,,False
Electronics & Semiconductors,Electronics (Consumer & Office),United States,NasdaqCM,RIME,"Algorhythm Holdings, Inc. (NasdaqCM:RIME)",US,204131.0,False,,-1.76755,-4.00799,18.512,NOT-PROFITABLE,RIME,,True
Electronics & Semiconductors,Semiconductor,United States,NasdaqGS,ALGM,"Allegro MicroSystems, Inc. (NasdaqGS:ALGM)",US,145694127.0,True,,0.01501,0.015269999,0.275,PROFITABLE,ALGM,,True
Electronics & Semiconductors,Semiconductor,United States,NasdaqGS,AOSL,Alpha and Omega Semiconductor Limited (NasdaqGS:AOSL),US,36320752.0,True,,-0.15512,-0.12602,-0.005,NOT-PROFITABLE,AOSL,,False
Electronics & Semiconductors,Electronics (General),United States,OTCPK,ALPP,"Alpine 4 Holdings, Inc. (OTCPK:ALPP)",US,,,,-0.54406,-1.18544,-0.069,NOT-PROFITABLE,ALPP,,False
Electronics & Semiconductors,Telecom. Equipment,United States,OTCPK,ATGN,"Altigen Communications, Inc. (OTCPK:ATGN)",US,,,,0.18135999,,-0.108,UNVERIFIED,ATGN,yfinance_data_gap,False
Electronics & Semiconductors,Semiconductor Equip,United States,OTCPK,AHIX,"Aluf Holdings, Inc. (OTCPK:AHIX)",US,,,,-2.6198902,-0.26588,,NOT-PROFITABLE,AHIX,,False
Electronics & Semiconductors,Computers/Peripherals,United States,TWSE,6933,"Amax Holding Co., Ltd. (TWSE:6933)",US,,,,,,,UNVERIFIED,6933,yfinance_data_gap,False
Electronics & Semiconductors,Semiconductor,United States,NasdaqGS,AMBA,"Ambarella, Inc. (NasdaqGS:AMBA)",US,90514597.0,False,,-0.17185,-0.11816,0.169,NOT-PROFITABLE,AMBA,,True
Electronics & Semiconductors,Semiconductor,United States,NYSE,AMBQ,"Ambiq Micro, Inc. (NYSE:AMBQ)",US,50652991.0,True,,-0.37772,-0.15548,0.897,NOT-PROFITABLE,AMBQ,,True
Electronics & Semiconductors,Telecom. Equipment,United States,OTCPK,ATVK,"Ameritek Ventures, Inc. (OTCPK:ATVK)",US,,False,,0.0,-0.07081,,NOT-PROFITABLE,ATVK,,False
Electronics & Semiconductors,Semiconductor Equip,United States,NasdaqGS,AMKR,"Amkor Technology, Inc. (NasdaqGS:AMKR)",US,479939142.0,True,,0.07448,0.12514,0.256,PROFITABLE,AMKR,,True
Electronics & Semiconductors,Electronics (General),United States,NYSE,APH,Amphenol Corporation (NYSE:APH),US,1426755594.0,True,,0.17729001,0.38115,0.55,PROFITABLE,APH,,True
Electronics & Semiconductors,Electronics (General),United States,NasdaqCM,AMPG,"AmpliTech Group, Inc. (NasdaqCM:AMPG)",US,36875356.0,True,,-0.24821,-0.15899,0.486,NOT-PROFITABLE,AMPG,,True
Electronics & Semiconductors,Semiconductor Equip,United States,NasdaqGS,ASYS,"Amtech Systems, Inc. (NasdaqGS:ASYS)",US,8410224.0,True,,0.048979998,0.047810003,0.145,PROFITABLE,ASYS,,True
Electronics & Semiconductors,Semiconductor,United States,NasdaqGS,ADI,"Analog Devices, Inc. (NasdaqGS:ADI)",US,2036690548.0,True,,0.26007998,0.09639,0.372,PROFITABLE,ADI,,True
Electronics & Semiconductors,Electronics (General),United States,OTCPK,AGTT,"Angstrom Technologies, Inc. (OTCPK:AGTT)",US,,,,-0.70202005,-0.25698,-0.376,NOT-PROFITABLE,AGTT,,False
Electronics & Semiconductors,Semiconductor Equip,United States,NasdaqGS,AMAT,"Applied Materials, Inc. (NasdaqGS:AMAT)",US,6026877423.0,True,,0.29314,0.39692003,0.114,PROFITABLE,AMAT,,True
Electronics & Semiconductors,Telecom. Equipment,United States,NasdaqGM,AAOI,"Applied Optoelectronics, Inc. (NasdaqGM:AAOI)",US,2535714171.0,True,,-0.09568,-0.05449,0.864,NOT-PROFITABLE,AAOI,,True
Electronics & Semiconductors,Telecom. Equipment,United States,NYSE,ANET,"Arista Networks, Inc. (NYSE:ANET)",US,1360602040.0,True,,0.38371,0.31476,0.377,PROFITABLE,ANET,,True
Electronics & Semiconductors,Electronics (General),United States,NYSE,ARLO,"Arlo Technologies, Inc. (NYSE:ARLO)",US,13517817.0,False,,0.052020002,0.22068001,0.205,PROFITABLE,ARLO,,True
Electronics & Semiconductors,Telecom. Equipment,United States,TPEX,3664,Array Inc. (TPEX:3664),US,,,,,,,UNVERIFIED,3664,yfinance_data_gap,False
Electronics & Semiconductors,Electronics (General),United States,OTCPK,AITX,Artificial Intelligence Technology Solutions Inc. (OTCPK:AITX),US,61440.0,False,,-2.02443,,-0.013,UNVERIFIED,AITX,yfinance_data_gap,False
Electronics & Semiconductors,Semiconductor,United States,NasdaqCM,ASTI,"Ascent Solar Technologies, Inc. (NasdaqCM:ASTI)",US,13354912.0,True,,0.0,-0.86578006,4.613,NOT-PROFITABLE,ASTI,,True
Electronics & Semiconductors,Semiconductor,United States,NasdaqGS,ALAB,"Astera Labs, Inc. (NasdaqGS:ALAB)",US,2016256281.0,True,,0.30742002,0.25826,1.045,PROFITABLE,ALAB,,True
Electronics & Semiconductors,Computers/Peripherals,United States,NasdaqGM,ALOT,"AstroNova, Inc. (NasdaqGM:ALOT)",US,1637712.0,True,,-0.00885,-0.01749,0.044,NOT-PROFITABLE,ALOT,,False
Electronics & Semiconductors,Electronics (General),United States,NasdaqCM,ASTC,Astrotech Corporation (NasdaqCM:ASTC),US,12777825.0,True,,0.0,-0.76359004,-0.358,NOT-PROFITABLE,ASTC,,False
Electronics & Semiconductors,Semiconductor Equip,United States,NasdaqCM,ATOM,Atomera Incorporated (NasdaqCM:ATOM),US,10000227.0,True,,0.0,-0.76781,,NOT-PROFITABLE,ATOM,,False
Electronics & Semiconductors,Electronics (General),United States,OTCPK,AATC,Autoscope Technologies Corporation (OTCPK:AATC),US,20166.0,False,,0.16011,0.13643,-0.022,PROFITABLE,AATC,,False
Electronics & Semiconductors,Telecom. Equipment,United States,NasdaqGS,AVNW,"Aviat Networks, Inc. (NasdaqGS:AVNW)",US,2897970.0,False,,0.02076,0.034140002,-0.112,PROFITABLE,AVNW,,False
Electronics & Semiconductors,Semiconductor Equip,United States,NasdaqGS,ACLS,"Axcelis Technologies, Inc. (NasdaqGS:ACLS)",US,102862241.0,True,,0.10714,0.088870004,0.106,PROFITABLE,ACLS,,True
Electronics & Semiconductors,Telecom. Equipment,United States,NYSEAM,BKTI,BK Technologies Corporation (NYSEAM:BKTI),US,3604154.0,True,,0.16028999,0.35379001,0.118,PROFITABLE,BKTI,,True
Electronics & Semiconductors,Electronics (General),United States,NYSE,BMI,"Badger Meter, Inc. (NYSE:BMI)",US,60271964.0,False,,0.14269,0.1848,-0.066,PROFITABLE,BMI,,False
Electronics & Semiconductors,Electronics (General),United States,NasdaqGS,BELF.A,Bel Fuse Inc. (NasdaqGS:BELF.A),US,,,,,,,UNVERIFIED,BELF.A,yfinance_data_gap,False
Electronics & Semiconductors,Electronics (General),United States,NYSE,BDC,Belden Inc. (NYSE:BDC),US,65452896.0,False,,0.08522,0.18643999,0.116,PROFITABLE,BDC,,True
Electronics & Semiconductors,Electronics (General),United States,NYSE,BHE,"Benchmark Electronics, Inc. (NYSE:BHE)",US,38617928.0,True,,0.018860001,0.047810003,0.177,PROFITABLE,BHE,,True
Electronics & Semiconductors,Semiconductor,United States,NasdaqGM,BZAI,"Blaize Holdings, Inc. (NasdaqGM:BZAI)",US,6910227.0,False,,-2.02651,-3.88073,1.719,NOT-PROFITABLE,BZAI,,True
Electronics & Semiconductors,Telecom. Equipment,United States,OTCPK,BDRL.Q,"Blonder Tongue Laboratories, Inc. (OTCPK:BDRL.Q)",US,,,,,,,UNVERIFIED,BDRL.Q,yfinance_data_gap,False
Electronics & Semiconductors,Computers/Peripherals,United States,NasdaqCM,BOXL,Boxlight Corporation (NasdaqCM:BOXL),US,97577.0,False,,-0.24795,-5.07198,0.001,NOT-PROFITABLE,BOXL,,False
Electronics & Semiconductors,Telecom. Equipment,United States,OTCPK,BDCM,"Broadcast Marketing Group, Inc. (OTCPK:BDCM)",US,,,,0.0,,,UNVERIFIED,BDCM,yfinance_data_gap,False
Electronics & Semiconductors,Semiconductor,United States,NasdaqGS,CEVA,"CEVA, Inc. (NasdaqGS:CEVA)",US,42469205.0,True,,-0.094840005,-0.03622,0.131,NOT-PROFITABLE,CEVA,,True
Electronics & Semiconductors,Computers/Peripherals,United States,NasdaqGM,PMTS,CPI Card Group Inc. (NasdaqGM:PMTS),US,743487.0,True,,0.02342,,0.15,UNVERIFIED,PMTS,yfinance_data_gap,True
Electronics & Semiconductors,Electronics (General),United States,NasdaqCM,CPSH,CPS Technologies Corporation (NasdaqCM:CPSH),US,14744224.0,True,,-0.0011100001,-0.00148,0.029,NOT-PROFITABLE,CPSH,,False
Electronics & Semiconductors,Electronics (General),United States,NYSE,CTS,CTS Corporation (NYSE:CTS),US,22276233.0,True,,0.12368,0.12429,0.07,PROFITABLE,CTS,,False
Electronics & Semiconductors,Semiconductor Equip,United States,NasdaqCM,CVV,CVD Equipment Corporation (NasdaqCM:CVV),US,617572.0,True,,-0.16941,-0.1251,-0.709,NOT-PROFITABLE,CVV,,False
Electronics & Semiconductors,Telecom. Equipment,United States,NYSE,CALX,"Calix, Inc. (NYSE:CALX)",US,39986179.0,False,,0.04607,0.06905,0.213,PROFITABLE,CALX,,True
Electronics & Semiconductors,Telecom. Equipment,United States,NasdaqGM,CMBM,Cambium Networks Corporation (NasdaqGM:CMBM),US,,,,,,,UNVERIFIED,CMBM,yfinance_data_gap,False
Electronics & Semiconductors,Electronics (General),United States,OTCPK,CVAT,"Cavitation Technologies, Inc. (OTCPK:CVAT)",US,3747.0,False,,0.0,,-0.975,UNVERIFIED,CVAT,yfinance_data_gap,False
Electronics & Semiconductors,Electronics (General),United States,NasdaqCM,CETX,"Cemtrex, Inc. (NasdaqCM:CETX)",US,275008.0,False,,-0.39666,-1.3205,-0.337,NOT-PROFITABLE,CETX,,False
Electronics & Semiconductors,Telecom. Equipment,United States,NYSE,CIEN,Ciena Corporation (NYSE:CIEN),US,1766820275.0,True,,0.0787,0.15464,0.395,PROFITABLE,CIEN,,True
Electronics & Semiconductors,Semiconductor,United States,NasdaqGS,CRUS,"Cirrus Logic, Inc. (NasdaqGS:CRUS)",US,87530087.0,True,,0.21004999,0.20903999,0.129,PROFITABLE,CRUS,,True
Electronics & Semiconductors,Telecom. Equipment,United States,NasdaqGS,CSCO,"Cisco Systems, Inc. (NasdaqGS:CSCO)",US,2954008299.0,True,,0.19685,0.25229,0.12,PROFITABLE,CSCO,,True
Electronics & Semiconductors,Telecom. Equipment,United States,NasdaqCM,CLRO,"ClearOne, Inc. (NasdaqCM:CLRO)",US,29905.0,False,,0.0,-0.46493,,NOT-PROFITABLE,CLRO,,False
Electronics & Semiconductors,Telecom. Equipment,United States,NasdaqGM,CLFD,"Clearfield, Inc. (NasdaqGM:CLFD)",US,9926498.0,True,,-0.04699,0.01561,0.132,NOT-PROFITABLE,CLFD,,True
Electronics & Semiconductors,Telecom. Equipment,United States,OTCPK,CLRI,"Cleartronic, Inc. (OTCPK:CLRI)",US,,False,,0.03976,,0.186,UNVERIFIED,CLRI,yfinance_data_gap,True
Electronics & Semiconductors,Electronics (General),United States,NasdaqCM,CODA,"Coda Octopus Group, Inc. (NasdaqCM:CODA)",US,1455336.0,False,,0.17663,0.08417,-0.016,PROFITABLE,CODA,,False
Electronics & Semiconductors,Electronics (General),United States,NasdaqGS,CGNX,Cognex Corporation (NasdaqGS:CGNX),US,125177916.0,True,,0.16051,0.111490004,0.169,PROFITABLE,CGNX,,True
Electronics & Semiconductors,Electronics (General),United States,NYSE,COHR,Coherent Corp. (NYSE:COHR),US,2260769636.0,True,,0.07102,0.04718,0.205,PROFITABLE,COHR,,True
Electronics & Semiconductors,Semiconductor Equip,United States,NasdaqGS,COHU,"Cohu, Inc. (NasdaqGS:COHU)",US,90113314.0,True,,-0.07427,-0.04836,0.384,NOT-PROFITABLE,COHU,,True
Electronics & Semiconductors,Telecom. Equipment,United States,NasdaqGS,COMM,"CommScope Holding Company, Inc. (NasdaqGS:COMM)",US,,,,,,,UNVERIFIED,COMM,yfinance_data_gap,False
Electronics & Semiconductors,Computers/Peripherals,United States,NYSE,CMPO,"CompoSecure, Inc. (NYSE:CMPO)",US,,,,,,,UNVERIFIED,CMPO,yfinance_data_gap,False
Electronics & Semiconductors,Telecom. Equipment,United States,NasdaqGS,CMTL,Comtech Telecommunications Corp. (NasdaqGS:CMTL),US,2222888.0,False,,-0.055170003,-0.09132,-0.164,NOT-PROFITABLE,CMTL,,False
Electronics & Semiconductors,Telecom. Equipment,United States,NasdaqCM,CHAI,"Core AI Holdings, Inc. (NasdaqCM:CHAI)",US,437647.0,False,,-0.78923,-13.06237,-0.74,NOT-PROFITABLE,CHAI,,False
Electronics & Semiconductors,Electronics (General),United States,NYSE,GLW,Corning Incorporated (NYSE:GLW),US,2626050682.0,True,,0.111999996,0.16813,0.166,PROFITABLE,GLW,,True
Electronics & Semiconductors,Computers/Peripherals,United States,NasdaqGS,CRSR,"Corsair Gaming, Inc. (NasdaqGS:CRSR)",US,20752374.0,True,,0.02535,0.05845,-0.018,PROFITABLE,CRSR,,False
Electronics & Semiconductors,Electronics (General),United States,NYSE,CXT,"Crane NXT, Co. (NYSE:CXT)",US,42286817.0,False,,0.07782,0.11484,0.22,PROFITABLE,CXT,,True
Electronics & Semiconductors,Electronics (General),United States,OTCPK,CYCA,Cytta Corp. (OTCPK:CYCA),US,,,,625.86,1.2556701,-0.5,PROFITABLE,CYCA,,False
Electronics & Semiconductors,Electronics (General),United States,NasdaqGS,DAKT,"Daktronics, Inc. (NasdaqGS:DAKT)",US,7746477.0,False,,0.0541,0.15847,0.209,PROFITABLE,DAKT,,True
Electronics & Semiconductors,Electronics (General),United States,OTCPK,DPLS,"DarkPulse, Inc. (OTCPK:DPLS)",US,29052.0,False,,0.0,,-0.869,UNVERIFIED,DPLS,yfinance_data_gap,False
Electronics & Semiconductors,Electronics (General),United States,NasdaqCM,DAIO,Data I/O Corporation (NasdaqCM:DAIO),US,254742.0,True,,-0.432,-0.57296,-0.474,NOT-PROFITABLE,DAIO,,False
Electronics & Semiconductors,Semiconductor,United States,NasdaqCM,DVLT,Datavault AI Inc. (NasdaqCM:DVLT),US,11492270.0,False,,-2.92678,-0.81244004,4.431,NOT-PROFITABLE,DVLT,,True
Electronics & Semiconductors,Computers/Peripherals,United States,NYSE,DELL,Dell Technologies Inc. (NYSE:DELL),US,3834325568.0,True,,0.062750004,,0.875,UNVERIFIED,DELL,yfinance_data_gap,True
Electronics & Semiconductors,Computers/Peripherals,United States,NYSE,DBD,"Diebold Nixdorf, Incorporated (NYSE:DBD)",US,22795519.0,True,,0.028719999,0.10944,0.017,PROFITABLE,DBD,,False
Electronics & Semiconductors,Telecom. Equipment,United States,NasdaqGS,DGII,Digi International Inc. (NasdaqGS:DGII),US,21291710.0,True,,0.096269995,0.07459,0.29,PROFITABLE,DGII,,True
Electronics & Semiconductors,Electronics (General),United States,NasdaqCM,DGLY,"Digital Ally, Inc. (NasdaqCM:DGLY)",US,,,,,,,UNVERIFIED,DGLY,yfinance_data_gap,False
Electronics & Semiconductors,Semiconductor,United States,NasdaqGS,DIOD,Diodes Incorporated (NasdaqGS:DIOD),US,54259016.0,True,,0.05266,0.04684,0.217,PROFITABLE,DIOD,,True
Electronics & Semiconductors,Telecom. Equipment,United States,CNSX,DCSI,"Direct Communication Solutions, Inc. (CNSX:DCSI)",US,,,,,,,UNVERIFIED,DCSI,yfinance_data_gap,False
Electronics & Semiconductors,Computers/Peripherals,United States,NYSE,KODK,Eastman Kodak Company (NYSE:KODK),US,10025593.0,True,,-0.08282,-0.12991999,0.183,NOT-PROFITABLE,KODK,,True
Electronics & Semiconductors,Electronics (General),United States,NasdaqCM,ELSE,"Electro-Sensors, Inc. (NasdaqCM:ELSE)",US,27245.0,True,,0.024230001,0.0174,0.152,PROFITABLE,ELSE,,True
Electronics & Semiconductors,Electronics (Consumer & Office),United States,NYSEAM,MSN,Emerson Radio Corp. (NYSEAM:MSN),US,54271.0,False,,-0.68146,-0.22229,-0.172,NOT-PROFITABLE,MSN,,False
Electronics & Semiconductors,Semiconductor Equip,United States,NasdaqGM,ENPH,"Enphase Energy, Inc. (NasdaqGM:ENPH)",US,328619001.0,True,,0.100880004,0.12996,-0.196,PROFITABLE,ENPH,,False
Electronics & Semiconductors,Semiconductor Equip,United States,NasdaqGS,ENTG,"Entegris, Inc. (NasdaqGS:ENTG)",US,544422143.0,True,,0.091850005,0.07671,0.115,PROFITABLE,ENTG,,True
Electronics & Semiconductors,Telecom. Equipment,United States,OTCPK,NTRX,"Entrex Carbon Market, Inc (OTCPK:NTRX)",US,,True,,0.0,-3.4670498,,NOT-PROFITABLE,NTRX,,False
Electronics & Semiconductors,Semiconductor,United States,NasdaqGM,MRAM,"Everspin Technologies, Inc. (NasdaqGM:MRAM)",US,57958657.0,True,,-0.042179998,-0.03842,0.419,NOT-PROFITABLE,MRAM,,True
Electronics & Semiconductors,Electronics (General),United States,NasdaqCM,EVLV,"Evolv Technologies Holdings, Inc. (NasdaqCM:EVLV)",US,14356099.0,False,,-0.22754,-0.30164,0.447,NOT-PROFITABLE,EVLV,,True
Electronics & Semiconductors,Telecom. Equipment,United States,NasdaqGS,EXTR,"Extreme Networks, Inc. (NasdaqGS:EXTR)",US,60691073.0,True,,0.03281,0.54638,0.103,PROFITABLE,EXTR,,True
Electronics & Semiconductors,Telecom. Equipment,United States,NasdaqGS,FFIV,"F5, Inc. (NasdaqGS:FFIV)",US,213442951.0,True,,0.21952999,0.1983,0.109,PROFITABLE,FFIV,,True
Electronics & Semiconductors,Semiconductor,United States,NasdaqGS,FSLR,"First Solar, Inc. (NasdaqGS:FSLR)",US,640807859.0,True,,0.32465,0.18509,-0.037,PROFITABLE,FSLR,,False
Electronics & Semiconductors,Electronics (General),United States,NasdaqGS,FLEX,Flex Ltd. (NasdaqGS:FLEX),US,937784044.0,True,,0.03325,0.18378,0.206,PROFITABLE,FLEX,,True
Electronics & Semiconductors,Electronics (General),United States,OTCPK,FLXT,"Flexpoint Sensor Systems, Inc. (OTCPK:FLXT)",US,,,,0.0,-4.61497,1.402,NOT-PROFITABLE,FLXT,,True
Electronics & Semiconductors,Computers/Peripherals,United States,OTCPK,FKST,"Flowerkist Skin Care and Cosmetics, Inc. (OTCPK:FKST)",US,,,,,,,UNVERIFIED,FKST,yfinance_data_gap,False
Electronics & Semiconductors,Electronics (General),United States,NasdaqCM,FCUV,Focus Universal Inc. (NasdaqCM:FCUV),US,169336.0,False,,0.0,-1.04783,-0.748,NOT-PROFITABLE,FCUV,,False
Electronics & Semiconductors,Semiconductor Equip,United States,NasdaqGS,FORM,"FormFactor, Inc. (NasdaqGS:FORM)",US,186410920.0,True,,0.12798001,0.10989001,0.319,PROFITABLE,FORM,,True
Electronics & Semiconductors,Telecom. Equipment,United States,OTCPK,FRTN,Fortran Corporation (OTCPK:FRTN),US,,,,-0.02185,-0.21069999,-0.589,NOT-PROFITABLE,FRTN,,False
Electronics & Semiconductors,Electronics (General),United States,NasdaqCM,FWDI,"Forward Industries, Inc. (NasdaqCM:FWDI)",US,5179510.0,False,,0.0,-3.7298598,3.15,NOT-PROFITABLE,FWDI,,True
Electronics & Semiconductors,Computers/Peripherals,United States,NasdaqCM,FOXX,Foxx Development Holdings Inc. (NasdaqCM:FOXX),US,163802.0,False,,-0.79801005,,-0.239,UNVERIFIED,FOXX,yfinance_data_gap,False
Electronics & Semiconductors,Telecom. Equipment,United States,NasdaqCM,FKWL,Franklin Wireless Corp. (NasdaqCM:FKWL),US,88659.0,False,,-0.02073,-0.02145,-0.57,NOT-PROFITABLE,FKWL,,False
Electronics & Semiconductors,Electronics (General),United States,NasdaqGM,FEIM,"Frequency Electronics, Inc. (NasdaqGM:FEIM)",US,12189200.0,True,,-0.01428,-0.01612,-0.23,NOT-PROFITABLE,FEIM,,False
Electronics & Semiconductors,Semiconductor,United States,NYSE,GCTS,"GCT Semiconductor Holding, Inc. (NYSE:GCTS)",US,11675183.0,True,,0.0,,-0.179,UNVERIFIED,GCTS,yfinance_data_gap,False
Electronics & Semiconductors,Semiconductor,United States,OTCPK,GMZP,GEMZ Corporation (OTCPK:GMZP),US,2076.0,True,,0.0,,,UNVERIFIED,GMZP,yfinance_data_gap,False
Electronics & Semiconductors,Semiconductor,United States,NasdaqGS,GSIT,"GSI Technology, Inc. (NasdaqGS:GSIT)",US,9543777.0,False,,-0.62904,-0.24475999,0.005,NOT-PROFITABLE,GSIT,,False
Electronics & Semiconductors,Telecom. Equipment,United States,NasdaqCM,GNSS,Genasys Inc. (NasdaqCM:GNSS),US,224153.0,False,,-0.13437,-1.4415401,1.237,NOT-PROFITABLE,GNSS,,True
Electronics & Semiconductors,Electronics (General),United States,OTCPK,RSKI.A,"George Risk Industries, Inc. (OTCPK:RSKI.A)",US,,,,,,,UNVERIFIED,RSKI.A,yfinance_data_gap,False
Electronics & Semiconductors,Semiconductor,United States,NasdaqGS,GFS,GlobalFoundries Inc. (NasdaqGS:GFS),US,279172375.0,True,,0.103199996,0.061690003,0.058,PROFITABLE,GFS,,False
Electronics & Semiconductors,Electronics (Consumer & Office),United States,NasdaqGS,GPRO,"GoPro, Inc. (NasdaqGS:GPRO)",US,5360246.0,False,,-0.28523,-4.97152,-0.313,NOT-PROFITABLE,GPRO,,False
Electronics & Semiconductors,Semiconductor,United States,OTCPK,GUER,"Guerrilla RF, Inc. (OTCPK:GUER)",US,7693.0,True,,-0.09355,-0.59975,0.478,NOT-PROFITABLE,GUER,,True
Electronics & Semiconductors,Computers/Peripherals,United States,NYSE,HPQ,HP Inc. (NYSE:HPQ),US,428368501.0,True,,0.044460002,,0.09,UNVERIFIED,HPQ,yfinance_data_gap,False
Electronics & Semiconductors,Telecom. Equipment,United States,NasdaqGS,HLIT,Harmonic Inc. (NasdaqGS:HLIT),US,43213307.0,True,,-0.105550006,0.0212,0.434,NOT-PROFITABLE,HLIT,,True
Electronics & Semiconductors,Computers/Peripherals,United States,OTCPK,HAUP,Hauppauge Digital Inc. (OTCPK:HAUP),US,,,,-0.24319,,-0.44,UNVERIFIED,HAUP,yfinance_data_gap,False
Electronics & Semiconductors,Computers/Peripherals,United States,OTCPK,HLOC,Helo Corp. (OTCPK:HLOC),US,,,,-0.093109995,-4.11085,0.902,NOT-PROFITABLE,HLOC,,True
Electronics & Semiconductors,Computers/Peripherals,United States,NYSE,HPE,Hewlett Packard Enterprise Company (NYSE:HPE),US,1498366932.0,True,,0.040110003,0.06315,0.4,PROFITABLE,HPE,,True
Electronics & Semiconductors,Electronics (General),United States,OTCPK,HSCC,Homeland Security Corporation (OTCPK:HSCC),US,,,,0.0,,,UNVERIFIED,HSCC,yfinance_data_gap,False
Electronics & Semiconductors,Electronics (General),United States,OTCPK,HPNN,Hop-On Inc. (OTCPK:HPNN),US,,,,-0.17081,,6.032,UNVERIFIED,HPNN,yfinance_data_gap,True
Electronics & Semiconductors,Electronics (General),United States,OTCPK,IEHC,IEH Corporation (OTCPK:IEHC),US,31015.0,True,,0.00037,0.00053,0.589,PROFITABLE,IEHC,,True
Electronics & Semiconductors,Electronics (General),United States,NasdaqGS,IPGP,IPG Photonics Corporation (NasdaqGS:IPGP),US,43440808.0,True,,0.02577,0.01302,0.111,PROFITABLE,IPGP,,True
Electronics & Semiconductors,Semiconductor Equip,United States,NasdaqGS,ICHR,"Ichor Holdings, Ltd. (NasdaqGS:ICHR)",US,92035092.0,True,,-0.03974,-0.051659998,0.227,NOT-PROFITABLE,ICHR,,True
Electronics & Semiconductors,Electronics (General),United States,NasdaqCM,INVE,"Identiv, Inc. (NasdaqCM:INVE)",US,321982.0,False,,-0.70518,-0.11585,0.407,NOT-PROFITABLE,INVE,,True
Electronics & Semiconductors,Computers/Peripherals,United States,NasdaqGS,IMMR,Immersion Corporation (NasdaqGS:IMMR),US,3730172.0,True,,0.00261,0.01636,-0.052,PROFITABLE,IMMR,,False
Electronics & Semiconductors,Semiconductor,United States,NasdaqGS,PI,"Impinj, Inc. (NasdaqGS:PI)",US,54543378.0,False,,-0.07265,-0.12875,0.107,NOT-PROFITABLE,PI,,True
Electronics & Semiconductors,Telecom. Equipment,United States,OTCPK,IFXY,"Infrax Systems, Inc. (OTCPK:IFXY)",US,,,,0.0,,,UNVERIFIED,IFXY,yfinance_data_gap,False
Electronics & Semiconductors,Telecom. Equipment,United States,NasdaqGS,INSG,Inseego Corp. (NasdaqGS:INSG),US,3271106.0,False,,-0.06415,,0.094,UNVERIFIED,INSG,yfinance_data_gap,False
Electronics & Semiconductors,Semiconductor,United States,OTCPK,INSS.F,Inspire Semiconductor Holdings Inc. (OTCPK:INSS.F),US,,,,,,,UNVERIFIED,INSS.F,yfinance_data_gap,False
Electronics & Semiconductors,Semiconductor,United States,TPEX,4971,IntelliEPI Inc. (Cayman) (TPEX:4971),US,,,,,,,UNVERIFIED,4971,yfinance_data_gap,False
Electronics & Semiconductors,Electronics (General),United States,NasdaqCM,LINK,"Interlink Electronics, Inc. (NasdaqCM:LINK)",US,147249.0,False,,-0.09333,-0.124069996,0.154,NOT-PROFITABLE,LINK,,True
Electronics & Semiconductors,Computers/Peripherals,United States,NYSE,IONQ,"IonQ, Inc. (NYSE:IONQ)",US,1594107358.0,False,,0.0,-0.60483,2.868,NOT-PROFITABLE,IONQ,,True
Electronics & Semiconductors,Electronics (General),United States,OTCPK,IOMT,Isomet Corp. (OTCPK:IOMT),US,,,,-0.23343,-0.102790006,-0.13,NOT-PROFITABLE,IOMT,,False
Electronics & Semiconductors,Electronics (General),United States,NasdaqGS,ITRI,"Itron, Inc. (NasdaqGS:ITRI)",US,47979446.0,False,,0.11895,0.16885,-0.072,PROFITABLE,ITRI,,False
Electronics & Semiconductors,Electronics (General),United States,NYSE,JBL,Jabil Inc. (NYSE:JBL),US,541929191.0,True,,0.02566,0.65876,0.118,PROFITABLE,JBL,,True
Electronics & Semiconductors,Semiconductor Equip,United States,NasdaqGS,KLAC,KLA Corporation (NasdaqGS:KLAC),US,3154480105.0,True,,0.35574,0.87496,0.152,PROFITABLE,KLAC,,True
Electronics & Semiconductors,Telecom. Equipment,United States,NasdaqGS,KVHI,"KVH Industries, Inc. (NasdaqGS:KVHI)",US,2807356.0,True,,-0.04681,-0.04354,0.267,NOT-PROFITABLE,KVHI,,True
Electronics & Semiconductors,Electronics (General),United States,NasdaqGM,KTCC,Key Tronic Corporation (NasdaqGM:KTCC),US,75244.0,True,,-0.04397,-0.15604,-0.2,NOT-PROFITABLE,KTCC,,False
Electronics & Semiconductors,Electronics (General),United States,NYSE,KEYS,"Keysight Technologies, Inc. (NYSE:KEYS)",US,461218254.0,True,,0.17312999,0.18174,0.315,PROFITABLE,KEYS,,True
Electronics & Semiconductors,Electronics (General),United States,NasdaqGS,KE,"Kimball Electronics, Inc. (NasdaqGS:KE)",US,4027339.0,False,,0.018070001,0.046230003,-0.058,PROFITABLE,KE,,False
Electronics & Semiconductors,Electronics (General),United States,NYSE,KN,Knowles Corporation (NYSE:KN),US,41342889.0,True,,0.106300004,0.094969995,0.143,PROFITABLE,KN,,True
Electronics & Semiconductors,Semiconductor,United States,NasdaqCM,KOPN,Kopin Corporation (NasdaqCM:KOPN),US,33698965.0,True,,0.050029997,0.044180002,0.001,PROFITABLE,KOPN,,False
Electronics & Semiconductors,Electronics (Consumer & Office),United States,NasdaqCM,KOSS,Koss Corporation (NasdaqCM:KOSS),US,88228.0,False,,-0.08574,-0.03645,0.016,NOT-PROFITABLE,KOSS,,False
Electronics & Semiconductors,Semiconductor Equip,United States,NasdaqGS,LRCX,Lam Research Corporation (NasdaqGS:LRCX),US,4476540856.0,True,,0.31272,0.65066004,0.3,PROFITABLE,LRCX,,True
Electronics & Semiconductors,Telecom. Equipment,United States,NasdaqCM,LTRX,"Lantronix, Inc. (NasdaqCM:LTRX)",US,7614586.0,False,,-0.055180002,-0.08727,0.059,NOT-PROFITABLE,LTRX,,False
Electronics & Semiconductors,Semiconductor,United States,NasdaqGS,LSCC,Lattice Semiconductor Corporation (NasdaqGS:LSCC),US,259309905.0,True,,0.05579,0.04927,0.622,PROFITABLE,LSCC,,True
Electronics & Semiconductors,Electronics (General),United States,OTCPK,LCTC,"Lifeloc Technologies, Inc. (OTCPK:LCTC)",US,359.0,True,,-0.25768,-0.45549,0.007,NOT-PROFITABLE,LCTC,,False
Electronics & Semiconductors,Electronics (General),United States,NasdaqCM,LPTH,"LightPath Technologies, Inc. (NasdaqCM:LPTH)",US,54452805.0,True,,-0.37375998,-0.28785,1.089,NOT-PROFITABLE,LPTH,,True
Electronics & Semiconductors,Electronics (General),United States,NasdaqCM,LWLG,"Lightwave Logic, Inc. (NasdaqCM:LWLG)",US,47339594.0,True,,0.0,-0.38839,0.273,NOT-PROFITABLE,LWLG,,True
Electronics & Semiconductors,Electronics (General),United States,NasdaqGS,LFUS,"Littelfuse, Inc. (NasdaqGS:LFUS)",US,136405903.0,True,,-0.00308,-0.0030899998,0.204,NOT-PROFITABLE,LFUS,,True
Electronics & Semiconductors,Electronics (Consumer & Office),United States,OTCPK,LBAS,"Location Based Technologies, Inc. (OTCPK:LBAS)",US,,,,-2.01577,,0.213,UNVERIFIED,LBAS,yfinance_data_gap,True
Electronics & Semiconductors,Telecom. Equipment,United States,NasdaqGS,LITE,Lumentum Holdings Inc. (NasdaqGS:LITE),US,5377550489.0,True,,0.17678,0.22834998,0.901,PROFITABLE,LITE,,True
Electronics & Semiconductors,Electronics (General),United States,OTCPK,LUNA,Luna Innovations Incorporated (OTCPK:LUNA),US,,,,-0.01821,-0.0123000005,0.053,NOT-PROFITABLE,LUNA,,False
Electronics & Semiconductors,Electronics (General),United States,NYSEAM,MPTI,"M-tron Industries, Inc. (NYSEAM:MPTI)",US,11646653.0,True,,0.16329001,0.17334999,0.153,PROFITABLE,MPTI,,True
Electronics & Semiconductors,Semiconductor,United States,NasdaqGS,MTSI,"MACOM Technology Solutions Holdings, Inc. (NasdaqGS:MTSI)",US,635710240.0,True,,0.20698999,0.17184,0.358,PROFITABLE,MTSI,,True
Electronics & Semiconductors,Semiconductor Equip,United States,NasdaqGS,MKSI,MKS Inc. (NasdaqGS:MKSI),US,388580832.0,True,,0.10099,0.15845999,0.283,PROFITABLE,MKSI,,True
Electronics & Semiconductors,Electronics (General),United States,OTCPK,MMMW,"Mass Megawatts Wind Power, Inc. (OTCPK:MMMW)",US,,False,,0.0,,,UNVERIFIED,MMMW,yfinance_data_gap,False
Electronics & Semiconductors,Semiconductor,United States,NasdaqGS,MXL,"MaxLinear, Inc. (NasdaqGS:MXL)",US,337859534.0,True,,-0.18238,-0.21324,0.552,NOT-PROFITABLE,MXL,,True
Electronics & Semiconductors,Electronics (General),United States,NYSE,MEI,"Methode Electronics, Inc. (NYSE:MEI)",US,6690331.0,True,,-0.03503,-0.05209,0.159,NOT-PROFITABLE,MEI,,True
Electronics & Semiconductors,Electronics (General),United States,NasdaqGM,MVIS,"MicroVision, Inc. (NasdaqGM:MVIS)",US,3202914.0,False,,0.0,-2.33742,8.503,NOT-PROFITABLE,MVIS,,True
Electronics & Semiconductors,Semiconductor,United States,NasdaqGS,MCHP,Microchip Technology Incorporated (NasdaqGS:MCHP),US,1125103659.0,True,,0.0934,0.0719,0.38,PROFITABLE,MCHP,,True
Electronics & Semiconductors,Telecom. Equipment,United States,OTCPK,MFCO,"Microwave Filter Company, Inc. (OTCPK:MFCO)",US,,,,-0.12045,-0.17627001,0.444,NOT-PROFITABLE,MFCO,,True
Electronics & Semiconductors,Electronics (General),United States,NYSE,MIR,"Mirion Technologies, Inc. (NYSE:MIR)",US,71917298.0,False,,0.0239,0.01511,0.197,PROFITABLE,MIR,,True
Electronics & Semiconductors,Semiconductor,United States,NasdaqCM,MOBX,"Mobix Labs, Inc. (NasdaqCM:MOBX)",US,1685932.0,False,,0.0,-8.70339,-0.614,NOT-PROFITABLE,MOBX,,False
Electronics & Semiconductors,Semiconductor,United States,NasdaqGS,MPWR,"Monolithic Power Systems, Inc. (NasdaqGS:MPWR)",US,1433335004.0,True,,0.24500999,0.21979,0.476,PROFITABLE,MPWR,,True
Electronics & Semiconductors,Telecom. Equipment,United States,NYSE,MSI,"Motorola Solutions, Inc. (NYSE:MSI)",US,442451582.0,False,,0.17438999,0.91567004,0.133,PROFITABLE,MSI,,True
Electronics & Semiconductors,Computers/Peripherals,United States,NasdaqCM,MOVE,Movano Inc. (NasdaqCM:MOVE),US,759476.0,True,,-1.26168,,1.476,UNVERIFIED,MOVE,yfinance_data_gap,True
Electronics & Semiconductors,Electronics (General),United States,OTCPK,MVLA,Movella Holdings Inc. (OTCPK:MVLA),US,,,,-0.45,-0.26064,-0.025,NOT-PROFITABLE,MVLA,,False
Electronics & Semiconductors,Electronics (General),United States,NasdaqCM,MSAI,"MultiSensor AI Holdings, Inc. (NasdaqCM:MSAI)",US,478099.0,False,,-1.6260201,-0.45728,0.379,NOT-PROFITABLE,MSAI,,True
Electronics & Semiconductors,Telecom. Equipment,United States,NasdaqGS,NTGR,"NETGEAR, Inc. (NasdaqGS:NTGR)",US,9621644.0,False,,-0.03709,-0.05258,-0.012,NOT-PROFITABLE,NTGR,,False
Electronics & Semiconductors,Semiconductor,United States,NasdaqCM,NVEC,NVE Corporation (NasdaqCM:NVEC),US,21174848.0,True,,0.57637,0.29813,0.807,PROFITABLE,NVEC,,True
Electronics & Semiconductors,Semiconductor,United States,OTCPK,OPVS,NanoFlex Power Corporation (OTCPK:OPVS),US,,,,0.0,,-0.314,UNVERIFIED,OPVS,yfinance_data_gap,False
Electronics & Semiconductors,Electronics (General),United States,NasdaqGS,NSSC,"Napco Security Technologies, Inc. (NasdaqGS:NSSC)",US,17532937.0,False,,0.18705,0.21744,0.076,PROFITABLE,NSSC,,False
Electronics & Semiconductors,Semiconductor,United States,NasdaqGM,NVTS,Navitas Semiconductor Corporation (NasdaqGM:NVTS),US,625464416.0,True,,0.0,-0.52601004,-0.273,NOT-PROFITABLE,NVTS,,False
Electronics & Semiconductors,Semiconductor,United States,OTCPK,NMGC,NeoMagic Corporation (OTCPK:NMGC),US,,,,-1.6,,-0.21,UNVERIFIED,NMGC,yfinance_data_gap,False
Electronics & Semiconductors,Computers/Peripherals,United States,NasdaqGS,NTAP,"NetApp, Inc. (NasdaqGS:NTAP)",US,508168696.0,True,,0.18426001,1.06734,0.125,PROFITABLE,NTAP,,True
Electronics & Semiconductors,Telecom. Equipment,United States,NasdaqGS,NTCT,"NetScout Systems, Inc. (NasdaqGS:NTCT)",US,25504447.0,True,,0.13706,0.0754,0.127,PROFITABLE,NTCT,,True
Electronics & Semiconductors,Electronics (General),United States,OTCPK,NLST,"Netlist, Inc. (OTCPK:NLST)",US,3943903.0,True,,0.0023700001,0.09726,1.634,PROFITABLE,NLST,,True
Electronics & Semiconductors,Telecom. Equipment,United States,NYSEAM,NTIP,"Network-1 Technologies, Inc. (NYSEAM:NTIP)",US,35963.0,True,,0.0,-0.06921,,NOT-PROFITABLE,NTIP,,False
Electronics & Semiconductors,Electronics (General),United States,OTCPK,NXTN,"Next10, Inc. (OTCPK:NXTN)",US,,,,0.0,-5.44837,-0.754,NOT-PROFITABLE,NXTN,,False
Electronics & Semiconductors,Electronics (General),United States,NasdaqCM,NSYS,Nortech Systems Incorporated (NasdaqCM:NSYS),US,397909.0,True,,0.00846,0.0305,0.127,PROFITABLE,NSYS,,True
Electronics & Semiconductors,Electronics (General),United States,NasdaqGS,NOVT,Novanta Inc. (NasdaqGS:NOVT),US,86936473.0,True,,0.05998,0.051090002,0.103,PROFITABLE,NOVT,,True
Electronics & Semiconductors,Semiconductor,United States,NasdaqGS,ON,ON Semiconductor Corporation (NasdaqGS:ON),US,1387849767.0,True,,0.10168,0.08312,0.092,PROFITABLE,ON,,False
Electronics & Semiconductors,Electronics (General),United States,NasdaqGS,OSIS,"OSI Systems, Inc. (NasdaqGS:OSIS)",US,55561304.0,False,,0.08424,0.17165,0.02,PROFITABLE,OSIS,,False
Electronics & Semiconductors,Telecom. Equipment,United States,OTCPK,ONCI,"On4 Communications, Inc. (OTCPK:ONCI)",US,,,,0.0,,-0.938,UNVERIFIED,ONCI,yfinance_data_gap,False
Electronics & Semiconductors,Telecom. Equipment,United States,NasdaqCM,ONDS,Ondas Holdings Inc. (NasdaqCM:ONDS),US,562259735.0,False,,2.5192,0.42948002,10.799,PROFITABLE,ONDS,,True
Electronics & Semiconductors,Computers/Peripherals,United States,NasdaqCM,OSS,"One Stop Systems, Inc. (NasdaqCM:OSS)",US,21919512.0,True,,0.033269998,-0.18591,0.623,NOT-PROFITABLE,OSS,,True
Electronics & Semiconductors,Semiconductor Equip,United States,NYSE,ONTO,Onto Innovation Inc. (NYSE:ONTO),US,372736938.0,True,,0.11838,0.06825,0.353,PROFITABLE,ONTO,,True
Electronics & Semiconductors,Telecom. Equipment,United States,NasdaqGM,OCC,Optical Cable Corporation (NasdaqGM:OCC),US,10231150.0,True,,0.01286,0.05869,0.266,PROFITABLE,OCC,,True
Electronics & Semiconductors,Electronics (General),United States,NasdaqGS,OUST,"Ouster, Inc. (NasdaqGS:OUST)",US,187862518.0,True,,-0.26025,-0.18006,0.559,NOT-PROFITABLE,OUST,,True
Electronics & Semiconductors,Semiconductor Equip,United States,NasdaqGS,PDFS,"PDF Solutions, Inc. (NasdaqGS:PDFS)",US,44598711.0,True,,0.042740002,0.03272,0.189,PROFITABLE,PDFS,,True
Electronics & Semiconductors,Telecom. Equipment,United States,OTCPK,PRKR,"ParkerVision, Inc. (OTCPK:PRKR)",US,12390.0,False,,0.0,,,UNVERIFIED,PRKR,yfinance_data_gap,False
Electronics & Semiconductors,Semiconductor,United States,NasdaqGS,PENG,"Penguin Solutions, Inc. (NasdaqGS:PENG)",US,201327378.0,True,,0.06445,0.16194999,0.476,PROFITABLE,PENG,,True
Electronics & Semiconductors,Semiconductor,United States,NasdaqCM,PRSO,Peraso Inc. (NasdaqCM:PRSO),US,540512.0,False,,-0.72995,-1.65402,-0.751,NOT-PROFITABLE,PRSO,,False
Electronics & Semiconductors,Electronics (General),United States,OTCPK,PRPI,Perpetual Industries Inc. (OTCPK:PRPI),US,,,,-0.73771006,-0.31796,-0.167,NOT-PROFITABLE,PRPI,,False
Electronics & Semiconductors,Semiconductor Equip,United States,NasdaqGS,PLAB,"Photronics, Inc. (NasdaqGS:PLAB)",US,53595922.0,False,,0.1847,0.13239999,-0.005,PROFITABLE,PLAB,,False
Electronics & Semiconductors,Semiconductor,United States,NasdaqCM,PXLW,"Pixelworks, Inc. (NasdaqCM:PXLW)",US,459030.0,False,,57.81036,-0.21819,-0.937,NOT-PROFITABLE,PXLW,,False
Electronics & Semiconductors,Electronics (General),United States,NasdaqGS,PLXS,Plexus Corp. (NasdaqGS:PLXS),US,91323937.0,True,,0.04034,0.1258,0.281,PROFITABLE,PLXS,,True
Electronics & Semiconductors,Semiconductor,United States,NasdaqGS,POWI,"Power Integrations, Inc. (NasdaqGS:POWI)",US,87182800.0,True,,0.05578,0.03622,0.027,PROFITABLE,POWI,,False
Electronics & Semiconductors,Electronics (General),United States,NasdaqGM,AIOT,"PowerFleet, Inc. (NasdaqGM:AIOT)",US,7952673.0,False,,-0.04164,-0.03783,0.064,NOT-PROFITABLE,AIOT,,False
Electronics & Semiconductors,Semiconductor,United States,OTCPK,PRPS,Propellus Inc. (OTCPK:PRPS),US,,,,-0.57445997,-10.538549,-0.785,NOT-PROFITABLE,PRPS,,False
Electronics & Semiconductors,Computers/Peripherals,United States,NYSE,PSTG,"Pure Storage, Inc. (NYSE:PSTG)",US,,,,,,,UNVERIFIED,PSTG,yfinance_data_gap,False
Electronics & Semiconductors,Semiconductor,United States,NasdaqGS,QCOM,QUALCOMM Incorporated (NasdaqGS:QCOM),US,4637265519.0,True,,0.21013,0.33754003,-0.04,PROFITABLE,QCOM,,False
Electronics & Semiconductors,Semiconductor Equip,United States,NYSE,Q,"Qnity Electronics, Inc. (NYSE:Q)",US,268219061.0,False,,0.11248,0.06722,0.221,PROFITABLE,Q,,True
Electronics & Semiconductors,Semiconductor,United States,NasdaqGS,QRVO,"Qorvo, Inc. (NasdaqGS:QRVO)",US,132166308.0,True,,0.10953,0.115559995,-0.042,PROFITABLE,QRVO,,False
Electronics & Semiconductors,Computers/Peripherals,United States,OTCPK,QBAK,Qualstar Corporation (OTCPK:QBAK),US,,,,-0.027509999,-0.03737,-0.141,NOT-PROFITABLE,QBAK,,False
Electronics & Semiconductors,Computers/Peripherals,United States,NasdaqCM,QUBT,Quantum Computing Inc. (NasdaqCM:QUBT),US,183246324.0,False,,-1.52453,-0.01507,90.0,NOT-PROFITABLE,QUBT,,True
Electronics & Semiconductors,Computers/Peripherals,United States,NasdaqGM,QMCO,Quantum Corporation (NasdaqGM:QMCO),US,17980698.0,True,,-0.80761003,,0.257,UNVERIFIED,QMCO,yfinance_data_gap,True
Electronics & Semiconductors,Electronics (General),United States,OTCPK,QUAN,Quantum International Corp (OTCPK:QUAN),US,,,,0.0,,,UNVERIFIED,QUAN,yfinance_data_gap,False
Electronics & Semiconductors,Semiconductor,United States,NasdaqCM,QUIK,QuickLogic Corporation (NasdaqCM:QUIK),US,9408273.0,True,,-1.02283,-0.49225,0.168,NOT-PROFITABLE,QUIK,,True
Electronics & Semiconductors,Electronics (General),United States,NasdaqGM,RFIL,"RF Industries, Ltd. (NasdaqGM:RFIL)",US,4572602.0,True,,0.016970001,0.03924,0.094,PROFITABLE,RFIL,,False
Electronics & Semiconductors,Electronics (General),United States,NYSE,RAL,Ralliant Corporation (NYSE:RAL),US,107011743.0,True,,-0.56386,-0.53898996,0.128,NOT-PROFITABLE,RAL,,True
Electronics & Semiconductors,Semiconductor,United States,NasdaqGS,RMBS,Rambus Inc. (NasdaqGS:RMBS),US,405735122.0,True,,0.3169,0.17789,0.204,PROFITABLE,RMBS,,True
Electronics & Semiconductors,Electronics (General),United States,NasdaqCM,RCAT,"Red Cat Holdings, Inc. (NasdaqCM:RCAT)",US,138853449.0,False,,-1.36265,-0.34402,5.272,NOT-PROFITABLE,RCAT,,True
Electronics & Semiconductors,Electronics (General),United States,NasdaqCM,REFR,Research Frontiers Incorporated (NasdaqCM:REFR),US,20227.0,False,,0.0,-1.13697,-0.756,NOT-PROFITABLE,REFR,,False
Electronics & Semiconductors,Telecom. Equipment,United States,NasdaqGS,RBBN,Ribbon Communications Inc. (NasdaqGS:RBBN),US,2278661.0,False,,0.019550001,0.04088,-0.128,PROFITABLE,RBBN,,False
Electronics & Semiconductors,Semiconductor,United States,NasdaqCM,RGTI,"Rigetti Computing, Inc. (NasdaqCM:RGTI)",US,891590403.0,False,,0.0,-0.43765,1.853,NOT-PROFITABLE,RGTI,,True
Electronics & Semiconductors,Electronics (General),United States,NYSE,ROG,Rogers Corporation (NYSE:ROG),US,48183164.0,True,,0.03749,0.02596,0.069,PROFITABLE,ROG,,False
Electronics & Semiconductors,Semiconductor Equip,United States,OTCPK,RBCN,"Rubicon Technology, Inc. (OTCPK:RBCN)",US,,,,0.26066,0.05639,-0.209,PROFITABLE,RBCN,,False
Electronics & Semiconductors,Semiconductor Equip,United States,OTCPK,SCIA,"SCI Engineered Materials, Inc. (OTCPK:SCIA)",US,34225.0,True,,0.089700006,0.18495001,1.628,PROFITABLE,SCIA,,True
Electronics & Semiconductors,Electronics (General),United States,NasdaqCM,SOBR,"SOBR Safe, Inc. (NasdaqCM:SOBR)",US,116106.0,False,,0.0,-1.3191099,-0.088,NOT-PROFITABLE,SOBR,,False
Electronics & Semiconductors,Semiconductor,United States,OTCPK,SPIE.F,"SPI Energy Co., Ltd. (OTCPK:SPIE.F)",US,,,,,,,UNVERIFIED,SPIE.F,yfinance_data_gap,False
Electronics & Semiconductors,Computers/Peripherals,United States,OTCPK,SPYR,"SPYR, Inc. (OTCPK:SPYR)",US,,,,0.0,,,UNVERIFIED,SPYR,yfinance_data_gap,False
Electronics & Semiconductors,Electronics (General),United States,NasdaqGS,SANM,Sanmina Corporation (NasdaqGS:SANM),US,210167727.0,True,,0.02414,0.12488,0.697,PROFITABLE,SANM,,True
Electronics & Semiconductors,Electronics (General),United States,OTCPK,SATT,Sativus Tech Corp. (OTCPK:SATT),US,,False,,0.0,,,UNVERIFIED,SATT,yfinance_data_gap,False
Electronics & Semiconductors,Electronics (General),United States,NasdaqGM,STAI,ScanTech AI Systems Inc. (NasdaqGM:STAI),US,3518.0,False,,0.0,,,UNVERIFIED,STAI,yfinance_data_gap,False
Electronics & Semiconductors,Electronics (General),United States,OTCPK,SMIT,"Schmitt Industries, Inc. (OTCPK:SMIT)",US,,,,-0.33192003,-1.6955701,,NOT-PROFITABLE,SMIT,,False
Electronics & Semiconductors,Semiconductor,United States,NasdaqGS,SMTC,Semtech Corporation (NasdaqGS:SMTC),US,561312236.0,True,,-0.03042,-0.05806,0.159,NOT-PROFITABLE,SMTC,,True
Electronics & Semiconductors,Electronics (General),United States,OTCPK,SKVY,Sentry Technology Corp. (OTCPK:SKVY),US,,,,-0.10394,,-0.109,UNVERIFIED,SKVY,yfinance_data_gap,False
Electronics & Semiconductors,Semiconductor,United States,NasdaqGM,SITM,SiTime Corporation (NasdaqGM:SITM),US,360945413.0,True,,0.03012,0.013259999,1.265,PROFITABLE,SITM,,True
Electronics & Semiconductors,Electronics (General),United States,OTCPK,SIGL,"Signal Advance, Inc. (OTCPK:SIGL)",US,,,,0.0,-0.28402,,NOT-PROFITABLE,SIGL,,False
Electronics & Semiconductors,Semiconductor,United States,NasdaqGS,SLAB,Silicon Laboratories Inc. (NasdaqGS:SLAB),US,80520413.0,True,,-0.061339997,-0.04646,0.201,NOT-PROFITABLE,SLAB,,True
Electronics & Semiconductors,Semiconductor,United States,NasdaqCM,SKYT,"SkyWater Technology, Inc. (NasdaqCM:SKYT)",US,25745185.0,True,,0.184,1.028,1.648,PROFITABLE,SKYT,,True
Electronics & Semiconductors,Semiconductor,United States,NasdaqGS,SWKS,"Skyworks Solutions, Inc. (NasdaqGS:SWKS)",US,394221449.0,True,,0.072270006,0.05094,-0.031,PROFITABLE,SWKS,,False
Electronics & Semiconductors,Electronics (General),United States,NYSE,SMRT,"SmartRent, Inc. (NYSE:SMRT)",US,1615850.0,False,,-0.12965,-0.0845,0.04,NOT-PROFITABLE,SMRT,,False
Electronics & Semiconductors,Computers/Peripherals,United States,NasdaqCM,SCKT,"Socket Mobile, Inc. (NasdaqCM:SCKT)",US,177288.0,False,,-1.0749199,-1.55715,-0.25,NOT-PROFITABLE,SCKT,,False
Electronics & Semiconductors,Semiconductor,United States,OTCPK,SOEN,Solar Enertech Corp. (OTCPK:SOEN),US,,,,-0.30276,-0.87431,-0.864,NOT-PROFITABLE,SOEN,,False
Electronics & Semiconductors,Semiconductor,United States,OTCPK,WNDW,"SolarWindow Technologies, Inc. (OTCPK:WNDW)",US,3760.0,False,,0.0,-0.61517,,NOT-PROFITABLE,WNDW,,False
Electronics & Semiconductors,Semiconductor,United States,OTCPK,SODI,"Solitron Devices, Inc. (OTCPK:SODI)",US,48800.0,True,,0.10824,0.11096,1.013,PROFITABLE,SODI,,True
Electronics & Semiconductors,Computers/Peripherals,United States,NasdaqCM,SONM,"Sonim Technologies, Inc. (NasdaqCM:SONM)",US,80115.0,False,,0.0,,,UNVERIFIED,SONM,yfinance_data_gap,False
Electronics & Semiconductors,Electronics (General),United States,NasdaqCM,SOTK,Sono-Tek Corporation (NasdaqCM:SOTK),US,197283.0,True,,0.09618,0.10604999,0.103,PROFITABLE,SOTK,,True
Electronics & Semiconductors,Electronics (Consumer & Office),United States,NasdaqGS,SONO,"Sonos, Inc. (NasdaqGS:SONO)",US,28370620.0,False,,0.03818,0.14175999,0.088,PROFITABLE,SONO,,False
Electronics & Semiconductors,Electronics (General),United States,AIM,SPSY,Spectra Systems Corporation (AIM:SPSY),US,,,,,,,UNVERIFIED,SPSY,yfinance_data_gap,False
Electronics & Semiconductors,Semiconductor,United States,OTCPK,SNPW,Sun Pacific Holding Corp. (OTCPK:SNPW),US,,False,,0.0,,,UNVERIFIED,SNPW,yfinance_data_gap,False
Electronics & Semiconductors,Semiconductor Equip,United States,OTCPK,HYSR,"SunHydrogen, Inc. (OTCPK:HYSR)",US,177291.0,False,,0.0,-0.15588,,NOT-PROFITABLE,HYSR,,False
Electronics & Semiconductors,Semiconductor,United States,OTCPK,SNRS,"Sunrise Consulting Group, Inc. (OTCPK:SNRS)",US,,,,0.0,,,UNVERIFIED,SNRS,yfinance_data_gap,False
Electronics & Semiconductors,Computers/Peripherals,United States,NasdaqGS,SMCI,"Super Micro Computer, Inc. (NasdaqGS:SMCI)",US,2073011701.0,False,,0.03701,0.17877,1.227,PROFITABLE,SMCI,,True
Electronics & Semiconductors,Semiconductor,United States,NasdaqGS,SYNA,Synaptics Incorporated (NasdaqGS:SYNA),US,107149154.0,True,,-0.40995997,-0.42229998,0.089,NOT-PROFITABLE,SYNA,,False
Electronics & Semiconductors,Electronics (General),United States,NasdaqCM,OPTX,"Syntec Optics Holdings, Inc. (NasdaqCM:OPTX)",US,11769947.0,True,,-0.08257,-0.1164,0.261,NOT-PROFITABLE,OPTX,,True
Electronics & Semiconductors,Electronics (General),United States,NasdaqGS,TTMI,"TTM Technologies, Inc. (NasdaqGS:TTMI)",US,415346612.0,True,,0.07011,0.13260001,0.374,PROFITABLE,TTMI,,True
Electronics & Semiconductors,Electronics (General),United States,NYSE,TDY,Teledyne Technologies Incorporated (NYSE:TDY),US,186175509.0,True,,0.15292,0.09154,0.098,PROFITABLE,TDY,,False
Electronics & Semiconductors,Telecom. Equipment,United States,OTCPK,TKOI,"Telkonet, Inc. (OTCPK:TKOI)",US,,,,-0.15213001,-0.46664003,0.402,NOT-PROFITABLE,TKOI,,True
Electronics & Semiconductors,Semiconductor Equip,United States,NasdaqGS,TER,"Teradyne, Inc. (NasdaqGS:TER)",US,1600961179.0,True,,0.25766,0.36465,1.039,PROFITABLE,TER,,True
Electronics & Semiconductors,Semiconductor,United States,NasdaqGS,TXN,Texas Instruments Incorporated (NasdaqGS:TXN),US,2697146647.0,True,,0.31111,0.35176,0.228,PROFITABLE,TXN,,True
Electronics & Semiconductors,Electronics (General),United States,NYSEAM,LGL,"The LGL Group, Inc. (NYSEAM:LGL)",US,148000.0,True,,0.01661,0.00312,0.182,PROFITABLE,LGL,,True
Electronics & Semiconductors,Electronics (General),United States,OTCPK,TRCK,"Track Group, Inc. (OTCPK:TRCK)",US,,True,,0.01234,,0.071,UNVERIFIED,TRCK,yfinance_data_gap,False
Electronics & Semiconductors,Electronics (General),United States,OTCPK,TNLX,Trans-Lux Corporation (OTCPK:TNLX),US,,,,-0.27049,,-0.357,UNVERIFIED,TNLX,yfinance_data_gap,False
Electronics & Semiconductors,Computers/Peripherals,United States,NasdaqGM,TACT,TransAct Technologies Incorporated (NasdaqGM:TACT),US,370028.0,True,,-0.009330001,-0.01559,0.104,NOT-PROFITABLE,TACT,,True
Electronics & Semiconductors,Electronics (General),United States,NasdaqGS,TRMB,Trimble Inc. (NasdaqGS:TRMB),US,162463063.0,False,,0.12375,0.08252,0.118,PROFITABLE,TRMB,,True
Electronics & Semiconductors,Semiconductor Equip,United States,NYSEAM,TRT,Trio-Tech International (NYSEAM:TRT),US,9151796.0,True,,0.00596,0.01654,1.236,PROFITABLE,TRT,,True
Electronics & Semiconductors,Computers/Peripherals,United States,NasdaqGM,TBCH,Turtle Beach Corporation (NasdaqGM:TBCH),US,4996499.0,False,,-0.010720001,-0.032309998,-0.007,NOT-PROFITABLE,TBCH,,False
Electronics & Semiconductors,Electronics (General),United States,OTCPK,UCLE,US Nuclear Corp. (OTCPK:UCLE),US,68.0,False,,-0.57125,,0.447,UNVERIFIED,UCLE,yfinance_data_gap,True
Electronics & Semiconductors,Telecom. Equipment,United States,NYSE,UI,Ubiquiti Inc. (NYSE:UI),US,67076647.0,False,,0.3043,1.15009,0.187,PROFITABLE,UI,,True
Electronics & Semiconductors,Semiconductor Equip,United States,NasdaqGS,UCTT,"Ultra Clean Holdings, Inc. (NasdaqGS:UCTT)",US,144497415.0,True,,-0.01066,-0.0155299995,0.243,NOT-PROFITABLE,UCTT,,True
Electronics & Semiconductors,Semiconductor,United States,NasdaqGS,OLED,Universal Display Corporation (NasdaqGS:OLED),US,60334696.0,False,,0.32243,0.115159996,-0.114,PROFITABLE,OLED,,False
Electronics & Semiconductors,Electronics (Consumer & Office),United States,NasdaqGS,UEIC,Universal Electronics Inc. (NasdaqGS:UEIC),US,139221.0,True,,-0.045689996,-0.10215,-0.25,NOT-PROFITABLE,UEIC,,False
Electronics & Semiconductors,Electronics (General),United States,NYSEAM,UUU,"Universal Safety Products, Inc (NYSEAM:UUU)",US,195319.0,False,,-0.51283,-0.59187,-0.961,NOT-PROFITABLE,UUU,,False
Electronics & Semiconductors,Electronics (General),United States,NYSEAM,UMAC,"Unusual Machines, Inc. (NYSEAM:UMAC)",US,148830338.0,True,,-0.20292,-0.02942,6.873,NOT-PROFITABLE,UMAC,,True
Electronics & Semiconductors,Semiconductor Equip,United States,NasdaqGS,VECO,Veeco Instruments Inc. (NasdaqGS:VECO),US,103628109.0,True,,0.03404,0.02643,0.165,PROFITABLE,VECO,,True
Electronics & Semiconductors,Electronics (General),United States,NasdaqCM,VRME,"VerifyMe, Inc. (NasdaqCM:VRME)",US,53088.0,False,,-0.36551,-0.40072,-0.602,NOT-PROFITABLE,VRME,,False
Electronics & Semiconductors,Telecom. Equipment,United States,NasdaqGS,VSAT,"Viasat, Inc. (NasdaqGS:VSAT)",US,203918044.0,True,,-0.00635,0.0019,-0.012,NOT-PROFITABLE,VSAT,,False
Electronics & Semiconductors,Telecom. Equipment,United States,NasdaqGS,VIAV,Viavi Solutions Inc. (NasdaqGS:VIAV),US,319081180.0,True,,-0.02002,-0.02728,0.525,NOT-PROFITABLE,VIAV,,True
Electronics & Semiconductors,Telecom. Equipment,United States,OTCPK,NIHK,"Video River Networks, Inc. (OTCPK:NIHK)",US,7.0,False,,0.0,-0.03134,,NOT-PROFITABLE,NIHK,,False
Electronics & Semiconductors,Computers/Peripherals,United States,OTCPK,VCST,"ViewCast.com, Inc. (OTCPK:VCST)",US,,,,-0.21724,,-0.445,UNVERIFIED,VCST,yfinance_data_gap,False
Electronics & Semiconductors,Electronics (General),United States,NYSE,VSH,"Vishay Intertechnology, Inc. (NYSE:VSH)",US,478316147.0,True,,0.00856,0.01134,0.166,PROFITABLE,VSH,,True
Electronics & Semiconductors,Electronics (General),United States,NYSE,VPG,"Vishay Precision Group, Inc. (NYSE:VPG)",US,68404474.0,True,,0.01202,0.01205,0.117,PROFITABLE,VPG,,True
Electronics & Semiconductors,Telecom. Equipment,United States,OTCPK,VISL,"Vislink Technologies, Inc. (OTCPK:VISL)",US,5562.0,True,,-0.34108,,0.165,UNVERIFIED,VISL,yfinance_data_gap,True
Electronics & Semiconductors,Electronics (General),United States,NYSE,VNT,Vontier Corporation (NYSE:VNT),US,50133136.0,False,,0.11342,0.289,-0.022,PROFITABLE,VNT,,False
Electronics & Semiconductors,Electronics (General),United States,NasdaqCM,VUZI,Vuzix Corporation (NasdaqCM:VUZI),US,6049505.0,False,,0.0,-0.91879,-0.12,NOT-PROFITABLE,VUZI,,False
Electronics & Semiconductors,Telecom. Equipment,United States,OTCPK,WGNR,Wegener Corporation (OTCPK:WGNR),US,,,,-0.51805997,,-0.509,UNVERIFIED,WGNR,yfinance_data_gap,False
Electronics & Semiconductors,Telecom. Equipment,United States,OTCPK,WSTL,"Westell Technologies, Inc. (OTCPK:WSTL)",US,,,,0.0,,,UNVERIFIED,WSTL,yfinance_data_gap,False
Electronics & Semiconductors,Computers/Peripherals,United States,NasdaqGS,WDC,Western Digital Corporation (NasdaqGS:WDC),US,4635209626.0,True,,0.72947,1.30853,0.438,PROFITABLE,WDC,,True
Electronics & Semiconductors,Telecom. Equipment,United States,TSXV,YTY,Wi2Wi Corporation (TSXV:YTY),US,,,,,,,UNVERIFIED,YTY,yfinance_data_gap,False
Electronics & Semiconductors,Telecom. Equipment,United States,OTCPK,WLAN,"Wialan Technologies, Inc. (OTCPK:WLAN)",US,,,,0.0,,,UNVERIFIED,WLAN,yfinance_data_gap,False
Electronics & Semiconductors,Electronics (General),United States,OTCPK,WELX,Winland Holdings Corporation (OTCPK:WELX),US,,,,-0.062090002,-0.093739994,-0.263,NOT-PROFITABLE,WELX,,False
Electronics & Semiconductors,Semiconductor,United States,NYSE,WOLF,"Wolfspeed, Inc. (NYSE:WOLF)",US,386113241.0,False,,-0.72926,-0.84186995,-0.19,NOT-PROFITABLE,WOLF,,False
Electronics & Semiconductors,Telecom. Equipment,United States,OTCPK,WWRL,"World Wireless Communications, Inc. (OTCPK:WWRL)",US,,,,0.0,,-0.232,UNVERIFIED,WWRL,yfinance_data_gap,False
Electronics & Semiconductors,Electronics (General),United States,NasdaqCM,WRAP,"Wrap Technologies, Inc. (NasdaqCM:WRAP)",US,206954.0,False,,-2.9860501,-1.76272,0.452,NOT-PROFITABLE,WRAP,,True
Electronics & Semiconductors,Telecom. Equipment,United States,OTCPK,WYTC,"Wytec International, Inc. (OTCPK:WYTC)",US,399.0,False,,0.0,,-0.973,UNVERIFIED,WYTC,yfinance_data_gap,False
Electronics & Semiconductors,Computers/Peripherals,United States,NasdaqGS,XRX,Xerox Holdings Corporation (NasdaqGS:XRX),US,17245351.0,True,,-0.11925,-0.97113,0.22,NOT-PROFITABLE,XRX,,True
Electronics & Semiconductors,Electronics (General),United States,NasdaqGS,ZBRA,Zebra Technologies Corporation (NasdaqGS:ZBRA),US,230943561.0,True,,0.092180006,0.15286,0.204,PROFITABLE,ZBRA,,True
Electronics & Semiconductors,Electronics (General),United States,OTCPK,IWAL,iWallet Corporation (OTCPK:IWAL),US,,False,,0.0,,,UNVERIFIED,IWAL,yfinance_data_gap,False
Electronics & Semiconductors,Electronics (General),United States,NZSE,IKE,ikeGPS Group Limited (NZSE:IKE),US,,,,,,,UNVERIFIED,IKE,yfinance_data_gap,False
Electronics & Semiconductors,Semiconductor Equip,United States,NYSEAM,INTT,inTEST Corporation (NYSEAM:INTT),US,4192200.0,True,,0.0075,0.00915,0.255,PROFITABLE,INTT,,True
Electronics & Semiconductors,Semiconductor,United States,NasdaqCM,INDI,"indie Semiconductor, Inc. (NasdaqCM:INDI)",US,21029036.0,False,,-0.64785004,-0.42861,0.24,NOT-PROFITABLE,INDI,,True
Electronics & Semiconductors,Electronics (General),United States,NasdaqGS,LASR,"nLIGHT, Inc. (NasdaqGS:LASR)",US,75104799.0,True,,-0.040159997,-0.03805,0.338,NOT-PROFITABLE,LASR,,True
Electronics & Semiconductors,Telecom. Equipment,Vietnam,HNX,KST,Kasati Joint Stock Company (HNX:KST),,,,,,,,UNVERIFIED,KST.VN,yfinance_data_gap,False
Electronics & Semiconductors,Telecom. Equipment,Vietnam,HNX,POT,Post and Telecommunication Equipment JSC (HNX:POT),,,,,,,,UNVERIFIED,POT.VN,yfinance_data_gap,False
Electronics & Semiconductors,Telecom. Equipment,Vietnam,HNX,SMT,Sametel Corporation (HNX:SMT),,,,,,,,UNVERIFIED,SMT.VN,yfinance_data_gap,False
Electronics & Semiconductors,Telecom. Equipment,Vietnam,HNX,VTC,VTC Telecommunications Joint Stock Company (HNX:VTC),,,,,,,,UNVERIFIED,VTC.VN,yfinance_data_gap,False
Electronics & Semiconductors,Telecom. Equipment,Vietnam,HNX,UNI,Vien Lien Joint Stock Company (HNX:UNI),,,,,,,,UNVERIFIED,UNI.VN,yfinance_data_gap,False
Electronics & Semiconductors,Electronics (Consumer & Office),Vietnam,HOSE,VTB,Viettronics Tan Binh Joint Stock Company (HOSE:VTB),,,,,0.1424,0.09979,-0.031,PROFITABLE,VTB.VN,,False
