FocusSector,Region,Market,Symbol,Name,Industry Group,Country,Close,Turnover_USD,Above200DMA,Ret252
Aerospace & Defence,Foreign,US,RKLB,Rocket Lab Corp,Aerospace/Defense,United States,84.54000091552734,2844046168.0,True,
Aerospace & Defence,Foreign,US,GE,GENERAL ELECTRIC CO,Aerospace/Defense,United States,369.0,1641214447.0,True,
Aerospace & Defence,Foreign,US,RTX,RTX Corp,Aerospace/Defense,United States,187.99000549316406,1063362889.0,True,
Aerospace & Defence,Foreign,US,HWM,Howmet Aerospace Inc.,Aerospace/Defense,United States,268.8699951171875,733960413.0,True,
Aerospace & Defence,Foreign,US,RDW,Redwire Corp,Aerospace/Defense,United States,10.930000305175781,648974354.0,True,
Aerospace & Defence,Foreign,US,TDG,TransDigm Group INC,Aerospace/Defense,United States,1324.56005859375,499059714.0,True,
Aerospace & Defence,Foreign,US,GD,GENERAL DYNAMICS CORP,Aerospace/Defense,United States,346.7099914550781,453162689.0,True,
Aerospace & Defence,Foreign,US,CRS,CARPENTER TECHNOLOGY CORP,Aerospace/Defense,United States,591.780029296875,431615563.0,True,
Aerospace & Defence,Foreign,US,LUNR,"Intuitive Machines, Inc.",Aerospace/Defense,United States,19.790000915527344,376364103.0,True,
Aerospace & Defence,Foreign,US,ATI,ATI INC,Aerospace/Defense,United States,197.39999389648438,327860830.0,True,
Aerospace & Defence,Foreign,US,WWD,"Woodward, Inc.",Aerospace/Defense,United States,431.6199951171875,300456960.0,True,
Aerospace & Defence,Foreign,US,HEI,HEICO CORP,Aerospace/Defense,United States,345.2099914550781,187538024.0,True,
Aerospace & Defence,Foreign,US,CW,CURTISS WRIGHT CORP,Aerospace/Defense,United States,747.27001953125,184908362.0,True,
Aerospace & Defence,Foreign,US,BWXT,"BWX Technologies, Inc.",Aerospace/Defense,United States,197.91000366210938,179845438.0,True,
Aerospace & Defence,Foreign,US,TXT,TEXTRON INC,Aerospace/Defense,United States,91.22000122070312,129673512.0,True,
Aerospace & Defence,Foreign,US,SARO,"StandardAero, Inc.",Aerospace/Defense,United States,28.139999389648438,109206013.0,True,
Aerospace & Defence,Foreign,US,HXL,HEXCEL CORP /DE/,Aerospace/Defense,United States,96.5199966430664,87785746.0,True,
Aerospace & Defence,Foreign,US,VSEC,VSE CORP,Aerospace/Defense,United States,219.99000549316406,84847297.0,True,
Aerospace & Defence,Foreign,US,MRCY,MERCURY SYSTEMS INC,Aerospace/Defense,United States,109.37999725341797,77490860.0,True,
Aerospace & Defence,Foreign,US,SIDU,Sidus Space Inc.,Aerospace/Defense,United States,2.609999895095825,75427602.0,True,
Aerospace & Defence,Foreign,US,SATL,Satellogic Inc.,Aerospace/Defense,United States,4.619999885559082,59567368.0,True,
Aerospace & Defence,Foreign,US,ATRO,ASTRONICS CORP,Aerospace/Defense,United States,84.31999969482422,49579980.0,True,
Aerospace & Defence,Foreign,US,LOAR,Loar Holdings Inc.,Aerospace/Defense,United States,79.13999938964844,49541071.0,True,
Aerospace & Defence,Foreign,US,AIR,AAR CORP,Aerospace/Defense,United States,143.13999938964844,46269161.0,True,
Aerospace & Defence,Foreign,US,VVX,"V2X, Inc.",Aerospace/Defense,United States,72.4800033569336,46084135.0,True,
Aerospace & Defence,Foreign,US,DRS,"Leonardo DRS, Inc.",Aerospace/Defense,United States,42.47999954223633,37878900.0,True,
Aerospace & Defence,Foreign,US,DCO,DUCOMMUN INC /DE/,Aerospace/Defense,United States,177.66000366210938,37091623.0,True,
Aerospace & Defence,Foreign,US,NPK,NATIONAL PRESTO INDUSTRIES INC,Aerospace/Defense,United States,125.0,18931631.0,True,
Aerospace & Defence,Foreign,US,PKE,PARK AEROSPACE CORP,Aerospace/Defense,United States,33.880001068115234,11139849.0,True,
Aerospace & Defence,Foreign,US,ISSC,INNOVATIVE SOLUTIONS & SUPPORT INC,Aerospace/Defense,United States,17.889999389648438,6171542.0,True,
Aerospace & Defence,Foreign,US,SIF,SIFCO INDUSTRIES INC,Aerospace/Defense,United States,21.889999389648438,1492414.0,True,
Aerospace & Defence,Foreign,US,CVU,CPI AEROSTRUCTURES INC,Aerospace/Defense,United States,5.039999961853027,378785.0,True,
Aerospace & Defence,India,IN,APOLLO,APOLLO MICRO SYSTEMS LTD,Aerospace/Defense,India,424.75,95785899.0,True,118.32433479170912
Aerospace & Defence,India,IN,PARAS,PARAS DEF AND SPCE TECH L,Aerospace/Defense,India,1289.050048828125,62220495.0,True,-22.074109123571727
Aerospace & Defence,India,IN,DATAPATTNS,DATA PATTERNS INDIA LTD,Aerospace/Defense,India,4501.7998046875,49683919.0,True,52.20095105722595
Aerospace & Defence,India,IN,GRSE,GARDEN REACH SHIP&ENG LTD,Aerospace/Defense,India,2726.199951171875,19846308.0,True,-17.076290601299128
Aerospace & Defence,India,IN,IDEAFORGE,IDEAFORGE TECHNOLOGY LIMITED,Aerospace/Defense,India,814.1500244140625,14929805.0,True,59.2313795915288
Aerospace & Defence,India,IN,DCXINDIA,DCX SYSTEMS LIMITED,Aerospace/Defense,India,198.72000122070312,1785961.0,True,-32.41965330037166
Aerospace & Defence,India,IN,UNIMECH,UNIMECH AEROSPACE N MFG L,Aerospace/Defense,India,1171.6500244140625,1462751.0,True,
Aerospace & Defence,India,IN,ROSSTECH,ROSSELL TECHSYS LIMITED,Aerospace/Defense,India,969.4000244140625,1443947.0,True,
"Auto, EV & Components",Foreign,US,F,FORD MOTOR CO,Auto & Truck,United States,14.130000114440918,804635468.0,True,
"Auto, EV & Components",Foreign,US,GM,General Motors Co,Auto & Truck,United States,78.0999984741211,743701536.0,True,
"Auto, EV & Components",Foreign,US,BWA,BORGWARNER INC,Auto Parts,United States,68.11000061035156,251248780.0,True,
"Auto, EV & Components",Foreign,US,LEA,LEAR CORP,Auto Parts,United States,136.83999633789062,104341575.0,True,
"Auto, EV & Components",Foreign,US,GNTX,GENTEX CORP,Auto Parts,United States,25.649999618530273,61027145.0,True,
"Auto, EV & Components",Foreign,US,HOG,"HARLEY-DAVIDSON, INC.",Auto & Truck,United States,25.190000534057617,49930142.0,True,
"Auto, EV & Components",Foreign,US,DAN,DANA Inc,Auto Parts,United States,28.1299991607666,43781818.0,True,
"Auto, EV & Components",Foreign,US,DORM,"Dorman Products, Inc.",Auto Parts,United States,134.69000244140625,35821735.0,True,
"Auto, EV & Components",Foreign,US,PHIN,PHINIA INC.,Auto Parts,United States,84.81999969482422,31477860.0,True,
"Auto, EV & Components",Foreign,US,THRM,Gentherm Inc,Auto Parts,United States,35.43000030517578,13293228.0,True,
"Auto, EV & Components",Foreign,US,XPEL,"XPEL, Inc.",Auto Parts,United States,49.369998931884766,10703214.0,True,
"Auto, EV & Components",Foreign,US,FOXF,FOX FACTORY HOLDING CORP,Auto Parts,United States,18.90999984741211,9066190.0,True,
"Auto, EV & Components",Foreign,US,STRT,STRATTEC SECURITY CORP,Auto Parts,United States,82.63999938964844,5742407.0,True,
"Auto, EV & Components",Foreign,US,SMP,"STANDARD MOTOR PRODUCTS, INC.",Auto Parts,United States,40.630001068115234,4519054.0,True,
"Auto, EV & Components",Foreign,US,MPAA,MOTORCAR PARTS OF AMERICA INC,Auto Parts,United States,15.529999732971191,2249117.0,True,
"Auto, EV & Components",Foreign,US,SRI,STONERIDGE INC,Auto Parts,United States,7.340000152587891,1165671.0,True,
"Auto, EV & Components",India,IN,OLAELEC,OLA ELECTRIC MOBILITY LTD,Auto & Truck,India,43.7599983215332,74417753.0,True,
"Auto, EV & Components",India,IN,MARUTI,MARUTI SUZUKI INDIA LTD.,Auto & Truck,India,14115.0,54995449.0,False,10.351028066609324
"Auto, EV & Components",India,IN,BAJAJ-AUTO,BAJAJ AUTO LIMITED,Auto & Truck,India,9716.0,39819787.0,True,16.067375462907663
"Auto, EV & Components",India,IN,ATHERENERG,ATHER ENERGY LIMITED,Auto & Truck,India,1140.550048828125,29647694.0,True,255.69938267216355
"Auto, EV & Components",India,IN,SONACOMS,SONA BLW PRECISION FRGS L,Auto Parts,India,619.9000244140625,9853630.0,True,27.30259962505275
"Auto, EV & Components",India,IN,TIINDIA,TUBE INVEST OF INDIA LTD,Auto Parts,India,3029.300048828125,8795884.0,True,3.5198031056742796
"Auto, EV & Components",India,IN,BELRISE,BELRISE INDUSTRIES LTD,Auto Parts,India,238.57000732421875,8460155.0,True,133.9609732943511
"Auto, EV & Components",India,IN,SANSERA,SANSERA ENGINEERING LTD,Auto Parts,India,3196.199951171875,7037258.0,True,140.8409321054126
"Auto, EV & Components",India,IN,MINDACORP,MINDA CORPORATION LTD,Auto Parts,India,696.7999877929688,3068904.0,True,37.95287653395236
"Auto, EV & Components",India,IN,ENDURANCE,ENDURANCE TECHNO. LTD.,Auto Parts,India,2673.60009765625,2960953.0,True,3.7888236667798836
"Auto, EV & Components",India,IN,LUMAXTECH,LUMAX AUTO TECH LTD,Auto Parts,India,1533.5999755859375,2950840.0,True,42.2502560351548
"Auto, EV & Components",India,IN,SHRIPISTON,SHRIRAM PIST. & RING LTD,Auto Parts,India,4187.39990234375,2894974.0,True,77.48483938800621
"Auto, EV & Components",India,IN,SANDHAR,SANDHAR TECHNOLOGIES LTD,Auto Parts,India,716.9000244140625,2723740.0,True,29.48613615122122
"Auto, EV & Components",India,IN,PRICOLLTD,PRICOL LIMITED,Auto Parts,India,602.2999877929688,2502119.0,True,38.858786811059076
"Auto, EV & Components",India,IN,SJS,SJS ENTERPRISES LIMITED,Auto Parts,India,2218.0,1862822.0,True,78.97199327130893
"Auto, EV & Components",India,IN,WHEELS,WHEELS INDIA LTD,Auto Parts,India,1786.0,1649289.0,True,135.12375689879684
"Auto, EV & Components",India,IN,FIEMIND,FIEM INDUSTRIES LIMITED,Auto Parts,India,2261.300048828125,1200848.0,True,19.72151579682093
"Auto, EV & Components",India,IN,VARROC,VARROC ENGINEERING LTD.,Auto Parts,India,633.0,594417.0,True,12.25394087502265
"Auto, EV & Components",India,IN,SUNDRMFAST,SUNDRAM FASTENERS LTD,Auto Parts,India,934.1500244140625,590565.0,True,-3.116572019552777
"Auto, EV & Components",India,IN,DIVGIITTS,DIVGI TORQTRANSFER SYST L,Auto Parts,India,987.5499877929688,346197.0,True,65.89114867182144
"Auto, EV & Components",India,IN,INDNIPPON,INDIA NIPPON ELECT  LTD,Auto Parts,India,1001.4000244140625,326015.0,True,41.54063949315372
Chemicals & Plastics,Foreign,US,SHW,SHERWIN WILLIAMS CO,Chemical (Specialty),United States,344.07000732421875,780010126.0,True,
Chemicals & Plastics,Foreign,US,ECL,ECOLAB INC.,Chemical (Specialty),United States,283.6499938964844,502668067.0,True,
Chemicals & Plastics,Foreign,US,APD,"Air Products & Chemicals, Inc.",Chemical (Specialty),United States,277.7900085449219,359993257.0,True,
Chemicals & Plastics,Foreign,US,CTVA,"Corteva, Inc.",Chemical (Specialty),United States,82.62000274658203,317476138.0,True,
Chemicals & Plastics,Foreign,US,CF,"CF Industries Holdings, Inc.",Chemical (Specialty),United States,105.69999694824219,296081817.0,True,
Chemicals & Plastics,Foreign,US,PPG,PPG INDUSTRIES INC,Chemical (Specialty),United States,123.23999786376953,207456756.0,True,
Chemicals & Plastics,Foreign,US,IP,INTERNATIONAL PAPER CO /NEW/,Packaging & Container,United States,38.7599983215332,201576755.0,True,
Chemicals & Plastics,Foreign,US,BALL,BALL Corp,Packaging & Container,United States,61.790000915527344,183645257.0,True,
Chemicals & Plastics,Foreign,US,DD,"DuPont de Nemours, Inc.",Chemical (Specialty),United States,137.22000122070312,163632419.0,True,
Chemicals & Plastics,Foreign,US,PKG,PACKAGING CORP OF AMERICA,Packaging & Container,United States,241.5500030517578,148319707.0,True,
Chemicals & Plastics,Foreign,US,IFF,INTERNATIONAL FLAVORS & FRAGRANCES INC,Chemical (Specialty),United States,76.3499984741211,144329990.0,True,
Chemicals & Plastics,Foreign,US,ESI,Element Solutions Inc,Chemical (Specialty),United States,45.65999984741211,125302717.0,True,
Chemicals & Plastics,Foreign,US,CCK,"CROWN HOLDINGS, INC.",Packaging & Container,United States,110.62000274658203,112617644.0,True,
Chemicals & Plastics,Foreign,US,NEU,NEWMARKET CORP,Chemical (Specialty),United States,792.8200073242188,88878102.0,True,
Chemicals & Plastics,Foreign,US,AXTA,Axalta Coating Systems Ltd.,Chemical (Specialty),United States,34.5,80913532.0,True,
Chemicals & Plastics,Foreign,US,RPM,RPM INTERNATIONAL INC/DE/,Chemical (Specialty),United States,112.45999908447266,77103940.0,True,
Chemicals & Plastics,Foreign,US,EMN,EASTMAN CHEMICAL CO,Chemical (Specialty),United States,70.70999908447266,77014129.0,True,
Chemicals & Plastics,Foreign,US,SON,SONOCO PRODUCTS CO,Packaging & Container,United States,55.11000061035156,66110109.0,True,
Chemicals & Plastics,Foreign,US,HUN,Huntsman CORP,Chemical (Diversified),United States,11.40999984741211,61474032.0,True,
Chemicals & Plastics,Foreign,US,ATR,"APTARGROUP, INC.",Packaging & Container,United States,125.9800033569336,54533884.0,True,
Chemicals & Plastics,Foreign,US,PRM,"Perimeter Solutions, Inc.",Chemical (Specialty),United States,34.400001525878906,52053756.0,True,
Chemicals & Plastics,Foreign,US,ASH,ASHLAND INC.,Chemical (Specialty),United States,63.939998626708984,51883033.0,True,
Chemicals & Plastics,Foreign,US,SMG,SCOTTS MIRACLE-GRO CO,Chemical (Specialty),United States,69.91000366210938,51588479.0,True,
Chemicals & Plastics,Foreign,US,FUL,FULLER H B CO,Chemical (Specialty),United States,63.25,46127434.0,True,
Chemicals & Plastics,Foreign,US,CBT,CABOT CORP,Chemical (Basic),United States,93.4000015258789,45918587.0,True,
Chemicals & Plastics,Foreign,US,SXT,SENSIENT TECHNOLOGIES CORP,Chemical (Specialty),United States,120.18000030517578,45738971.0,True,
Chemicals & Plastics,Foreign,US,CC,Chemours Co,Chemical (Diversified),United States,20.739999771118164,44170423.0,True,
Chemicals & Plastics,Foreign,US,SLGN,SILGAN HOLDINGS INC,Packaging & Container,United States,46.22999954223633,37438124.0,True,
Chemicals & Plastics,Foreign,US,BCPC,BALCHEM CORP,Chemical (Specialty),United States,171.22000122070312,34302228.0,True,
Chemicals & Plastics,Foreign,US,AVNT,AVIENT CORP,Chemical (Specialty),United States,37.90999984741211,34129484.0,True,
Chemicals & Plastics,Foreign,US,KWR,QUAKER CHEMICAL CORP,Chemical (Specialty),United States,160.6300048828125,20194739.0,True,
Chemicals & Plastics,Foreign,US,HWKN,HAWKINS INC,Chemical (Basic),United States,161.58999633789062,20069548.0,True,
Chemicals & Plastics,Foreign,US,TROX,Tronox Holdings plc,Chemical (Basic),United States,6.690000057220459,19665105.0,True,
Chemicals & Plastics,Foreign,US,TRS,TRIMAS CORP,Packaging & Container,United States,44.58000183105469,19434993.0,True,
Chemicals & Plastics,Foreign,US,ECVT,Ecovyst Inc.,Chemical (Specialty),United States,12.1899995803833,17742467.0,True,
Chemicals & Plastics,Foreign,US,NGVT,Ingevity Corp,Chemical (Specialty),United States,77.12000274658203,16568988.0,True,
Chemicals & Plastics,Foreign,US,IOSP,INNOSPEC INC.,Chemical (Specialty),United States,82.62999725341797,15757886.0,True,
Chemicals & Plastics,Foreign,US,GEF,"GREIF, INC",Packaging & Container,United States,74.86000061035156,15267314.0,True,
Chemicals & Plastics,Foreign,US,ALTO,"Alto Ingredients, Inc.",Chemical (Specialty),United States,5.190000057220459,12997958.0,True,
Chemicals & Plastics,Foreign,US,MTX,MINERALS TECHNOLOGIES INC,Chemical (Specialty),United States,79.80000305175781,12176785.0,True,
Chemicals & Plastics,Foreign,US,MYE,MYERS INDUSTRIES INC,Packaging & Container,United States,32.13999938964844,9785310.0,True,
Chemicals & Plastics,Foreign,US,ASPN,ASPEN AEROGELS INC,Chemical (Specialty),United States,5.630000114440918,7906026.0,True,
Chemicals & Plastics,Foreign,US,IPI,"Intrepid Potash, Inc.",Chemical (Specialty),United States,34.59000015258789,7264532.0,True,
Chemicals & Plastics,Foreign,US,FTK,FLOTEK INDUSTRIES INC/CN/,Chemical (Specialty),United States,22.15999984741211,7077502.0,True,
Chemicals & Plastics,Foreign,US,KOP,Koppers Holdings Inc.,Chemical (Basic),United States,45.119998931884766,6974612.0,True,
Chemicals & Plastics,Foreign,US,SCL,STEPAN CO,Chemical (Specialty),United States,55.709999084472656,6499529.0,True,
Chemicals & Plastics,Foreign,US,ASIX,AdvanSix Inc.,Chemical (Basic),United States,20.270000457763672,4194905.0,True,
Chemicals & Plastics,Foreign,US,PACK,Ranpak Holdings Corp.,Packaging & Container,United States,7.309999942779541,3496219.0,True,
Chemicals & Plastics,Foreign,US,KRO,KRONOS WORLDWIDE INC,Chemical (Basic),United States,6.53000020980835,1699388.0,True,
Chemicals & Plastics,Foreign,US,CMT,CORE MOLDING TECHNOLOGIES INC,Chemical (Basic),United States,23.670000076293945,624368.0,True,
Chemicals & Plastics,India,IN,ASIANPAINT,ASIAN PAINTS LIMITED,Chemical (Specialty),India,2635.699951171875,34403123.0,True,15.312596030837543
Chemicals & Plastics,India,IN,SOLARINDS,SOLAR INDUSTRIES (I) LTD,Chemical (Basic),India,18696.0,21408507.0,True,10.002353494939985
Chemicals & Plastics,India,IN,PIDILITIND,PIDILITE INDUSTRIES LTD,Chemical (Diversified),India,1592.699951171875,12949608.0,True,-46.12158253928376
Chemicals & Plastics,India,IN,CHAMBLFERT,CHAMBAL FERTILIZERS LTD,Chemical (Specialty),India,467.95001220703125,3406133.0,True,-15.049463021347286
Chemicals & Plastics,India,IN,PCBL,PCBL CHEMICAL LIMITED,Chemical (Basic),India,321.1499938964844,3208139.0,True,-17.85394964346071
Chemicals & Plastics,India,IN,ANURAS,ANUPAM RASAYAN INDIA LTD,Chemical (Specialty),India,1264.4000244140625,2997975.0,True,11.548303874200494
Chemicals & Plastics,India,IN,FLUOROCHEM,GUJARAT FLUOROCHEM LTD,Chemical (Specialty),India,3964.0,2790847.0,True,17.160256381578076
Chemicals & Plastics,India,IN,CARBORUNIV,CARBORUNDUM UNIVERSAL LTD,Chemical (Basic),India,1178.199951171875,2518429.0,True,25.634460066977272
Chemicals & Plastics,India,IN,NEOGEN,NEOGEN CHEMICALS LIMITED,Chemical (Specialty),India,2024.9000244140625,2122625.0,True,26.9211478893979
Chemicals & Plastics,India,IN,SHARDACROP,SHARDA CROPCHEM LTD.,Chemical (Specialty),India,879.4500122070312,1998041.0,False,10.69922571514157
Chemicals & Plastics,India,IN,SOTL,SAVITA OIL TECHNOLO. LTD,Chemical (Basic),India,513.5,1710816.0,True,23.914094489168946
Chemicals & Plastics,India,IN,GNFC,GUJ NAR VAL FER & CHEM L,Chemical (Specialty),India,543.4000244140625,1650326.0,True,3.930391084956142
Chemicals & Plastics,India,IN,KRISHANA,KRISHANA PHOSCHEM LIMITED,Chemical (Specialty),India,688.0,1148628.0,True,35.10063819342171
Chemicals & Plastics,India,IN,MBAPL,MADHYA BHARAT AGRO P. LTD,Chemical (Specialty),India,562.0,1051053.0,True,49.7269191052069
Chemicals & Plastics,India,IN,FINEORG,FINE ORGANIC IND. LTD.,Chemical (Specialty),India,5295.7998046875,692608.0,True,16.56797540999728
Chemicals & Plastics,India,IN,GANDHAR,GANDHAR OIL REFINE IND L,Chemical (Basic),India,183.4499969482422,676129.0,True,7.690044247351624
Chemicals & Plastics,India,IN,COSMOFIRST,COSMO FIRST LIMITED,Packaging & Container,India,788.25,614612.0,True,-36.686746987951814
Chemicals & Plastics,India,IN,JAICORPLTD,JAI CORP LIMITED,Packaging & Container,India,114.23999786376953,539378.0,False,4.826568494045924
Chemicals & Plastics,India,IN,NOCIL,NOCIL LIMITED,Chemical (Basic),India,179.80999755859375,471667.0,True,-1.8665056206358277
Chemicals & Plastics,India,IN,TATVA,TATVA CHIN PHARM CHEM LTD,Chemical (Specialty),India,1194.300048828125,456863.0,False,30.190230622210645
Chemicals & Plastics,India,IN,ASTEC,ASTEC LIFESCIENCES LTD,Chemical (Specialty),India,711.25,435915.0,True,-6.056000140596107
Chemicals & Plastics,India,IN,GUJALKALI,GUJARAT ALKALIES & CHEM,Chemical (Basic),India,614.4500122070312,382475.0,True,7.760434768972524
Chemicals & Plastics,India,IN,JGCHEM,J.G.CHEMICALS LIMITED,Chemical (Basic),India,425.8500061035156,351137.0,True,8.982727089831254
Chemicals & Plastics,India,IN,ZUARI,ZUARI AGRO CHEMICALS LTD,Chemical (Specialty),India,229.5500030517578,319038.0,False,12.767737180623119
Chemicals & Plastics,India,IN,20MICRONS,20 MICRONS LTD,Chemical (Specialty),India,201.41000366210938,295913.0,True,-10.084819793701172
Electronics & Semiconductors,Foreign,US,MU,MICRON TECHNOLOGY INC,Semiconductor,United States,1132.3299560546875,56720835900.0,True,
Electronics & Semiconductors,Foreign,US,NVDA,NVIDIA CORP,Semiconductor,United States,192.52999877929688,32459242443.0,True,
Electronics & Semiconductors,Foreign,US,SNDK,Sandisk Corp,Computers/Peripherals,United States,2090.7099609375,20336482179.0,True,
Electronics & Semiconductors,Foreign,US,MRVL,"Marvell Technology, Inc.",Semiconductor,United States,266.7699890136719,15613174385.0,True,
Electronics & Semiconductors,Foreign,US,AMD,ADVANCED MICRO DEVICES INC,Semiconductor,United States,521.5800170898438,15464079049.0,True,
Electronics & Semiconductors,Foreign,US,AAPL,Apple Inc.,Computers/Peripherals,United States,283.7799987792969,15350138470.0,True,
Electronics & Semiconductors,Foreign,US,INTC,INTEL CORP,Semiconductor,United States,128.32000732421875,15333692114.0,True,
Electronics & Semiconductors,Foreign,US,AVGO,Broadcom Inc.,Semiconductor,United States,365.0199890136719,14117877951.0,True,
Electronics & Semiconductors,Foreign,US,AMAT,APPLIED MATERIALS INC /DE,Semiconductor Equip,United States,626.8400268554688,6026877423.0,True,
Electronics & Semiconductors,Foreign,US,LITE,Lumentum Holdings Inc.,Telecom. Equipment,United States,816.97998046875,5377550489.0,True,
Electronics & Semiconductors,Foreign,US,QCOM,QUALCOMM INC/DE,Semiconductor,United States,189.38999938964844,4637265519.0,True,
Electronics & Semiconductors,Foreign,US,WDC,WESTERN DIGITAL CORP,Computers/Peripherals,United States,586.4500122070312,4635209626.0,True,
Electronics & Semiconductors,Foreign,US,LRCX,LAM RESEARCH CORP,Semiconductor Equip,United States,379.0899963378906,4476540856.0,True,
Electronics & Semiconductors,Foreign,US,DELL,Dell Technologies Inc.,Computers/Peripherals,United States,399.489990234375,3834325568.0,True,
Electronics & Semiconductors,Foreign,US,KLAC,KLA CORP,Semiconductor Equip,United States,248.63999938964844,3154480105.0,True,
Electronics & Semiconductors,Foreign,US,CSCO,"CISCO SYSTEMS, INC.",Telecom. Equipment,United States,113.7699966430664,2954008299.0,True,
Electronics & Semiconductors,Foreign,US,TXN,TEXAS INSTRUMENTS INC,Semiconductor,United States,285.42999267578125,2697146647.0,True,
Electronics & Semiconductors,Foreign,US,GLW,CORNING INC /NY,Electronics (General),United States,221.0500030517578,2626050682.0,True,
Electronics & Semiconductors,Foreign,US,AAOI,"APPLIED OPTOELECTRONICS, INC.",Telecom. Equipment,United States,135.69000244140625,2535714171.0,True,
Electronics & Semiconductors,Foreign,US,COHR,COHERENT CORP.,Electronics (General),United States,380.55999755859375,2260769636.0,True,
Electronics & Semiconductors,Foreign,US,ADI,ANALOG DEVICES INC,Semiconductor,United States,386.9100036621094,2036690548.0,True,
Electronics & Semiconductors,Foreign,US,ALAB,"Astera Labs, Inc.",Semiconductor,United States,391.739990234375,2016256281.0,True,
Electronics & Semiconductors,Foreign,US,CIEN,CIENA CORP,Telecom. Equipment,United States,479.5,1766820275.0,True,
Electronics & Semiconductors,Foreign,US,TER,"TERADYNE, INC",Semiconductor Equip,United States,436.8599853515625,1600961179.0,True,
Electronics & Semiconductors,Foreign,US,HPE,Hewlett Packard Enterprise Co,Computers/Peripherals,United States,43.709999084472656,1498366932.0,True,
Electronics & Semiconductors,Foreign,US,MPWR,MONOLITHIC POWER SYSTEMS INC,Semiconductor,United States,1313.3199462890625,1433335004.0,True,
Electronics & Semiconductors,Foreign,US,APH,AMPHENOL CORP /DE/,Electronics (General),United States,163.72000122070312,1426755594.0,True,
Electronics & Semiconductors,Foreign,US,ON,ON SEMICONDUCTOR CORP,Semiconductor,United States,90.6500015258789,1387849767.0,True,
Electronics & Semiconductors,Foreign,US,ANET,"Arista Networks, Inc.",Telecom. Equipment,United States,157.60000610351562,1360602040.0,True,
Electronics & Semiconductors,Foreign,US,MCHP,MICROCHIP TECHNOLOGY INC,Semiconductor,United States,87.93000030517578,1125103659.0,True,
Electronics & Semiconductors,Foreign,US,AXTI,AXT INC,Semiconductor Equip,United States,70.1500015258789,995664137.0,True,
Electronics & Semiconductors,Foreign,US,FLEX,FLEX LTD.,Electronics (General),United States,146.6999969482422,937784044.0,True,
Electronics & Semiconductors,Foreign,US,FSLR,"FIRST SOLAR, INC.",Semiconductor,United States,239.07000732421875,640807859.0,True,
Electronics & Semiconductors,Foreign,US,MTSI,"MACOM Technology Solutions Holdings, Inc.",Semiconductor,United States,369.17999267578125,635710240.0,True,
Electronics & Semiconductors,Foreign,US,NVTS,Navitas Semiconductor Corp,Semiconductor,United States,17.299999237060547,625464416.0,True,
Electronics & Semiconductors,Foreign,US,SMTC,SEMTECH CORP,Semiconductor,United States,149.75,561312236.0,True,
Electronics & Semiconductors,Foreign,US,ENTG,ENTEGRIS INC,Semiconductor Equip,United States,161.42999267578125,544422143.0,True,
Electronics & Semiconductors,Foreign,US,JBL,JABIL INC,Electronics (General),United States,358.6000061035156,541929191.0,True,
Electronics & Semiconductors,Foreign,US,NTAP,"NetApp, Inc.",Computers/Peripherals,United States,152.4499969482422,508168696.0,True,
Electronics & Semiconductors,Foreign,US,AMKR,"AMKOR TECHNOLOGY, INC.",Semiconductor Equip,United States,78.72000122070312,479939142.0,True,
Electronics & Semiconductors,Foreign,US,VSH,VISHAY INTERTECHNOLOGY INC,Electronics (General),United States,56.349998474121094,478316147.0,True,
Electronics & Semiconductors,Foreign,US,KEYS,"Keysight Technologies, Inc.",Electronics (General),United States,328.6600036621094,461218254.0,True,
Electronics & Semiconductors,Foreign,US,HPQ,HP INC,Computers/Peripherals,United States,22.8799991607666,428368501.0,True,
Electronics & Semiconductors,Foreign,US,TTMI,TTM TECHNOLOGIES INC,Electronics (General),United States,191.49000549316406,415346612.0,True,
Electronics & Semiconductors,Foreign,US,RMBS,RAMBUS INC,Semiconductor,United States,114.7300033569336,405735122.0,True,
Electronics & Semiconductors,Foreign,US,SWKS,"SKYWORKS SOLUTIONS, INC.",Semiconductor,United States,68.0,394221449.0,True,
Electronics & Semiconductors,Foreign,US,MKSI,MKS INC,Semiconductor Equip,United States,388.6099853515625,388580832.0,True,
Electronics & Semiconductors,Foreign,US,ONTO,ONTO INNOVATION INC.,Semiconductor Equip,United States,323.9200134277344,372736938.0,True,
Electronics & Semiconductors,Foreign,US,SITM,SITIME Corp,Semiconductor,United States,672.1900024414062,360945413.0,True,
Electronics & Semiconductors,Foreign,US,MXL,"MAXLINEAR, INC",Semiconductor,United States,96.5999984741211,337859534.0,True,
Electronics & Semiconductors,Foreign,US,ENPH,"Enphase Energy, Inc.",Semiconductor Equip,United States,47.58000183105469,328619001.0,True,
Electronics & Semiconductors,Foreign,US,VIAV,VIAVI SOLUTIONS INC.,Telecom. Equipment,United States,47.630001068115234,319081180.0,True,
Electronics & Semiconductors,Foreign,US,GFS,GLOBALFOUNDRIES Inc.,Semiconductor,United States,79.77999877929688,279172375.0,True,
Electronics & Semiconductors,Foreign,US,AEIS,ADVANCED ENERGY INDUSTRIES INC,Electronics (General),United States,348.1099853515625,277148699.0,True,
Electronics & Semiconductors,Foreign,US,LSCC,LATTICE SEMICONDUCTOR CORP,Semiconductor,United States,138.75999450683594,259309905.0,True,
Electronics & Semiconductors,Foreign,US,ZBRA,ZEBRA TECHNOLOGIES CORP,Electronics (General),United States,251.52999877929688,230943561.0,True,
Electronics & Semiconductors,Foreign,US,FFIV,"F5, INC.",Telecom. Equipment,United States,394.5299987792969,213442951.0,True,
Electronics & Semiconductors,Foreign,US,SANM,SANMINA CORP,Electronics (General),United States,236.5500030517578,210167727.0,True,
Electronics & Semiconductors,Foreign,US,VSAT,VIASAT INC,Telecom. Equipment,United States,61.95000076293945,203918044.0,True,
Electronics & Semiconductors,Foreign,US,PENG,"Penguin Solutions, Inc.",Semiconductor,United States,62.279998779296875,201327378.0,True,
Electronics & Semiconductors,Foreign,US,OUST,"Ouster, Inc.",Electronics (General),United States,42.02000045776367,187862518.0,True,
Electronics & Semiconductors,Foreign,US,FORM,FORMFACTOR INC,Semiconductor Equip,United States,130.74000549316406,186410920.0,True,
Electronics & Semiconductors,Foreign,US,TDY,TELEDYNE TECHNOLOGIES INC,Electronics (General),United States,624.2899780273438,186175509.0,True,
Electronics & Semiconductors,Foreign,US,AEHR,AEHR TEST SYSTEMS,Semiconductor Equip,United States,91.80999755859375,173175016.0,True,
Electronics & Semiconductors,Foreign,US,ACMR,"ACM Research, Inc.",Semiconductor Equip,United States,104.5,151239240.0,True,
Electronics & Semiconductors,Foreign,US,UMAC,"Unusual Machines, Inc.",Electronics (General),United States,19.100000381469727,148830338.0,True,
Electronics & Semiconductors,Foreign,US,ALGM,"ALLEGRO MICROSYSTEMS, INC.",Semiconductor,United States,57.88999938964844,145694127.0,True,
Electronics & Semiconductors,Foreign,US,UCTT,"Ultra Clean Holdings, Inc.",Semiconductor Equip,United States,118.81999969482422,144497415.0,True,
Electronics & Semiconductors,Foreign,US,LFUS,LITTELFUSE INC /DE,Electronics (General),United States,452.3599853515625,136405903.0,True,
Electronics & Semiconductors,Foreign,US,QRVO,"Qorvo, Inc.",Semiconductor,United States,93.87999725341797,132166308.0,True,
Electronics & Semiconductors,Foreign,US,CGNX,COGNEX CORP,Electronics (General),United States,66.55999755859375,125177916.0,True,
Electronics & Semiconductors,Foreign,US,SYNA,SYNAPTICS Inc,Semiconductor,United States,121.0,107149154.0,True,
Electronics & Semiconductors,Foreign,US,RAL,Ralliant Corp,Electronics (General),United States,72.16999816894531,107011743.0,True,
Electronics & Semiconductors,Foreign,US,VECO,VEECO INSTRUMENTS INC,Semiconductor Equip,United States,70.94999694824219,103628109.0,True,
Electronics & Semiconductors,Foreign,US,ACLS,AXCELIS TECHNOLOGIES INC,Semiconductor Equip,United States,173.22999572753906,102862241.0,True,
Electronics & Semiconductors,Foreign,US,ICHR,"ICHOR HOLDINGS, LTD.",Semiconductor Equip,United States,94.0,92035092.0,True,
Electronics & Semiconductors,Foreign,US,PLXS,PLEXUS CORP,Electronics (General),United States,287.44000244140625,91323937.0,True,
Electronics & Semiconductors,Foreign,US,COHU,COHU INC,Semiconductor Equip,United States,64.08000183105469,90113314.0,True,
Electronics & Semiconductors,Foreign,US,CRUS,"CIRRUS LOGIC, INC.",Semiconductor,United States,146.5,87530087.0,True,
Electronics & Semiconductors,Foreign,US,POWI,POWER INTEGRATIONS INC,Semiconductor,United States,79.37000274658203,87182800.0,True,
Electronics & Semiconductors,Foreign,US,NOVT,NOVANTA INC,Electronics (General),United States,157.5500030517578,86936473.0,True,
Electronics & Semiconductors,Foreign,US,SLAB,SILICON LABORATORIES INC.,Semiconductor,United States,218.4199981689453,80520413.0,True,
Electronics & Semiconductors,Foreign,US,LASR,"NLIGHT, INC.",Electronics (General),United States,61.369998931884766,75104799.0,True,
Electronics & Semiconductors,Foreign,US,VPG,"Vishay Precision Group, Inc.",Electronics (General),United States,127.81999969482422,68404474.0,True,
Electronics & Semiconductors,Foreign,US,EXTR,EXTREME NETWORKS INC,Telecom. Equipment,United States,31.739999771118164,60691073.0,True,
Electronics & Semiconductors,Foreign,US,MRAM,EVERSPIN TECHNOLOGIES INC.,Semiconductor,United States,21.75,57958657.0,True,
Electronics & Semiconductors,Foreign,US,LPTH,LIGHTPATH TECHNOLOGIES INC,Electronics (General),United States,13.130000114440918,54452805.0,True,
Electronics & Semiconductors,Foreign,US,DIOD,DIODES INC /DEL/,Semiconductor,United States,104.13999938964844,54259016.0,True,
Electronics & Semiconductors,Foreign,US,AEVA,"Aeva Technologies, Inc.",Electronics (General),United States,20.889999389648438,52336920.0,True,
Electronics & Semiconductors,Foreign,US,AMBQ,"Ambiq Micro, Inc.",Semiconductor,United States,80.1500015258789,50652991.0,True,
Electronics & Semiconductors,Foreign,US,ROG,ROGERS CORP,Electronics (General),United States,160.52999877929688,48183164.0,True,
Electronics & Semiconductors,Foreign,US,LWLG,"Lightwave Logic, Inc.",Electronics (General),United States,7.889999866485596,47339594.0,True,
Electronics & Semiconductors,Foreign,US,PDFS,PDF SOLUTIONS INC,Semiconductor Equip,United States,63.0099983215332,44598711.0,True,
Electronics & Semiconductors,Foreign,US,IPGP,IPG PHOTONICS CORP,Electronics (General),United States,107.19000244140625,43440808.0,True,
Electronics & Semiconductors,Foreign,US,HLIT,HARMONIC INC.,Telecom. Equipment,United States,14.899999618530273,43213307.0,True,
Electronics & Semiconductors,Foreign,US,CEVA,CEVA INC,Semiconductor,United States,42.31999969482422,42469205.0,True,
Electronics & Semiconductors,Foreign,US,KN,Knowles Corp,Electronics (General),United States,40.04999923706055,41342889.0,True,
Electronics & Semiconductors,Foreign,US,BHE,BENCHMARK ELECTRONICS INC,Electronics (General),United States,92.05000305175781,38617928.0,True,
Electronics & Semiconductors,Foreign,US,AMPG,"AmpliTech Group, Inc.",Electronics (General),United States,6.550000190734863,36875356.0,True,
Electronics & Semiconductors,Foreign,US,ADTN,"ADTRAN Holdings, Inc.",Telecom. Equipment,United States,13.520000457763672,36629817.0,True,
Electronics & Semiconductors,Foreign,US,AOSL,ALPHA & OMEGA SEMICONDUCTOR Ltd,Semiconductor,United States,43.9900016784668,36320752.0,True,
Electronics & Semiconductors,Foreign,US,KOPN,KOPIN CORP,Semiconductor,United States,3.819999933242798,33698965.0,True,
Electronics & Semiconductors,Foreign,US,SKYT,"SkyWater Technology, Inc",Semiconductor,United States,34.91999816894531,25745185.0,True,
Electronics & Semiconductors,Foreign,US,NTCT,NETSCOUT SYSTEMS INC,Telecom. Equipment,United States,41.59000015258789,25504447.0,True,
Electronics & Semiconductors,Foreign,US,DBD,"DIEBOLD NIXDORF, Inc",Computers/Peripherals,United States,84.9800033569336,22795519.0,True,
Electronics & Semiconductors,Foreign,US,CTS,CTS CORP,Electronics (General),United States,65.0,22276233.0,True,
Electronics & Semiconductors,Foreign,US,OSS,"ONE STOP SYSTEMS, INC.",Computers/Peripherals,United States,16.239999771118164,21919512.0,True,
Electronics & Semiconductors,Foreign,US,ALMU,"Aeluma, Inc.",Semiconductor Equip,United States,20.020000457763672,21745696.0,True,
Electronics & Semiconductors,Foreign,US,DGII,DIGI INTERNATIONAL INC,Telecom. Equipment,United States,70.55000305175781,21291710.0,True,
Electronics & Semiconductors,Foreign,US,NVEC,NVE CORP /NEW/,Semiconductor,United States,96.18000030517578,21174848.0,True,
Electronics & Semiconductors,Foreign,US,CRSR,"Corsair Gaming, Inc.",Computers/Peripherals,United States,8.609999656677246,20752374.0,True,
Electronics & Semiconductors,Foreign,US,QMCO,QUANTUM CORP /DE/,Computers/Peripherals,United States,11.649999618530273,17980698.0,True,
Electronics & Semiconductors,Foreign,US,XRX,Xerox Holdings Corp,Computers/Peripherals,United States,3.309999942779541,17245351.0,True,
Electronics & Semiconductors,Foreign,US,CPSH,CPS TECHNOLOGIES CORP/DE/,Electronics (General),United States,5.679999828338623,14744224.0,True,
Electronics & Semiconductors,Foreign,US,ASTI,"Ascent Solar Technologies, Inc.",Semiconductor,United States,4.880000114440918,13354912.0,True,
Electronics & Semiconductors,Foreign,US,ASTC,ASTROTECH Corp,Electronics (General),United States,9.3100004196167,12777825.0,True,
Electronics & Semiconductors,Foreign,US,FEIM,FREQUENCY ELECTRONICS INC,Electronics (General),United States,62.52000045776367,12189200.0,True,
Electronics & Semiconductors,Foreign,US,OPTX,"SYNTEC OPTICS HOLDINGS, INC.",Electronics (General),United States,10.5600004196167,11769947.0,True,
Electronics & Semiconductors,Foreign,US,GCTS,"GCT Semiconductor Holding, Inc.",Semiconductor,United States,2.3499999046325684,11675183.0,True,
Electronics & Semiconductors,Foreign,US,MPTI,"M-tron Industries, Inc.",Electronics (General),United States,93.52999877929688,11646653.0,True,
Electronics & Semiconductors,Foreign,US,OCC,OPTICAL CABLE CORP,Telecom. Equipment,United States,18.3700008392334,10231150.0,True,
Electronics & Semiconductors,Foreign,US,KODK,EASTMAN KODAK CO,Computers/Peripherals,United States,9.569999694824219,10025593.0,True,
Electronics & Semiconductors,Foreign,US,ATOM,Atomera Inc,Semiconductor Equip,United States,7.079999923706055,10000227.0,True,
Electronics & Semiconductors,Foreign,US,CLFD,"Clearfield, Inc.",Telecom. Equipment,United States,38.630001068115234,9926498.0,True,
Electronics & Semiconductors,Foreign,US,QUIK,QUICKLOGIC Corp,Semiconductor,United States,18.530000686645508,9408273.0,True,
Electronics & Semiconductors,Foreign,US,TRT,TRIO-TECH INTERNATIONAL,Semiconductor Equip,United States,11.770000457763672,9151796.0,True,
Electronics & Semiconductors,Foreign,US,ASYS,AMTECH SYSTEMS INC,Semiconductor Equip,United States,19.549999237060547,8410224.0,True,
Electronics & Semiconductors,Foreign,US,MEI,METHODE ELECTRONICS INC,Electronics (General),United States,19.15999984741211,6690331.0,True,
Electronics & Semiconductors,Foreign,US,RFIL,R F INDUSTRIES LTD,Electronics (General),United States,21.43000030517578,4572602.0,True,
Electronics & Semiconductors,Foreign,US,INTT,INTEST CORP,Semiconductor Equip,United States,16.6200008392334,4192200.0,True,
Electronics & Semiconductors,Foreign,US,NLST,,Electronics (General),United States,2.880000114440918,3943903.0,True,
Electronics & Semiconductors,Foreign,US,IMMR,IMMERSION CORP,Computers/Peripherals,United States,7.019999980926514,3730172.0,True,
Electronics & Semiconductors,Foreign,US,BKTI,BK Technologies Corp,Telecom. Equipment,United States,82.30000305175781,3604154.0,True,
Electronics & Semiconductors,Foreign,US,KVHI,KVH INDUSTRIES INC \DE\,Telecom. Equipment,United States,9.329999923706055,2807356.0,True,
Electronics & Semiconductors,Foreign,US,MASS,908 Devices Inc.,Electronics (General),United States,8.779999732971191,2344108.0,True,
Electronics & Semiconductors,Foreign,US,ALOT,"AstroNova, Inc.",Computers/Peripherals,United States,28.469999313354492,1637712.0,True,
Electronics & Semiconductors,Foreign,US,MOVE,"Corvex, Inc.",Computers/Peripherals,United States,24.459999084472656,759476.0,True,
Electronics & Semiconductors,Foreign,US,PMTS,CPI Card Group Inc.,Computers/Peripherals,United States,20.3799991607666,743487.0,True,
Electronics & Semiconductors,Foreign,US,CVV,CVD EQUIPMENT CORP,Semiconductor Equip,United States,6.519999980926514,617572.0,True,
Electronics & Semiconductors,Foreign,US,AIRG,AIRGAIN INC,Electronics (General),United States,6.230000019073486,556668.0,True,
Electronics & Semiconductors,Foreign,US,NSYS,NORTECH SYSTEMS INC,Electronics (General),United States,16.420000076293945,397909.0,True,
Electronics & Semiconductors,Foreign,US,TACT,TRANSACT TECHNOLOGIES INC,Computers/Peripherals,United States,5.309999942779541,370028.0,True,
Electronics & Semiconductors,Foreign,US,DAIO,DATA I/O CORP,Electronics (General),United States,3.759999990463257,254742.0,True,
Electronics & Semiconductors,India,IN,NETWEB,NETWEB TECH INDIA LTD,Computers/Peripherals,India,4538.2001953125,131960416.0,True,157.25300482503312
Electronics & Semiconductors,India,IN,TEJASNET,TEJAS NETWORKS LIMITED,Telecom. Equipment,India,612.5,56906634.0,True,-12.68709907341411
Electronics & Semiconductors,India,IN,SYRMA,SYRMA SGS TECHNOLOGY LTD,Electronics (General),India,1396.300048828125,17101277.0,True,175.59460488484845
Electronics & Semiconductors,India,IN,PREMIERENE,PREMIER ENERGIES LIMITED,Semiconductor,India,1051.0,12716447.0,True,2.197586060814616
Electronics & Semiconductors,India,IN,CPPLUS,ADITYA INFOTECH LIMITED,Electronics (General),India,3647.0,12003517.0,True,
Electronics & Semiconductors,India,IN,KERNEX,KERNEX MICROSYS(I) LTD,Electronics (General),India,2159.89990234375,6593509.0,True,
Electronics & Semiconductors,India,IN,AVALON,AVALON TECHNOLOGIES LTD,Electronics (General),India,1801.9000244140625,5639923.0,True,115.65436547651946
Electronics & Semiconductors,India,IN,VINDHYATEL,VINDHYA TELELINKS LTD,Telecom. Equipment,India,2078.800048828125,2389709.0,True,22.167376507648374
Electronics & Semiconductors,India,IN,CYIENTDLM,CYIENT DLM LIMITED,Electronics (General),India,460.29998779296875,965019.0,True,1.3207132206074945
Electronics & Semiconductors,India,IN,RISHABH,RISHABH INSTRUMENTS LTD,Electronics (General),India,572.0499877929688,787278.0,True,
Food Processing,Foreign,US,MDLZ,"Mondelez International, Inc.",Food Processing,United States,60.790000915527344,532823825.0,True,
Food Processing,Foreign,US,KHC,Kraft Heinz Co,Food Processing,United States,23.700000762939453,322979628.0,True,
Food Processing,Foreign,US,SJM,J M SMUCKER Co,Food Processing,United States,115.63999938964844,170539667.0,True,
Food Processing,Foreign,US,HRL,HORMEL FOODS CORP /DE/,Food Processing,United States,26.510000228881836,104560896.0,True,
Food Processing,Foreign,US,SEB,SEABOARD CORP /DE/,Food Processing,United States,4738.080078125,60137708.0,True,
Food Processing,Foreign,US,SFD,SMITHFIELD FOODS INC,Food Processing,United States,25.1200008392334,29638437.0,True,
Food Processing,Foreign,US,JBSS,SANFILIPPO JOHN B & SON INC,Food Processing,United States,87.06999969482422,9538973.0,True,
Food Processing,Foreign,US,MAMA,"Mama's Creations, Inc.",Food Processing,United States,19.940000534057617,9103583.0,True,
Food Processing,Foreign,US,WEST,Westrock Coffee Co,Food Processing,United States,9.390000343322754,6919290.0,True,
Food Processing,Foreign,US,LWAY,"Lifeway Foods, Inc.",Food Processing,United States,29.389999389648438,3415214.0,True,
Food Processing,Foreign,US,BRCC,BRC Inc.,Food Processing,United States,1.2999999523162842,1092946.0,True,
Food Processing,Foreign,US,BOF,BranchOut Food Inc.,Food Processing,United States,4.579999923706055,312938.0,True,
Food Processing,India,IN,BALRAMCHIN,BALRAMPUR CHINI MILLS LTD,Food Processing,India,554.9500122070312,2797040.0,True,-6.676197860438937
Food Processing,India,IN,KRBL,KRBL LIMITED,Food Processing,India,375.25,1980797.0,True,9.610046242130487
Food Processing,India,IN,TRIVENI,TRIVENI ENGG. & INDS. LTD,Food Processing,India,422.54998779296875,1808007.0,True,7.656047845342351
Food Processing,India,IN,APEX,APEX FROZEN FOODS LIMITED,Food Processing,India,404.0,1282308.0,True,75.1343908562623
Food Processing,India,IN,SANSTAR,SANSTAR LIMITED,Food Processing,India,121.47000122070312,754643.0,True,33.43952856157708
Food Processing,India,IN,AVADHSUGAR,AVADH SUGAR & ENERGY LIMITED,Food Processing,India,469.95001220703125,600638.0,True,
Food Processing,India,IN,DIAMONDYD,PRATAAP SNACKS LIMITED,Food Processing,India,1150.5999755859375,310606.0,True,13.482586831070886
Green Energy & Fuels,Foreign,US,NEE,NEXTERA ENERGY INC,Power,United States,88.55999755859375,997717946.0,True,
Green Energy & Fuels,Foreign,US,AXP,AMERICAN EXPRESS CO,Oil/Gas (Production and Exploration),United States,340.3599853515625,975729159.0,True,
Green Energy & Fuels,Foreign,US,COP,CONOCOPHILLIPS,Oil/Gas (Production and Exploration),United States,105.95999908447266,788723957.0,True,
Green Energy & Fuels,Foreign,US,AEP,AMERICAN ELECTRIC POWER CO INC,Power,United States,138.69000244140625,684400016.0,True,
Green Energy & Fuels,Foreign,US,SO,SOUTHERN CO,Power,United States,97.16000366210938,654633549.0,True,
Green Energy & Fuels,Foreign,US,DVN,DEVON ENERGY CORP/DE,Oil/Gas (Production and Exploration),United States,42.209999084472656,642399931.0,True,
Green Energy & Fuels,Foreign,US,FANG,"Diamondback Energy, Inc.",Oil/Gas (Production and Exploration),United States,179.91000366210938,525599528.0,True,
Green Energy & Fuels,Foreign,US,EOG,EOG RESOURCES INC,Oil/Gas (Production and Exploration),United States,132.60000610351562,506418951.0,True,
Green Energy & Fuels,Foreign,US,XEL,XCEL ENERGY INC,Power,United States,82.2300033569336,478258640.0,True,
Green Energy & Fuels,Foreign,US,DUK,Duke Energy CORP,Power,United States,128.39999389648438,423896478.0,True,
Green Energy & Fuels,Foreign,US,PPL,PPL Corp,Power,United States,37.02000045776367,404563776.0,True,
Green Energy & Fuels,Foreign,US,ETR,ENTERGY CORP /DE/,Power,United States,115.91000366210938,395757854.0,True,
Green Energy & Fuels,Foreign,US,EXC,EXELON CORP,Power,United States,47.400001525878906,384905562.0,True,
Green Energy & Fuels,Foreign,US,TLN,Talen Energy Corp,Power,United States,404.0899963378906,365603783.0,True,
Green Energy & Fuels,Foreign,US,PCG,PG&E Corp,Power,United States,17.3799991607666,329531342.0,True,
Green Energy & Fuels,Foreign,US,ATO,ATMOS ENERGY CORP,Power,United States,175.1699981689453,280167720.0,True,
Green Energy & Fuels,Foreign,US,ES,EVERSOURCE ENERGY,Power,United States,73.4800033569336,214818657.0,True,
Green Energy & Fuels,Foreign,US,PR,Permian Resources Corp,Oil/Gas (Production and Exploration),United States,18.719999313354492,209308722.0,True,
Green Energy & Fuels,Foreign,US,LNT,ALLIANT ENERGY CORP,Power,United States,77.25,200419966.0,True,
Green Energy & Fuels,Foreign,US,FE,FIRSTENERGY CORP,Power,United States,48.470001220703125,197791659.0,True,
Green Energy & Fuels,Foreign,US,APA,APA Corp,Oil/Gas (Production and Exploration),United States,33.0099983215332,187909797.0,True,
Green Energy & Fuels,Foreign,US,EVRG,"Evergy, Inc.",Power,United States,87.20999908447266,178236967.0,True,
Green Energy & Fuels,Foreign,US,EIX,EDISON INTERNATIONAL,Power,United States,75.66999816894531,166321509.0,True,
Green Energy & Fuels,Foreign,US,TPL,Texas Pacific Land Corp,Oil/Gas (Production and Exploration),United States,395.7900085449219,164541559.0,True,
Green Energy & Fuels,Foreign,US,OVV,Ovintiv Inc.,Oil/Gas (Production and Exploration),United States,53.189998626708984,163379798.0,True,
Green Energy & Fuels,Foreign,US,VG,"Venture Global, Inc.",Oil/Gas (Production and Exploration),United States,10.949999809265137,162503651.0,True,
Green Energy & Fuels,Foreign,US,PNW,PINNACLE WEST CAPITAL CORP,Power,United States,108.08000183105469,135426587.0,True,
Green Energy & Fuels,Foreign,US,AES,AES CORP,Power,United States,14.670000076293945,124740478.0,True,
Green Energy & Fuels,Foreign,US,SM,SM Energy Co,Oil/Gas (Production and Exploration),United States,26.34000015258789,118425131.0,True,
Green Energy & Fuels,Foreign,US,ORA,"ORMAT TECHNOLOGIES, INC.",Green & Renewable Energy,United States,116.12000274658203,117616174.0,True,
Green Energy & Fuels,Foreign,US,PTEN,PATTERSON UTI ENERGY INC,Oil/Gas (Production and Exploration),United States,9.59000015258789,101935759.0,True,
Green Energy & Fuels,Foreign,US,CHRD,Chord Energy Corp,Oil/Gas (Production and Exploration),United States,116.58999633789062,92369501.0,True,
Green Energy & Fuels,Foreign,US,MTDR,Matador Resources Co,Oil/Gas (Production and Exploration),United States,49.900001525878906,88666515.0,True,
Green Energy & Fuels,Foreign,US,VNOM,"Viper Energy, Inc.",Oil/Gas (Production and Exploration),United States,42.56999969482422,83657696.0,True,
Green Energy & Fuels,Foreign,US,IDA,IDACORP INC,Power,United States,152.8800048828125,73141798.0,True,
Green Energy & Fuels,Foreign,US,MUR,MURPHY OIL CORP,Oil/Gas (Production and Exploration),United States,34.619998931884766,71991301.0,True,
Green Energy & Fuels,Foreign,US,MGY,Magnolia Oil & Gas Corp,Oil/Gas (Production and Exploration),United States,26.780000686645508,67251745.0,True,
Green Energy & Fuels,Foreign,US,OGE,OGE ENERGY CORP.,Power,United States,49.58000183105469,61592165.0,True,
Green Energy & Fuels,Foreign,US,UGI,UGI CORP /PA/,Power,United States,35.43000030517578,57678487.0,True,
Green Energy & Fuels,Foreign,US,NE,Noble Corp plc,Oil/Gas (Production and Exploration),United States,38.33000183105469,56785683.0,True,
Green Energy & Fuels,Foreign,US,POR,PORTLAND GENERAL ELECTRIC CO /OR/,Power,United States,52.529998779296875,55308762.0,True,
Green Energy & Fuels,Foreign,US,HP,"Helmerich & Payne, Inc.",Oil/Gas (Production and Exploration),United States,33.79999923706055,46392503.0,True,
Green Energy & Fuels,Foreign,US,NUAI,"New ERA Energy & Digital, Inc.",Oil/Gas (Production and Exploration),United States,5.920000076293945,45923494.0,True,
Green Energy & Fuels,Foreign,US,SWX,"Southwest Gas Holdings, Inc.",Power,United States,90.93000030517578,45228854.0,True,
Green Energy & Fuels,Foreign,US,NJR,NEW JERSEY RESOURCES CORP,Power,United States,57.61000061035156,33813739.0,True,
Green Energy & Fuels,Foreign,US,MDU,MDU RESOURCES GROUP INC,Power,United States,21.8799991607666,32449566.0,True,
Green Energy & Fuels,Foreign,US,KOS,Kosmos Energy Ltd.,Oil/Gas (Production and Exploration),United States,2.180000066757202,32227980.0,True,
Green Energy & Fuels,Foreign,US,TALO,TALOS ENERGY INC.,Oil/Gas (Production and Exploration),United States,13.319999694824219,24929857.0,True,
Green Energy & Fuels,Foreign,US,OTTR,Otter Tail Corp,Power,United States,90.62999725341797,22925289.0,True,
Green Energy & Fuels,Foreign,US,HE,HAWAIIAN ELECTRIC INDUSTRIES INC,Power,United States,13.569999694824219,22412239.0,True,
Green Energy & Fuels,Foreign,US,MGEE,MGE ENERGY INC,Power,United States,79.77999877929688,19404576.0,True,
Green Energy & Fuels,Foreign,US,WTI,W&T OFFSHORE INC,Oil/Gas (Production and Exploration),United States,3.2699999809265137,16594310.0,True,
Green Energy & Fuels,Foreign,US,NWN,Northwest Natural Holding Co,Power,United States,50.83000183105469,12094496.0,True,
Green Energy & Fuels,Foreign,US,REPX,"Riley Exploration Permian, Inc.",Oil/Gas (Production and Exploration),United States,33.7400016784668,8078222.0,True,
Green Energy & Fuels,Foreign,US,EGY,VAALCO ENERGY INC /DE/,Oil/Gas (Production and Exploration),United States,4.929999828338623,6626709.0,True,
Green Energy & Fuels,Foreign,US,HPK,"HighPeak Energy, Inc.",Oil/Gas (Production and Exploration),United States,6.789999961853027,5597767.0,True,
Green Energy & Fuels,Foreign,US,MNR,MACH NATURAL RESOURCES LP,Oil/Gas (Production and Exploration),United States,12.729999542236328,4454290.0,True,
Green Energy & Fuels,Foreign,US,PBT,PERMIAN BASIN ROYALTY TRUST,Oil/Gas (Production and Exploration),United States,24.34000015258789,3248814.0,True,
Green Energy & Fuels,Foreign,US,SBR,SABINE ROYALTY TRUST,Oil/Gas (Production and Exploration),United States,73.16000366210938,2632447.0,True,
Green Energy & Fuels,Foreign,US,ZNOG,,Oil/Gas (Production and Exploration),United States,0.49000000953674316,1787528.0,True,
Green Energy & Fuels,Foreign,US,TXO,"TXO Partners, L.P.",Oil/Gas (Production and Exploration),United States,12.510000228881836,1739684.0,True,
Green Energy & Fuels,Foreign,US,GNE,Genie Energy Ltd.,Power,United States,14.59000015258789,1219028.0,True,
Green Energy & Fuels,Foreign,US,NC,NACCO INDUSTRIES INC,Coal & Related Energy,United States,51.709999084472656,672161.0,True,
Green Energy & Fuels,Foreign,US,NRT,NORTH EUROPEAN OIL ROYALTY TRUST,Oil/Gas (Production and Exploration),United States,7.269999980926514,286650.0,True,
Green Energy & Fuels,India,IN,PTC,PTC INC.,Power,India,180.97999572753906,266578358.0,True,6.653304922917447
Green Energy & Fuels,India,IN,ADANIPOWER,ADANI POWER LTD,Power,India,223.77000427246094,66355796.0,True,-57.79915053796116
Green Energy & Fuels,India,IN,NTPC,NTPC LTD,Power,India,356.6499938964844,55160895.0,True,6.399158982191455
Green Energy & Fuels,India,IN,COALINDIA,COAL INDIA LTD,Coal & Related Energy,India,439.04998779296875,45184977.0,True,12.85181893556755
Green Energy & Fuels,India,IN,ADANIGREEN,ADANI GREEN ENERGY LTD,Green & Renewable Energy,India,1492.199951171875,41485700.0,True,57.45488360781978
Green Energy & Fuels,India,IN,ADANIENSOL,ADANI ENERGY SOLUTION LTD,Power,India,1491.4000244140625,34225193.0,True,80.0990301151494
Green Energy & Fuels,India,IN,NHPC,NHPC LTD,Green & Renewable Energy,India,81.33000183105469,20265998.0,True,-1.1906156683353486
Green Energy & Fuels,India,IN,JPPOWER,JAIPRAKASH POWER VEN. LTD,Power,India,17.670000076293945,15927373.0,True,2.079726293809925
Green Energy & Fuels,India,IN,GAIL,GAIL (INDIA) LTD,Power,India,173.4600067138672,15166059.0,True,-4.6136921133082325
Green Energy & Fuels,India,IN,GMDCLTD,GUJARAT MINERAL DEV CORP,Coal & Related Energy,India,583.9500122070312,11207363.0,False,49.8076014607727
Green Energy & Fuels,India,IN,ACMESOLAR,ACME SOLAR HOLDINGS LTD,Green & Renewable Energy,India,380.54998779296875,8125358.0,True,53.664444648456346
Green Energy & Fuels,India,IN,TORNTPOWER,TORRENT POWER LTD,Power,India,1414.9000244140625,5154805.0,True,1.784047857253701
Green Energy & Fuels,India,IN,MGL,MAHANAGAR GAS LTD.,Power,India,1174.0999755859375,2850809.0,True,-15.823061766280698
Green Energy & Fuels,India,IN,CESC,CESC LTD,Power,India,168.80999755859375,2258673.0,True,3.317215367643045
Green Energy & Fuels,India,IN,BAJEL,BAJEL PROJECTS LIMITED,Power,India,193.02000427246094,702703.0,True,
Green Energy & Fuels,India,IN,GIPCL,GUJ IND POW CO. LTD,Power,India,160.52999877929688,558007.0,True,-16.961518364692306
Medical Devices,Foreign,US,EW,Edwards Lifesciences Corp,Healthcare Products,United States,90.77999877929688,416034019.0,True,
Medical Devices,Foreign,US,DXCM,DEXCOM INC,Healthcare Products,United States,70.13999938964844,392351362.0,True,
Medical Devices,Foreign,US,BDX,BECTON DICKINSON & CO,Healthcare Products,United States,155.9199981689453,338326972.0,True,
Medical Devices,Foreign,US,ALGN,ALIGN TECHNOLOGY INC,Healthcare Products,United States,178.42999267578125,177812368.0,True,
Medical Devices,Foreign,US,ZBH,"ZIMMER BIOMET HOLDINGS, INC.",Healthcare Products,United States,93.0999984741211,172244257.0,True,
Medical Devices,Foreign,US,MASI,MASIMO CORP,Healthcare Products,United States,179.9499969482422,144129115.0,True,
Medical Devices,Foreign,US,SOLV,Solventum Corp,Healthcare Products,United States,79.52999877929688,140213499.0,True,
Medical Devices,Foreign,US,BAX,BAXTER INTERNATIONAL INC,Healthcare Products,United States,22.040000915527344,135331269.0,True,
Medical Devices,Foreign,US,GMED,GLOBUS MEDICAL INC,Healthcare Products,United States,86.25,130886047.0,True,
Medical Devices,Foreign,US,GKOS,GLAUKOS Corp,Healthcare Products,United States,144.4199981689453,126536888.0,True,
Medical Devices,Foreign,US,PEN,Penumbra Inc,Healthcare Products,United States,316.6300048828125,124131076.0,True,
Medical Devices,Foreign,US,LNTH,"Lantheus Holdings, Inc.",Healthcare Products,United States,109.80000305175781,86013904.0,True,
Medical Devices,Foreign,US,HAE,HAEMONETICS CORP,Healthcare Products,United States,77.29000091552734,73758375.0,True,
Medical Devices,Foreign,US,TFX,TELEFLEX INC,Healthcare Products,United States,129.86000061035156,69504613.0,True,
Medical Devices,Foreign,US,NVST,Envista Holdings Corp,Healthcare Products,United States,26.959999084472656,62622401.0,True,
Medical Devices,Foreign,US,AXGN,"Axogen, Inc.",Healthcare Products,United States,44.93000030517578,50218902.0,True,
Medical Devices,Foreign,US,UFPT,UFP TECHNOLOGIES INC,Healthcare Products,United States,259.79998779296875,49688447.0,True,
Medical Devices,Foreign,US,ICUI,ICU MEDICAL INC/DE,Healthcare Products,United States,148.27000427246094,37979321.0,True,
Medical Devices,Foreign,US,BFLY,"Butterfly Network, Inc.",Healthcare Products,United States,8.890000343322754,36830912.0,True,
Medical Devices,Foreign,US,ITGR,Integer Holdings Corp,Healthcare Products,United States,93.88999938964844,33817226.0,True,
Medical Devices,Foreign,US,OMCL,"OMNICELL, INC.",Healthcare Products,United States,40.130001068115234,27894132.0,True,
Medical Devices,Foreign,US,LMAT,LEMAITRE VASCULAR INC,Healthcare Products,United States,95.66000366210938,25636770.0,True,
Medical Devices,Foreign,US,AVNS,"AVANOS MEDICAL, INC.",Healthcare Products,United States,24.950000762939453,23442390.0,True,
Medical Devices,Foreign,US,STAA,STAAR SURGICAL CO,Healthcare Products,United States,29.290000915527344,17094714.0,True,
Medical Devices,Foreign,US,NEOG,NEOGEN CORP,Healthcare Products,United States,9.579999923706055,16554585.0,True,
Medical Devices,Foreign,US,IART,INTEGRA LIFESCIENCES HOLDINGS CORP,Healthcare Products,United States,18.760000228881836,15245017.0,True,
Medical Devices,Foreign,US,IRMD,IRADIMED CORP,Healthcare Products,United States,93.95999908447266,13443968.0,True,
Medical Devices,Foreign,US,CLPT,"ClearPoint Neuro, Inc.",Healthcare Products,United States,18.479999542236328,8972881.0,True,
Medical Devices,Foreign,US,PLSE,"PULSE BIOSCIENCES, INC.",Healthcare Products,United States,28.450000762939453,7158456.0,True,
Medical Devices,Foreign,US,SIBN,"SI-BONE, Inc.",Healthcare Products,United States,17.329999923706055,7015546.0,True,
Medical Devices,Foreign,US,CERS,CERUS CORP,Healthcare Products,United States,2.9200000762939453,6539469.0,True,
Medical Devices,Foreign,US,DCTH,"DELCATH SYSTEMS, INC.",Healthcare Products,United States,12.9399995803833,6008327.0,True,
Medical Devices,Foreign,US,KMTS,"KESTRA MEDICAL TECHNOLOGIES, LTD.",Healthcare Products,United States,26.43000030517578,5977500.0,True,
Medical Devices,Foreign,US,BVS,Bioventus Inc.,Healthcare Products,United States,9.779999732971191,5586170.0,True,
Medical Devices,Foreign,US,TCMD,TACTILE SYSTEMS TECHNOLOGY INC,Healthcare Products,United States,30.280000686645508,5038067.0,True,
Medical Devices,Foreign,US,CBLL,"Ceribell, Inc.",Healthcare Products,United States,19.979999542236328,5036317.0,True,
Medical Devices,Foreign,US,PDEX,PRO DEX INC,Healthcare Products,United States,61.470001220703125,4364471.0,True,
Medical Devices,Foreign,US,ANGO,ANGIODYNAMICS INC,Healthcare Products,United States,13.399999618530273,3995091.0,True,
Medical Devices,Foreign,US,TMCI,"TREACE MEDICAL CONCEPTS, INC.",Healthcare Products,United States,4.460000038146973,3213776.0,True,
Medical Devices,Foreign,US,OSUR,ORASURE TECHNOLOGIES INC,Healthcare Products,United States,4.460000038146973,3086762.0,True,
Medical Devices,Foreign,US,NPCE,NeuroPace Inc,Healthcare Products,United States,16.469999313354492,2577932.0,True,
Medical Devices,Foreign,US,KIDS,ORTHOPEDIATRICS CORP,Healthcare Products,United States,20.299999237060547,2468630.0,True,
Medical Devices,Foreign,US,ELMD,"Electromed, Inc.",Healthcare Products,United States,41.459999084472656,2144934.0,True,
Medical Devices,Foreign,US,INGN,Inogen Inc,Healthcare Products,United States,6.940000057220459,2032450.0,True,
Medical Devices,Foreign,US,AGPU,Axe Compute Inc.,Healthcare Products,United States,7.159999847412109,1779896.0,True,
Medical Devices,Foreign,US,SI,"SHOULDER INNOVATIONS, INC.",Healthcare Products,United States,22.790000915527344,1730612.0,True,
Medical Devices,Foreign,US,SMTI,Sanara MedTech Inc.,Healthcare Products,United States,23.8799991607666,1350600.0,True,
Medical Devices,Foreign,US,MYO,"MYOMO, INC.",Healthcare Products,United States,1.0299999713897705,1325812.0,True,
Medical Devices,Foreign,US,ECOR,"electroCore, Inc.",Healthcare Products,United States,7.840000152587891,1153308.0,True,
Medical Devices,Foreign,US,CV,"CapsoVision, Inc",Healthcare Products,United States,7.519999980926514,868924.0,True,
Medical Devices,Foreign,US,OBIO,"Orchestra BioMed Holdings, Inc.",Healthcare Products,United States,4.239999771118164,808197.0,True,
Medical Devices,Foreign,US,HYPR,"Hyperfine, Inc.",Healthcare Products,United States,1.4700000286102295,732376.0,True,
Medical Devices,Foreign,US,SGHT,"Sight Sciences, Inc.",Healthcare Products,United States,5.690000057220459,716446.0,True,
Medical Devices,Foreign,US,NRXS,"Neuraxis, INC",Healthcare Products,United States,7.269999980926514,670971.0,True,
Medical Devices,Foreign,US,APYX,Apyx Medical Corp,Healthcare Products,United States,4.5,641152.0,True,
Medical Devices,Foreign,US,UTMD,UTAH MEDICAL PRODUCTS INC,Healthcare Products,United States,73.97000122070312,636139.0,True,
Medical Devices,Foreign,US,ACU,ACME UNITED CORP,Healthcare Products,United States,48.939998626708984,579847.0,True,
Pharma & Bulk Drugs,Foreign,US,LLY,ELI LILLY & Co,Drugs (Pharmaceutical),United States,1208.1199951171875,3285993314.0,True,
Pharma & Bulk Drugs,Foreign,US,JNJ,JOHNSON & JOHNSON,Drugs (Pharmaceutical),United States,254.66000366210938,1915915454.0,True,
Pharma & Bulk Drugs,Foreign,US,ABBV,AbbVie Inc.,Drugs (Biotechnology),United States,253.35000610351562,1292663538.0,True,
Pharma & Bulk Drugs,Foreign,US,MRK,"Merck & Co., Inc.",Drugs (Pharmaceutical),United States,128.66000366210938,1277609237.0,True,
Pharma & Bulk Drugs,Foreign,US,AMGN,AMGEN INC,Drugs (Biotechnology),United States,358.3299865722656,999752052.0,True,
Pharma & Bulk Drugs,Foreign,US,BMY,BRISTOL MYERS SQUIBB CO,Drugs (Pharmaceutical),United States,57.52000045776367,726166527.0,True,
Pharma & Bulk Drugs,Foreign,US,VRTX,VERTEX PHARMACEUTICALS INC / MA,Drugs (Biotechnology),United States,491.3399963378906,669041106.0,True,
Pharma & Bulk Drugs,Foreign,US,RVMD,"Revolution Medicines, Inc.",Drugs (Biotechnology),United States,182.0800018310547,443575095.0,True,
Pharma & Bulk Drugs,Foreign,US,MRNA,"Moderna, Inc.",Drugs (Biotechnology),United States,67.2699966430664,335407677.0,True,
Pharma & Bulk Drugs,Foreign,US,NTRA,"Natera, Inc.",Drugs (Biotechnology),United States,261.9100036621094,297722924.0,True,
Pharma & Bulk Drugs,Foreign,US,NUVL,"Nuvalent, Inc.",Drugs (Biotechnology),United States,123.5199966430664,276239859.0,True,
Pharma & Bulk Drugs,Foreign,US,UTHR,UNITED THERAPEUTICS Corp,Drugs (Biotechnology),United States,542.6599731445312,245506337.0,True,
Pharma & Bulk Drugs,Foreign,US,INCY,INCYTE CORP,Drugs (Biotechnology),United States,113.75,225482376.0,True,
Pharma & Bulk Drugs,Foreign,US,RPRX,Royalty Pharma plc,Drugs (Pharmaceutical),United States,56.22999954223633,213824348.0,True,
Pharma & Bulk Drugs,Foreign,US,BIIB,BIOGEN INC.,Drugs (Biotechnology),United States,216.02999877929688,207518622.0,True,
Pharma & Bulk Drugs,Foreign,US,AXSM,"Axsome Therapeutics, Inc.",Drugs (Pharmaceutical),United States,241.6699981689453,188034908.0,True,
Pharma & Bulk Drugs,Foreign,US,BBIO,"BridgeBio Pharma, Inc.",Drugs (Biotechnology),United States,70.23999786376953,177308391.0,True,
Pharma & Bulk Drugs,Foreign,US,NBIX,NEUROCRINE BIOSCIENCES INC,Drugs (Biotechnology),United States,168.52000427246094,175110590.0,True,
Pharma & Bulk Drugs,Foreign,US,TWST,Twist Bioscience Corp,Drugs (Biotechnology),United States,99.83999633789062,161192932.0,True,
Pharma & Bulk Drugs,Foreign,US,PRAX,"Praxis Precision Medicines, Inc.",Drugs (Biotechnology),United States,327.7900085449219,157737219.0,True,
Pharma & Bulk Drugs,Foreign,US,PTCT,"PTC THERAPEUTICS, INC.",Drugs (Biotechnology),United States,84.43000030517578,152907708.0,True,
Pharma & Bulk Drugs,Foreign,US,CYTK,CYTOKINETICS INC,Drugs (Biotechnology),United States,82.19000244140625,151674837.0,True,
Pharma & Bulk Drugs,Foreign,US,VTRS,Viatris Inc,Drugs (Pharmaceutical),United States,16.329999923706055,143833643.0,True,
Pharma & Bulk Drugs,Foreign,US,CELC,Celcuity Inc.,Drugs (Biotechnology),United States,99.94999694824219,141097047.0,True,
Pharma & Bulk Drugs,Foreign,US,LQDA,Liquidia Corp,Drugs (Pharmaceutical),United States,78.16999816894531,138734838.0,True,
Pharma & Bulk Drugs,Foreign,US,TNGX,"Tango Therapeutics, Inc.",Drugs (Biotechnology),United States,31.469999313354492,137822993.0,True,
Pharma & Bulk Drugs,Foreign,US,MDGL,"MADRIGAL PHARMACEUTICALS, INC.",Drugs (Biotechnology),United States,512.6500244140625,136669749.0,True,
Pharma & Bulk Drugs,Foreign,US,IONS,IONIS PHARMACEUTICALS INC,Drugs (Biotechnology),United States,81.18000030517578,132272729.0,True,
Pharma & Bulk Drugs,Foreign,US,HALO,"HALOZYME THERAPEUTICS, INC.",Drugs (Biotechnology),United States,74.95999908447266,128499645.0,True,
Pharma & Bulk Drugs,Foreign,US,TGTX,"TG THERAPEUTICS, INC.",Drugs (Biotechnology),United States,55.83000183105469,127955828.0,True,
Pharma & Bulk Drugs,Foreign,US,ELAN,Elanco Animal Health Inc,Drugs (Pharmaceutical),United States,24.56999969482422,125284785.0,True,
Pharma & Bulk Drugs,Foreign,US,EXEL,"EXELIXIS, INC.",Drugs (Biotechnology),United States,54.77000045776367,124765075.0,True,
Pharma & Bulk Drugs,Foreign,US,BMRN,BIOMARIN PHARMACEUTICAL INC,Drugs (Biotechnology),United States,59.0,120639830.0,True,
Pharma & Bulk Drugs,Foreign,US,APGE,"Apogee Therapeutics, Inc.",Drugs (Biotechnology),United States,132.5500030517578,111499073.0,True,
Pharma & Bulk Drugs,Foreign,US,TVTX,"Travere Therapeutics, Inc.",Drugs (Biotechnology),United States,58.849998474121094,111072584.0,True,
Pharma & Bulk Drugs,Foreign,US,ARWR,"ARROWHEAD PHARMACEUTICALS, INC.",Drugs (Biotechnology),United States,78.88999938964844,110358765.0,True,
Pharma & Bulk Drugs,Foreign,US,SYRE,"Spyre Therapeutics, Inc.",Drugs (Biotechnology),United States,87.88999938964844,110257394.0,True,
Pharma & Bulk Drugs,Foreign,US,KRYS,"Krystal Biotech, Inc.",Drugs (Biotechnology),United States,372.25,95219456.0,True,
Pharma & Bulk Drugs,Foreign,US,COGT,"Cogent Biosciences, Inc.",Drugs (Biotechnology),United States,38.099998474121094,89170639.0,True,
Pharma & Bulk Drugs,Foreign,US,DNTH,"Dianthus Therapeutics, Inc. /DE/",Drugs (Biotechnology),United States,95.3499984741211,85563489.0,True,
Pharma & Bulk Drugs,Foreign,US,IBRX,"ImmunityBio, Inc.",Drugs (Biotechnology),United States,8.710000038146973,84417960.0,True,
Pharma & Bulk Drugs,Foreign,US,ELVN,"Enliven Therapeutics, Inc.",Drugs (Pharmaceutical),United States,50.08000183105469,81928534.0,True,
Pharma & Bulk Drugs,Foreign,US,PTGX,"Protagonist Therapeutics, Inc",Drugs (Biotechnology),United States,121.87999725341797,79503726.0,True,
Pharma & Bulk Drugs,Foreign,US,NTLA,"Intellia Therapeutics, Inc.",Drugs (Biotechnology),United States,16.68000030517578,79122623.0,True,
Pharma & Bulk Drugs,Foreign,US,ORKA,"Oruka Therapeutics, Inc.",Drugs (Biotechnology),United States,90.5999984741211,78023530.0,True,
Pharma & Bulk Drugs,Foreign,US,MIRM,"Mirum Pharmaceuticals, Inc.",Drugs (Biotechnology),United States,123.7699966430664,76278106.0,True,
Pharma & Bulk Drugs,Foreign,US,ERAS,"Erasca, Inc.",Drugs (Biotechnology),United States,16.010000228881836,74457176.0,True,
Pharma & Bulk Drugs,Foreign,US,VKTX,"Viking Therapeutics, Inc.",Drugs (Biotechnology),United States,38.040000915527344,70919453.0,True,
Pharma & Bulk Drugs,Foreign,US,CORT,CORCEPT THERAPEUTICS INC,Drugs (Pharmaceutical),United States,87.31999969482422,70231767.0,True,
Pharma & Bulk Drugs,Foreign,US,PCVX,"Vaxcyte, Inc.",Drugs (Biotechnology),United States,56.52000045776367,68665238.0,True,
Pharma & Bulk Drugs,Foreign,US,VCYT,"VERACYTE, INC.",Drugs (Biotechnology),United States,60.4900016784668,68558521.0,True,
Pharma & Bulk Drugs,Foreign,US,BEAM,Beam Therapeutics Inc.,Drugs (Biotechnology),United States,34.810001373291016,64312353.0,True,
Pharma & Bulk Drugs,Foreign,US,RYTM,"RHYTHM PHARMACEUTICALS, INC.",Drugs (Biotechnology),United States,109.83999633789062,63452968.0,True,
Pharma & Bulk Drugs,Foreign,US,INDV,"Indivior Pharmaceuticals, Inc.",Drugs (Pharmaceutical),United States,41.83000183105469,62580640.0,True,
Pharma & Bulk Drugs,Foreign,US,SLS,"SELLAS Life Sciences Group, Inc.",Drugs (Biotechnology),United States,12.390000343322754,58577118.0,True,
Pharma & Bulk Drugs,Foreign,US,LGND,LIGAND PHARMACEUTICALS INC,Drugs (Pharmaceutical),United States,303.5899963378906,57942876.0,True,
Pharma & Bulk Drugs,Foreign,US,KYMR,"Kymera Therapeutics, Inc.",Drugs (Biotechnology),United States,108.12000274658203,56855352.0,True,
Pharma & Bulk Drugs,Foreign,US,NKTR,NEKTAR THERAPEUTICS,Drugs (Pharmaceutical),United States,63.650001525878906,56123861.0,True,
Pharma & Bulk Drugs,Foreign,US,CGON,"CG Oncology, Inc.",Drugs (Biotechnology),United States,71.95999908447266,55632075.0,True,
Pharma & Bulk Drugs,Foreign,US,IMVT,"Immunovant, Inc.",Drugs (Biotechnology),United States,38.849998474121094,53038330.0,True,
Pharma & Bulk Drugs,Foreign,US,RLAY,"Relay Therapeutics, Inc.",Drugs (Biotechnology),United States,18.559999465942383,52846791.0,True,
Pharma & Bulk Drugs,Foreign,US,SRRK,Scholar Rock Holding Corp,Drugs (Biotechnology),United States,54.7599983215332,52292510.0,True,
Pharma & Bulk Drugs,Foreign,US,KALV,"KalVista Pharmaceuticals, Inc.",Drugs (Biotechnology),United States,27.0,49988403.0,True,
Pharma & Bulk Drugs,Foreign,US,CPRX,"CATALYST PHARMACEUTICALS, INC.",Drugs (Biotechnology),United States,31.5,49719426.0,True,
Pharma & Bulk Drugs,Foreign,US,IOVA,"IOVANCE BIOTHERAPEUTICS, INC.",Drugs (Biotechnology),United States,4.25,49106022.0,True,
Pharma & Bulk Drugs,Foreign,US,EWTX,"Edgewise Therapeutics, Inc.",Drugs (Pharmaceutical),United States,41.459999084472656,45205607.0,True,
Pharma & Bulk Drugs,Foreign,US,RARE,Ultragenyx Pharmaceutical Inc.,Drugs (Biotechnology),United States,30.770000457763672,44579384.0,True,
Pharma & Bulk Drugs,Foreign,US,VERA,"Vera Therapeutics, Inc.",Drugs (Biotechnology),United States,42.459999084472656,44116838.0,True,
Pharma & Bulk Drugs,Foreign,US,NRIX,"Nurix Therapeutics, Inc.",Drugs (Biotechnology),United States,22.899999618530273,42167332.0,True,
Pharma & Bulk Drugs,Foreign,US,ARQT,"Arcutis Biotherapeutics, Inc.",Drugs (Biotechnology),United States,27.0,40627433.0,True,
Pharma & Bulk Drugs,Foreign,US,BHVN,Biohaven Ltd.,Drugs (Biotechnology),United States,15.829999923706055,40453521.0,True,
Pharma & Bulk Drugs,Foreign,US,ABSI,Absci Corp,Drugs (Biotechnology),United States,10.890000343322754,39815780.0,True,
Pharma & Bulk Drugs,Foreign,US,IDYA,"IDEAYA Biosciences, Inc.",Drugs (Biotechnology),United States,36.7400016784668,38493188.0,True,
Pharma & Bulk Drugs,Foreign,US,DNLI,Denali Therapeutics Inc.,Drugs (Biotechnology),United States,25.56999969482422,38286980.0,True,
Pharma & Bulk Drugs,Foreign,US,NVAX,NOVAVAX INC,Drugs (Biotechnology),United States,8.880000114440918,38235290.0,True,
Pharma & Bulk Drugs,Foreign,US,IRON,"Disc Medicine, Inc.",Drugs (Biotechnology),United States,74.77999877929688,35605275.0,True,
Pharma & Bulk Drugs,Foreign,US,BCRX,BIOCRYST PHARMACEUTICALS INC,Drugs (Biotechnology),United States,9.9399995803833,34670003.0,True,
Pharma & Bulk Drugs,Foreign,US,OGN,Organon & Co.,Drugs (Pharmaceutical),United States,13.5,34370784.0,True,
Pharma & Bulk Drugs,Foreign,US,PVLA,"PALVELLA THERAPEUTICS, INC.",Drugs (Biotechnology),United States,148.2100067138672,33806944.0,True,
Pharma & Bulk Drugs,Foreign,US,REPL,"Replimune Group, Inc.",Drugs (Biotechnology),United States,11.630000114440918,33102533.0,True,
Pharma & Bulk Drugs,Foreign,US,SNDX,Syndax Pharmaceuticals Inc,Drugs (Biotechnology),United States,21.309999465942383,32336597.0,True,
Pharma & Bulk Drugs,Foreign,US,DYN,"Dyne Therapeutics, Inc.",Drugs (Biotechnology),United States,20.940000534057617,32267765.0,True,
Pharma & Bulk Drugs,Foreign,US,RCUS,"Arcus Biosciences, Inc.",Drugs (Biotechnology),United States,31.0,32198969.0,True,
Pharma & Bulk Drugs,Foreign,US,INBX,"Inhibrx Biosciences, Inc.",Drugs (Biotechnology),United States,94.80999755859375,30460650.0,True,
Pharma & Bulk Drugs,Foreign,US,CLDX,"Celldex Therapeutics, Inc.",Drugs (Biotechnology),United States,35.2599983215332,30096766.0,True,
Pharma & Bulk Drugs,Foreign,US,AGIO,"AGIOS PHARMACEUTICALS, INC.",Drugs (Biotechnology),United States,37.900001525878906,29975530.0,True,
Pharma & Bulk Drugs,Foreign,US,AMRX,"Amneal Pharmaceuticals, Inc.",Drugs (Pharmaceutical),United States,17.229999542236328,29761683.0,True,
Pharma & Bulk Drugs,Foreign,US,ALMS,ALUMIS INC.,Drugs (Pharmaceutical),United States,26.399999618530273,29666519.0,True,
Pharma & Bulk Drugs,Foreign,US,TYRA,"Tyra Biosciences, Inc.",Drugs (Biotechnology),United States,31.8799991607666,29601812.0,True,
Pharma & Bulk Drugs,Foreign,US,MBX,"MBX Biosciences, Inc.",Drugs (Pharmaceutical),United States,52.310001373291016,29559707.0,True,
Pharma & Bulk Drugs,Foreign,US,ESPR,"Esperion Therapeutics, Inc.",Drugs (Pharmaceutical),United States,3.1700000762939453,29495829.0,True,
Pharma & Bulk Drugs,Foreign,US,HROW,"HARROW, INC.",Drugs (Pharmaceutical),United States,42.06999969482422,28982024.0,True,
Pharma & Bulk Drugs,Foreign,US,IMNM,Immunome Inc.,Drugs (Biotechnology),United States,19.959999084472656,28277083.0,True,
Pharma & Bulk Drugs,Foreign,US,ANAB,"ANAPTYSBIO, INC",Drugs (Biotechnology),United States,63.150001525878906,28002381.0,True,
Pharma & Bulk Drugs,Foreign,US,ACAD,ACADIA PHARMACEUTICALS INC,Drugs (Biotechnology),United States,25.31999969482422,26093709.0,True,
Pharma & Bulk Drugs,Foreign,US,NUVB,Nuvation Bio Inc.,Drugs (Pharmaceutical),United States,5.650000095367432,26066464.0,True,
Pharma & Bulk Drugs,Foreign,US,HRMY,"Harmony Biosciences Holdings, Inc.",Drugs (Pharmaceutical),United States,35.470001220703125,25443167.0,True,
Pharma & Bulk Drugs,Foreign,US,CAPR,"CAPRICOR THERAPEUTICS, INC.",Drugs (Biotechnology),United States,26.440000534057617,24845264.0,True,
Pharma & Bulk Drugs,Foreign,US,ANIP,ANI PHARMACEUTICALS INC,Drugs (Pharmaceutical),United States,84.5,24234931.0,True,
Pharma & Bulk Drugs,Foreign,US,KOD,Kodiak Sciences Inc.,Drugs (Biotechnology),United States,35.939998626708984,23629352.0,True,
Pharma & Bulk Drugs,Foreign,US,PGEN,"PRECIGEN, INC.",Drugs (Biotechnology),United States,5.860000133514404,23491694.0,True,
Pharma & Bulk Drugs,Foreign,US,VCEL,Vericel Corp,Drugs (Biotechnology),United States,46.22999954223633,23179656.0,True,
Pharma & Bulk Drugs,Foreign,US,AVBP,"ArriVent BioPharma, Inc.",Drugs (Biotechnology),United States,34.0,22852444.0,True,
Pharma & Bulk Drugs,Foreign,US,JBIO,"Jade Biosciences, Inc.",Drugs (Biotechnology),United States,22.0,22827055.0,True,
Pharma & Bulk Drugs,Foreign,US,AMLX,"Amylyx Pharmaceuticals, Inc.",Drugs (Pharmaceutical),United States,17.790000915527344,22769726.0,True,
Pharma & Bulk Drugs,Foreign,US,CGEM,"Cullinan Therapeutics, Inc.",Drugs (Biotechnology),United States,18.399999618530273,22584141.0,True,
Pharma & Bulk Drugs,Foreign,US,ZVRA,"ZEVRA THERAPEUTICS, INC.",Drugs (Pharmaceutical),United States,13.520000457763672,22208847.0,True,
Pharma & Bulk Drugs,Foreign,US,AVTX,"Avalo Therapeutics, Inc.",Drugs (Biotechnology),United States,18.200000762939453,21769738.0,True,
Pharma & Bulk Drugs,Foreign,US,GLUE,"Monte Rosa Therapeutics, Inc.",Drugs (Biotechnology),United States,22.290000915527344,20859633.0,True,
Pharma & Bulk Drugs,Foreign,US,OTLK,"Outlook Therapeutics, Inc.",Drugs (Biotechnology),United States,1.7100000381469727,20013973.0,True,
Pharma & Bulk Drugs,Foreign,US,CDNA,"CareDx, Inc.",Drugs (Biotechnology),United States,28.81999969482422,19147180.0,True,
Pharma & Bulk Drugs,Foreign,US,TRVI,"Trevi Therapeutics, Inc.",Drugs (Pharmaceutical),United States,18.149999618530273,18863450.0,True,
Pharma & Bulk Drugs,Foreign,US,URGN,UroGen Pharma Ltd.,Drugs (Biotechnology),United States,34.540000915527344,18603093.0,True,
Pharma & Bulk Drugs,Foreign,US,INVA,"Innoviva, Inc.",Drugs (Pharmaceutical),United States,23.56999969482422,18077820.0,True,
Pharma & Bulk Drugs,Foreign,US,STOK,"Stoke Therapeutics, Inc.",Drugs (Biotechnology),United States,32.0,17312824.0,True,
Pharma & Bulk Drugs,Foreign,US,KURA,"Kura Oncology, Inc.",Drugs (Biotechnology),United States,10.899999618530273,16457459.0,True,
Pharma & Bulk Drugs,Foreign,US,SION,"Sionna Therapeutics, Inc.",Drugs (Biotechnology),United States,42.18000030517578,15553452.0,True,
Pharma & Bulk Drugs,Foreign,US,ANNX,"Annexon, Inc.",Drugs (Biotechnology),United States,5.480000019073486,15533556.0,True,
Pharma & Bulk Drugs,Foreign,US,CRVS,"Corvus Pharmaceuticals, Inc.",Drugs (Biotechnology),United States,13.489999771118164,15437544.0,True,
Pharma & Bulk Drugs,Foreign,US,ALLO,"Allogene Therapeutics, Inc.",Drugs (Biotechnology),United States,2.130000114440918,15067899.0,True,
Pharma & Bulk Drugs,Foreign,US,ZYME,Zymeworks Inc.,Drugs (Biotechnology),United States,24.149999618530273,14450818.0,True,
Pharma & Bulk Drugs,Foreign,US,VIR,"Vir Biotechnology, Inc.",Drugs (Biotechnology),United States,10.029999732971191,14098627.0,True,
Pharma & Bulk Drugs,Foreign,US,CLYM,"Climb Bio, Inc.",Drugs (Biotechnology),United States,13.079999923706055,13923458.0,True,
Pharma & Bulk Drugs,Foreign,US,CADL,"Candel Therapeutics, Inc.",Drugs (Biotechnology),United States,9.789999961853027,13902219.0,True,
Pharma & Bulk Drugs,Foreign,US,TSHA,"Taysha Gene Therapies, Inc.",Drugs (Biotechnology),United States,6.340000152587891,13856736.0,True,
Pharma & Bulk Drugs,Foreign,US,BCAX,Bicara Therapeutics Inc.,Drugs (Biotechnology),United States,26.8700008392334,12935892.0,True,
Pharma & Bulk Drugs,Foreign,US,XERS,"Xeris Biopharma Holdings, Inc.",Drugs (Pharmaceutical),United States,7.690000057220459,11804592.0,True,
Pharma & Bulk Drugs,Foreign,US,CABA,"Cabaletta Bio, Inc.",Drugs (Biotechnology),United States,3.0399999618530273,11738378.0,True,
Pharma & Bulk Drugs,Foreign,US,ETON,"Eton Pharmaceuticals, Inc.",Drugs (Pharmaceutical),United States,35.70000076293945,11240040.0,True,
Pharma & Bulk Drugs,Foreign,US,SLDB,Solid Biosciences Inc.,Drugs (Biotechnology),United States,9.289999961853027,11146415.0,True,
Pharma & Bulk Drugs,Foreign,US,IMMX,"Immix Biopharma, Inc.",Drugs (Biotechnology),United States,9.979999542236328,10837655.0,True,
Pharma & Bulk Drugs,Foreign,US,ZBIO,"Zenas BioPharma, Inc.",Drugs (Biotechnology),United States,25.8700008392334,10820370.0,True,
Pharma & Bulk Drugs,Foreign,US,RIGL,RIGEL PHARMACEUTICALS INC,Drugs (Biotechnology),United States,38.689998626708984,10664437.0,True,
Pharma & Bulk Drugs,Foreign,US,SEPN,"Septerna, Inc.",Drugs (Pharmaceutical),United States,37.34000015258789,10570624.0,True,
Pharma & Bulk Drugs,Foreign,US,XNCR,Xencor Inc,Drugs (Biotechnology),United States,15.050000190734863,10392551.0,True,
Pharma & Bulk Drugs,Foreign,US,SVRA,Savara Inc,Drugs (Biotechnology),United States,5.900000095367432,10094962.0,True,
Pharma & Bulk Drugs,Foreign,US,RGNX,REGENXBIO Inc.,Drugs (Biotechnology),United States,10.479999542236328,10061414.0,True,
Pharma & Bulk Drugs,Foreign,US,TENX,"TENAX THERAPEUTICS, INC.",Drugs (Biotechnology),United States,13.4399995803833,9989337.0,True,
Pharma & Bulk Drugs,Foreign,US,CCCC,"C4 Therapeutics, Inc.",Drugs (Biotechnology),United States,4.260000228881836,9963297.0,True,
Pharma & Bulk Drugs,Foreign,US,RAPP,"Rapport Therapeutics, Inc.",Drugs (Pharmaceutical),United States,40.060001373291016,9949493.0,True,
Pharma & Bulk Drugs,Foreign,US,RLMD,"RELMADA THERAPEUTICS, INC.",Drugs (Pharmaceutical),United States,6.690000057220459,9610161.0,True,
Pharma & Bulk Drugs,Foreign,US,PCRX,"Pacira BioSciences, Inc.",Drugs (Pharmaceutical),United States,25.239999771118164,9411159.0,True,
Pharma & Bulk Drugs,Foreign,US,FDMT,"4D Molecular Therapeutics, Inc.",Drugs (Biotechnology),United States,11.600000381469727,9057726.0,True,
Pharma & Bulk Drugs,Foreign,US,BIOA,"BioAge Labs, Inc.",Drugs (Pharmaceutical),United States,23.760000228881836,8861762.0,True,
Pharma & Bulk Drugs,Foreign,US,DSGN,"Design Therapeutics, Inc.",Drugs (Biotechnology),United States,13.350000381469727,8814368.0,True,
Pharma & Bulk Drugs,Foreign,US,MNPR,Monopar Therapeutics,Drugs (Biotechnology),United States,87.68000030517578,8653900.0,True,
Pharma & Bulk Drugs,Foreign,US,ACHV,"ACHIEVE LIFE SCIENCES, INC.",Drugs (Biotechnology),United States,6.019999980926514,8561741.0,True,
Pharma & Bulk Drugs,Foreign,US,FATE,FATE THERAPEUTICS INC,Drugs (Biotechnology),United States,2.0999999046325684,7896051.0,True,
Pharma & Bulk Drugs,Foreign,US,ABUS,Arbutus Biopharma Corp,Drugs (Biotechnology),United States,4.579999923706055,7812710.0,True,
Pharma & Bulk Drugs,Foreign,US,UNCY,"Unicycive Therapeutics, Inc.",Drugs (Biotechnology),United States,7.130000114440918,7655687.0,True,
Pharma & Bulk Drugs,Foreign,US,EDIT,"Editas Medicine, Inc.",Drugs (Biotechnology),United States,2.8499999046325684,7574826.0,True,
Pharma & Bulk Drugs,Foreign,US,ANRO,"Alto Neuroscience, Inc.",Drugs (Pharmaceutical),United States,27.040000915527344,7454235.0,True,
Pharma & Bulk Drugs,Foreign,US,STRO,"SUTRO BIOPHARMA, INC.",Drugs (Biotechnology),United States,30.520000457763672,7443841.0,True,
Pharma & Bulk Drugs,Foreign,US,MGTX,MeiraGTx Holdings plc,Drugs (Biotechnology),United States,12.109999656677246,7366198.0,True,
Pharma & Bulk Drugs,Foreign,US,MYGN,MYRIAD GENETICS INC,Drugs (Biotechnology),United States,5.880000114440918,7043439.0,True,
Pharma & Bulk Drugs,Foreign,US,IRWD,IRONWOOD PHARMACEUTICALS INC,Drugs (Biotechnology),United States,4.130000114440918,6607977.0,True,
Pharma & Bulk Drugs,Foreign,US,ACRS,"Aclaris Therapeutics, Inc.",Drugs (Pharmaceutical),United States,5.0,6454951.0,True,
Pharma & Bulk Drugs,Foreign,US,QTTB,Q32 Bio Inc.,Drugs (Biotechnology),United States,13.170000076293945,6059392.0,True,
Pharma & Bulk Drugs,Foreign,US,TBPH,"Theravance Biopharma, Inc.",Drugs (Pharmaceutical),United States,17.6299991607666,5967307.0,True,
Pharma & Bulk Drugs,Foreign,US,ABEO,ABEONA THERAPEUTICS INC.,Drugs (Biotechnology),United States,5.610000133514404,5619152.0,True,
Pharma & Bulk Drugs,Foreign,US,KYTX,"Kyverna Therapeutics, Inc.",Drugs (Biotechnology),United States,8.4399995803833,5379750.0,True,
Pharma & Bulk Drugs,Foreign,US,PALI,"PALISADE BIO, INC.",Drugs (Biotechnology),United States,1.8899999856948853,5270320.0,True,
Pharma & Bulk Drugs,Foreign,US,OVID,Ovid Therapeutics Inc.,Drugs (Biotechnology),United States,2.549999952316284,5124952.0,True,
Pharma & Bulk Drugs,Foreign,US,SGMT,Sagimet Biosciences Inc.,Drugs (Biotechnology),United States,7.059999942779541,5047711.0,True,
Pharma & Bulk Drugs,Foreign,US,EOLS,"Evolus, Inc.",Drugs (Pharmaceutical),United States,7.130000114440918,4861511.0,True,
Pharma & Bulk Drugs,Foreign,US,STTK,"Shattuck Labs, Inc.",Drugs (Biotechnology),United States,6.440000057220459,4786385.0,True,
Pharma & Bulk Drugs,Foreign,US,XOMA,XOMA Royalty Corp,Drugs (Biotechnology),United States,42.150001525878906,4760498.0,True,
Pharma & Bulk Drugs,Foreign,US,ARTV,"Artiva Biotherapeutics, Inc.",Drugs (Biotechnology),United States,9.619999885559082,4614004.0,True,
Pharma & Bulk Drugs,Foreign,US,LXRX,"LEXICON PHARMACEUTICALS, INC.",Drugs (Pharmaceutical),United States,2.549999952316284,4501578.0,True,
Pharma & Bulk Drugs,Foreign,US,ELDN,"Eledon Pharmaceuticals, Inc.",Drugs (Biotechnology),United States,3.7799999713897705,4015997.0,True,
Pharma & Bulk Drugs,Foreign,US,NRXP,"NRX Pharmaceuticals, Inc.",Drugs (Pharmaceutical),United States,3.7300000190734863,3968981.0,True,
Pharma & Bulk Drugs,Foreign,US,NGNE,Neurogene Inc.,Drugs (Biotechnology),United States,32.029998779296875,3814038.0,True,
Pharma & Bulk Drugs,Foreign,US,IRD,"Opus Genetics, Inc.",Drugs (Biotechnology),United States,4.0,3727502.0,True,
Pharma & Bulk Drugs,Foreign,US,AURA,"Aura Biosciences, Inc.",Drugs (Biotechnology),United States,7.0,3363460.0,True,
Pharma & Bulk Drugs,Foreign,US,CBIO,"CRESCENT BIOPHARMA, INC.",Drugs (Biotechnology),United States,18.559999465942383,3262363.0,True,
Pharma & Bulk Drugs,Foreign,US,IMUX,"IMMUNIC, INC.",Drugs (Biotechnology),United States,15.300000190734863,3219986.0,True,
Pharma & Bulk Drugs,Foreign,US,TECX,"Tectonic Therapeutic, Inc.",Drugs (Biotechnology),United States,31.989999771118164,3139791.0,True,
Pharma & Bulk Drugs,Foreign,US,KPTI,Karyopharm Therapeutics Inc.,Drugs (Biotechnology),United States,10.210000038146973,3068905.0,True,
Pharma & Bulk Drugs,Foreign,US,ZNTL,"Zentalis Pharmaceuticals, Inc.",Drugs (Biotechnology),United States,4.039999961853027,3061165.0,True,
Pharma & Bulk Drugs,Foreign,US,CTNM,"Contineum Therapeutics, Inc.",Drugs (Pharmaceutical),United States,14.1899995803833,3016423.0,True,
Pharma & Bulk Drugs,Foreign,US,GLSI,"Greenwich LifeSciences, Inc.",Drugs (Biotechnology),United States,19.799999237060547,2967804.0,True,
Pharma & Bulk Drugs,Foreign,US,ZURA,Zura Bio Ltd,Drugs (Biotechnology),United States,5.349999904632568,2879119.0,True,
Pharma & Bulk Drugs,Foreign,US,RNAC,"Cartesian Therapeutics, Inc.",Drugs (Biotechnology),United States,9.420000076293945,2682748.0,True,
Pharma & Bulk Drugs,Foreign,US,ASRT,"Assertio Holdings, Inc.",Drugs (Pharmaceutical),United States,23.5,2584907.0,True,
Pharma & Bulk Drugs,Foreign,US,MGNX,MACROGENICS INC,Drugs (Biotechnology),United States,4.809999942779541,2525261.0,True,
Pharma & Bulk Drugs,Foreign,US,ENTA,ENANTA PHARMACEUTICALS INC,Drugs (Biotechnology),United States,14.0,2441336.0,True,
Pharma & Bulk Drugs,Foreign,US,FENC,FENNEC PHARMACEUTICALS INC.,Drugs (Biotechnology),United States,11.020000457763672,2287330.0,True,
Pharma & Bulk Drugs,Foreign,US,LIXT,"LIXTE BIOTECHNOLOGY HOLDINGS, INC.",Drugs (Biotechnology),United States,7.190000057220459,2242048.0,True,
Pharma & Bulk Drugs,Foreign,US,IPSC,"Century Therapeutics, Inc.",Drugs (Biotechnology),United States,2.319999933242798,2189642.0,True,
Pharma & Bulk Drugs,Foreign,US,SRZN,"Surrozen, Inc./DE",Drugs (Biotechnology),United States,25.219999313354492,2186126.0,True,
Pharma & Bulk Drugs,Foreign,US,CUE,"Cue Biopharma, Inc.",Drugs (Biotechnology),United States,25.389999389648438,1974450.0,True,
Pharma & Bulk Drugs,Foreign,US,DTIL,PRECISION BIOSCIENCES INC,Drugs (Biotechnology),United States,7.289999961853027,1950399.0,True,
Pharma & Bulk Drugs,Foreign,US,XFOR,"X4 Pharmaceuticals, Inc",Drugs (Biotechnology),United States,4.019999980926514,1846132.0,True,
Pharma & Bulk Drugs,Foreign,US,ALXO,ALX ONCOLOGY HOLDINGS INC,Drugs (Biotechnology),United States,2.0399999618530273,1615936.0,True,
Pharma & Bulk Drugs,Foreign,US,PBYI,"PUMA BIOTECHNOLOGY, INC.",Drugs (Biotechnology),United States,8.109999656677246,1547081.0,True,
Pharma & Bulk Drugs,Foreign,US,IMDX,Insight Molecular Diagnostics Inc.,Drugs (Biotechnology),United States,5.400000095367432,1459924.0,True,
Pharma & Bulk Drugs,Foreign,US,VTVT,vTv Therapeutics Inc.,Drugs (Biotechnology),United States,35.08000183105469,1455700.0,True,
Pharma & Bulk Drugs,Foreign,US,SABS,"SAB Biotherapeutics, Inc.",Drugs (Biotechnology),United States,3.799999952316284,1448928.0,True,
Pharma & Bulk Drugs,Foreign,US,WHWK,"Whitehawk Therapeutics, Inc.",Drugs (Biotechnology),United States,4.159999847412109,1374496.0,True,
Pharma & Bulk Drugs,Foreign,US,PRLD,Prelude Therapeutics Inc,Drugs (Biotechnology),United States,4.380000114440918,1361464.0,True,
Pharma & Bulk Drugs,Foreign,US,NKTX,"Nkarta, Inc.",Drugs (Biotechnology),United States,2.8299999237060547,1340376.0,True,
Pharma & Bulk Drugs,Foreign,US,VERU,VERU INC.,Drugs (Pharmaceutical),United States,3.009999990463257,1301579.0,True,
Pharma & Bulk Drugs,Foreign,US,OKUR,"OnKure Therapeutics, Inc.",Drugs (Biotechnology),United States,4.5,1298850.0,True,
Pharma & Bulk Drugs,Foreign,US,EQ,"Equillium, Inc.",Drugs (Biotechnology),United States,3.049999952316284,1284355.0,True,
Pharma & Bulk Drugs,Foreign,US,SNSE,"Sensei Biotherapeutics, Inc.",Drugs (Biotechnology),United States,22.8700008392334,1250294.0,True,
Pharma & Bulk Drugs,Foreign,US,PLX,"Protalix BioTherapeutics, Inc.",Drugs (Biotechnology),United States,2.299999952316284,1169565.0,True,
Pharma & Bulk Drugs,Foreign,US,AVIR,"Atea Pharmaceuticals, Inc.",Drugs (Pharmaceutical),United States,4.489999771118164,1159031.0,True,
Pharma & Bulk Drugs,Foreign,US,INDP,"Indaptus Therapeutics, Inc.",Drugs (Biotechnology),United States,3.4100000858306885,1064208.0,True,
Pharma & Bulk Drugs,Foreign,US,IKT,"Inhibikase Therapeutics, Inc.",Drugs (Biotechnology),United States,1.909999966621399,1045170.0,True,
Pharma & Bulk Drugs,Foreign,US,HURA,"TuHURA Biosciences, Inc./NV",Drugs (Biotechnology),United States,2.1600000858306885,1034421.0,True,
Pharma & Bulk Drugs,Foreign,US,NVCT,"Nuvectis Pharma, Inc.",Drugs (Biotechnology),United States,27.190000534057617,993525.0,True,
Pharma & Bulk Drugs,Foreign,US,ANTX,"AN2 Therapeutics, Inc.",Drugs (Pharmaceutical),United States,5.199999809265137,953900.0,True,
Pharma & Bulk Drugs,Foreign,US,ATRA,"Atara Biotherapeutics, Inc.",Drugs (Biotechnology),United States,10.510000228881836,947858.0,True,
Pharma & Bulk Drugs,Foreign,US,OSTX,OS Therapies Inc,Drugs (Biotechnology),United States,1.8799999952316284,847734.0,True,
Pharma & Bulk Drugs,Foreign,US,ANIK,"Anika Therapeutics, Inc.",Drugs (Biotechnology),United States,15.100000381469727,841714.0,True,
Pharma & Bulk Drugs,Foreign,US,PYXS,"Pyxis Oncology, Inc.",Drugs (Biotechnology),United States,2.7699999809265137,839550.0,True,
Pharma & Bulk Drugs,Foreign,US,ABOS,"Acumen Pharmaceuticals, Inc.",Drugs (Biotechnology),United States,2.359999895095825,834660.0,True,
Pharma & Bulk Drugs,Foreign,US,COYA,"Coya Therapeutics, Inc.",Drugs (Biotechnology),United States,5.5,786335.0,True,
Pharma & Bulk Drugs,Foreign,US,LTRN,Lantern Pharma Inc.,Drugs (Biotechnology),United States,3.859999895095825,735022.0,True,
Pharma & Bulk Drugs,Foreign,US,GALT,GALECTIN THERAPEUTICS INC,Drugs (Biotechnology),United States,4.989999771118164,733527.0,True,
Pharma & Bulk Drugs,Foreign,US,ASBP,"Aspire Biopharma Holdings, Inc.",Drugs (Pharmaceutical),United States,6.0,685366.0,True,
Pharma & Bulk Drugs,Foreign,US,RLYB,Rallybio Corp,Drugs (Biotechnology),United States,16.0,676525.0,True,
Pharma & Bulk Drugs,Foreign,US,RFL,"Rafael Holdings, Inc.",Drugs (Pharmaceutical),United States,2.759999990463257,666426.0,True,
Pharma & Bulk Drugs,Foreign,US,ORMP,ORAMED PHARMACEUTICALS INC.,Drugs (Pharmaceutical),United States,4.670000076293945,665221.0,True,
Pharma & Bulk Drugs,Foreign,US,NNVC,"NANOVIRICIDES, INC.",Drugs (Biotechnology),United States,1.340000033378601,478685.0,True,
Pharma & Bulk Drugs,Foreign,US,PTHS,Pelthos Therapeutics Inc.,Drugs (Biotechnology),United States,29.030000686645508,448244.0,True,
Pharma & Bulk Drugs,Foreign,US,ARMP,"Armata Pharmaceuticals, Inc.",Drugs (Biotechnology),United States,7.400000095367432,394897.0,True,
Pharma & Bulk Drugs,Foreign,US,DARE,"Dare Bioscience, Inc.",Drugs (Pharmaceutical),United States,2.0899999141693115,375945.0,True,
Pharma & Bulk Drugs,Foreign,US,CPIX,CUMBERLAND PHARMACEUTICALS INC,Drugs (Pharmaceutical),United States,6.75,257579.0,True,
Pharma & Bulk Drugs,India,IN,WOCKPHARMA,WOCKHARDT LIMITED,Drugs (Pharmaceutical),India,1941.4000244140625,49048914.0,True,12.167781930011422
Pharma & Bulk Drugs,India,IN,SUNPHARMA,SUN PHARMACEUTICAL IND L,Drugs (Pharmaceutical),India,1862.5,40510972.0,True,11.85514547524984
Pharma & Bulk Drugs,India,IN,LAURUSLABS,LAURUS LABS LIMITED,Drugs (Pharmaceutical),India,1517.4000244140625,25805150.0,True,133.08756135392662
Pharma & Bulk Drugs,India,IN,CIPLA,CIPLA LTD,Drugs (Pharmaceutical),India,1465.4000244140625,20895759.0,True,-2.2871192821610986
Pharma & Bulk Drugs,India,IN,AUROPHARMA,AUROBINDO PHARMA LTD,Drugs (Pharmaceutical),India,1578.699951171875,17432014.0,True,43.88443505540893
Pharma & Bulk Drugs,India,IN,ZYDUSLIFE,ZYDUS LIFESCIENCES LTD,Drugs (Pharmaceutical),India,1112.5999755859375,13442930.0,True,16.246996548589678
Pharma & Bulk Drugs,India,IN,GLAND,GLAND PHARMA LIMITED,Drugs (Pharmaceutical),India,2495.0,12500585.0,True,44.77196034903581
Pharma & Bulk Drugs,India,IN,GLENMARK,GLENMARK PHARMACEUTICALS,Drugs (Pharmaceutical),India,2204.300048828125,12437751.0,True,34.6795450962071
Pharma & Bulk Drugs,India,IN,BIOCON,BIOCON LIMITED.,Drugs (Biotechnology),India,418.29998779296875,12404859.0,True,19.05506774624279
Pharma & Bulk Drugs,India,IN,ACUTAAS,ACUTAAS CHEMICALS LIMITED,Drugs (Pharmaceutical),India,3526.199951171875,12317184.0,True,211.44674997752014
Pharma & Bulk Drugs,India,IN,MANKIND,MANKIND PHARMA LIMITED,Drugs (Pharmaceutical),India,2545.60009765625,9802135.0,True,11.219855092174068
Pharma & Bulk Drugs,India,IN,NATCOPHARM,NATCO PHARMA LTD.,Drugs (Pharmaceutical),India,931.2999877929688,8072426.0,True,6.422124760019754
Pharma & Bulk Drugs,India,IN,SPARC,SUN PHARMA ADV.RES.CO.LTD,Drugs (Pharmaceutical),India,234.75,7997508.0,True,49.837239256782915
Pharma & Bulk Drugs,India,IN,ALKEM,ALKEM LABORATORIES LTD.,Drugs (Pharmaceutical),India,5570.0,7555124.0,True,16.685869906777008
Pharma & Bulk Drugs,India,IN,MARKSANS,MARKSANS PHARMA LIMITED,Drugs (Pharmaceutical),India,272.80999755859375,6815695.0,True,13.670832316080727
Pharma & Bulk Drugs,India,IN,SENORES,SENORES PHARMACEUTICALS L,Drugs (Pharmaceutical),India,1329.9000244140625,4929835.0,True,155.6762399294637
Pharma & Bulk Drugs,India,IN,SUPRIYA,SUPRIYA LIFESCIENCE LTD,Drugs (Pharmaceutical),India,1018.0499877929688,4309826.0,True,49.317982695843575
Pharma & Bulk Drugs,India,IN,AETHER,AETHER INDUSTRIES LIMITED,Drugs (Pharmaceutical),India,1359.0999755859375,3851673.0,True,75.20948229960827
Pharma & Bulk Drugs,India,IN,AJANTPHARM,AJANTA PHARMA LIMITED,Drugs (Pharmaceutical),India,3422.699951171875,3508954.0,True,32.242485733073224
Pharma & Bulk Drugs,India,IN,EMCURE,EMCURE PHARMACEUTICALS L,Drugs (Pharmaceutical),India,1836.0,3180292.0,True,39.8963704545575
Pharma & Bulk Drugs,India,IN,IPCALAB,IPCA LABORATORIES LTD,Drugs (Pharmaceutical),India,1701.0,2915355.0,True,25.590665190358575
Pharma & Bulk Drugs,India,IN,INDSWFTLAB,IND SWIFT LABORATORIES LT,Drugs (Pharmaceutical),India,203.52999877929688,2513069.0,True,
Pharma & Bulk Drugs,India,IN,BLUEJET,BLUE JET HEALTHCARE LTD,Drugs (Pharmaceutical),India,525.2000122070312,2293256.0,True,-39.30428526335651
Pharma & Bulk Drugs,India,IN,PANACEABIO,PANACEA BIOTEC LTD,Drugs (Biotechnology),India,565.8499755859375,2239738.0,True,32.813048186472905
Pharma & Bulk Drugs,India,IN,STAR,STRIDES PHARMA SCI LTD,Drugs (Pharmaceutical),India,1092.9000244140625,2086110.0,True,32.18433001328555
Pharma & Bulk Drugs,India,IN,SOLARA,SOLARA ACTIVE PHA SCI LTD,Drugs (Pharmaceutical),India,575.7000122070312,1266471.0,True,8.63288969642051
Pharma & Bulk Drugs,India,IN,ORCHPHARMA,ORCHID PHARMA LIMITED,Drugs (Pharmaceutical),India,972.7999877929688,1107570.0,True,41.02638518528612
Pharma & Bulk Drugs,India,IN,SAKAR,SAKAR HEALTHCARE LIMITED,Drugs (Pharmaceutical),India,838.0999755859375,1049705.0,True,
Pharma & Bulk Drugs,India,IN,ZOTA,ZOTA HEALTH CARE LIMITED,Drugs (Pharmaceutical),India,1416.800048828125,827094.0,True,51.34326890766274
Pharma & Bulk Drugs,India,IN,ALIVUS,ALIVUS LIFE SCIENCES LTD,Drugs (Pharmaceutical),India,1156.5,815871.0,True,15.858543964847849
Pharma & Bulk Drugs,India,IN,APLLTD,ALEMBIC PHARMA LTD,Drugs (Pharmaceutical),India,822.75,636893.0,True,-11.977106103025804
Pharma & Bulk Drugs,India,IN,SMSPHARMA,SMS PHARMACEUTICALS LTD.,Drugs (Pharmaceutical),India,412.54998779296875,495427.0,True,76.75664035190141
Pharma & Bulk Drugs,India,IN,INDOCO,INDOCO REMEDIES LTD.,Drugs (Pharmaceutical),India,239.22000122070312,318531.0,True,-16.077877051358392
Shipbuilding & Marine,Foreign,US,KEX,KIRBY CORP,Shipbuilding & Marine,United States,136.77999877929688,67091170.0,True,
Shipbuilding & Marine,Foreign,US,MATX,"Matson, Inc.",Shipbuilding & Marine,United States,194.49000549316406,50120699.0,True,
Shipbuilding & Marine,Foreign,US,GNK,GENCO SHIPPING & TRADING LTD,Shipbuilding & Marine,United States,23.56999969482422,7766037.0,True,
Shipbuilding & Marine,India,IN,SCI,SERVICE CORP INTERNATIONAL,Shipbuilding & Marine,India,305.29998779296875,135223735.0,True,39.02549148794452
Shipbuilding & Marine,India,IN,ADANIPORTS,ADANI PORT & SEZ LTD,Shipbuilding & Marine,India,1810.199951171875,42426004.0,True,34.158444057275794
Shipbuilding & Marine,India,IN,JSWINFRA,JSW INFRASTRUCTURE LTD,Shipbuilding & Marine,India,322.1499938964844,11158325.0,True,6.902268913783871
Shipbuilding & Marine,India,IN,SHREEJISPG,SHREEJI SHIPPING GLOBAL L,Shipbuilding & Marine,India,491.29998779296875,5765174.0,True,
Shipbuilding & Marine,India,IN,NAVKARCORP,NAVKAR CORPORATION LTD.,Shipbuilding & Marine,India,107.41999816894531,625495.0,True,-1.4947316251232579
Specialty Steel & Metals,Foreign,US,FCX,FREEPORT-MCMORAN INC,Metals & Mining,United States,62.45000076293945,984074746.0,True,
Specialty Steel & Metals,Foreign,US,NUE,NUCOR CORP,Steel,United States,239.77999877929688,399163171.0,True,
Specialty Steel & Metals,Foreign,US,USAR,"USA Rare Earth, Inc.",Metals & Mining,United States,20.469999313354492,363506398.0,True,
Specialty Steel & Metals,Foreign,US,STLD,STEEL DYNAMICS INC,Steel,United States,245.49000549316406,299444377.0,True,
Specialty Steel & Metals,Foreign,US,SCCO,SOUTHERN COPPER CORP/,Metals & Mining,United States,171.25999450683594,284397883.0,True,
Specialty Steel & Metals,Foreign,US,CENX,CENTURY ALUMINUM CO,Metals & Mining,United States,46.33000183105469,135667152.0,True,
Specialty Steel & Metals,Foreign,US,RS,"RELIANCE, INC.",Steel,United States,385.7799987792969,131723845.0,True,
Specialty Steel & Metals,Foreign,US,MTRN,MATERION Corp,Metals & Mining,United States,287.0199890136719,96285603.0,True,
Specialty Steel & Metals,Foreign,US,CMC,COMMERCIAL METALS Co,Steel,United States,69.19999694824219,86415565.0,True,
Specialty Steel & Metals,Foreign,US,KALU,KAISER ALUMINUM CORP,Metals & Mining,United States,187.1699981689453,39900733.0,True,
Specialty Steel & Metals,Foreign,US,CMP,COMPASS MINERALS INTERNATIONAL INC,Metals & Mining,United States,31.100000381469727,16367136.0,True,
Specialty Steel & Metals,Foreign,US,SXC,"SunCoke Energy, Inc.",Steel,United States,8.390000343322754,12134057.0,True,
Specialty Steel & Metals,Foreign,US,WS,"Worthington Steel, Inc.",Steel,United States,38.56999969482422,10786559.0,True,
Specialty Steel & Metals,Foreign,US,MTUS,Metallus Inc.,Steel,United States,19.93000030517578,6254745.0,True,
Specialty Steel & Metals,Foreign,US,FRD,FRIEDMAN INDUSTRIES INC,Steel,United States,34.43000030517578,1724125.0,True,
Specialty Steel & Metals,Foreign,US,AEF,"abrdn Emerging Markets ex-China Fund, Inc.",Metals & Mining,United States,9.239999771118164,1645630.0,True,
Specialty Steel & Metals,Foreign,US,LEO,"BNY MELLON STRATEGIC MUNICIPALS, INC.",Metals & Mining,United States,6.460000038146973,1406432.0,True,
Specialty Steel & Metals,Foreign,US,AP,AMPCO PITTSBURGH CORP,Steel,United States,9.350000381469727,1370352.0,True,
Specialty Steel & Metals,Foreign,US,TG,TREDEGAR CORP,Metals & Mining,United States,8.350000381469727,1268333.0,True,
Specialty Steel & Metals,India,IN,SAIL,"SailPoint, Inc.",Steel,India,173.49000549316406,89040454.0,True,36.09193671528721
Specialty Steel & Metals,India,IN,NATIONALUM,NATIONAL ALUMINIUM CO LTD,Metals & Mining,India,339.6000061035156,46091314.0,True,84.57524646148948
Specialty Steel & Metals,India,IN,JINDALSTEL,JINDAL STEEL LIMITED,Steel,India,1060.0999755859375,14126899.0,False,17.913351869157125
Specialty Steel & Metals,India,IN,AEROFLEX,AEROFLEX INDUSTRIES LTD,Steel,India,471.6000061035156,9574389.0,True,130.6450840162488
Specialty Steel & Metals,India,IN,JINDALSAW,JINDAL SAW LIMITED,Steel,India,261.489990234375,5988760.0,True,9.17250566550698
Specialty Steel & Metals,India,IN,MIDHANI,MISHRA DHATU NIGAM LTD,Steel,India,418.45001220703125,5393041.0,True,-5.605679284959287
Specialty Steel & Metals,India,IN,SHYAMMETL,SHYAM METALICS AND ENGY L,Steel,India,950.0,5358535.0,True,14.963396631843096
Specialty Steel & Metals,India,IN,JSL,JINDAL STAINLESS LIMITED,Steel,India,692.6500244140625,4758179.0,False,3.3497481047637168
Specialty Steel & Metals,India,IN,GPIL,GODAWARI POW & ISP LTD,Steel,India,255.64999389648438,3695949.0,False,42.217401929639294
Specialty Steel & Metals,India,IN,ASHAPURMIN,ASHAPURA MINECHEM LTD,Metals & Mining,India,661.0999755859375,3527824.0,True,60.51959834614513
Specialty Steel & Metals,India,IN,NSLNISP,NMDC STEEL LIMITED,Steel,India,42.849998474121094,2981380.0,True,14.388679982329776
Specialty Steel & Metals,India,IN,MSPL,MSP STEEL & POWER LTD.,Steel,India,40.65999984741211,2210656.0,True,50.25868680665215
Specialty Steel & Metals,India,IN,SURYAROSNI,SURYA ROSHNI LTD,Steel,India,258.7300109863281,2089744.0,True,-25.265741807194143
Specialty Steel & Metals,India,IN,RKFORGE,RAMKRISHNA FORGINGS LTD,Steel,India,564.9000244140625,1952848.0,True,-9.925854672198941
Specialty Steel & Metals,India,IN,HARIOMPIPE,HARIOM PIPE INDUSTRIES L,Steel,India,402.79998779296875,1653609.0,True,4.813947589810064
Specialty Steel & Metals,India,IN,RATNAVEER,RATNAVEER PRECISION ENG L,Steel,India,181.1999969482422,1287948.0,True,18.8976405545789
Specialty Steel & Metals,India,IN,GALLANTT,GALLANTT ISPAT LIMITED,Steel,India,692.0499877929688,935085.0,True,36.66074173263794
Specialty Steel & Metals,India,IN,VENUSPIPES,VENUS PIPES & TUBES LTD,Steel,India,1730.5,898866.0,True,28.661710037174725
Specialty Steel & Metals,India,IN,SAMBHV,SAMBHV STEEL TUBES LTD,Steel,India,108.45999908447266,847614.0,True,
Specialty Steel & Metals,India,IN,KIOCL,KIOCL LIMITED,Steel,India,389.3500061035156,793414.0,True,33.31622063943447
Specialty Steel & Metals,India,IN,KAMDHENU,Kamdhenu Limited,Steel,India,29.760000228881836,413506.0,True,-12.367488129618831
Specialty Steel & Metals,India,IN,BHARATWIRE,BHARAT WIRE ROPES LTD.,Steel,India,200.3300018310547,352637.0,True,-9.377542728889432
Textiles & Apparel,Foreign,US,TPR,"TAPESTRY, INC.",Apparel,United States,146.0,418743212.0,True,
Textiles & Apparel,Foreign,US,RL,RALPH LAUREN CORP,Apparel,United States,411.1600036621094,253648183.0,True,
Textiles & Apparel,Foreign,US,DECK,DECKERS OUTDOOR CORP,Shoe,United States,104.55999755859375,195070084.0,True,
Textiles & Apparel,Foreign,US,CROX,"Crocs, Inc.",Shoe,United States,127.76000213623047,152013561.0,True,
Textiles & Apparel,Foreign,US,VFC,V F CORP,Apparel,United States,17.3700008392334,110855041.0,True,
Textiles & Apparel,Foreign,US,KTB,"Kontoor Brands, Inc.",Apparel,United States,83.29000091552734,56891691.0,True,
Textiles & Apparel,Foreign,US,LEVI,LEVI STRAUSS & CO,Apparel,United States,24.540000915527344,48172676.0,True,
Textiles & Apparel,Foreign,US,SHOO,"STEVEN MADDEN, LTD.",Shoe,United States,43.220001220703125,41817471.0,True,
Textiles & Apparel,Foreign,US,UAA,"Under Armour, Inc.",Apparel,United States,6.300000190734863,40925714.0,True,
Textiles & Apparel,Foreign,US,CRI,CARTERS INC,Apparel,United States,43.349998474121094,35126828.0,True,
Textiles & Apparel,Foreign,US,FIGS,"FIGS, Inc.",Apparel,United States,11.600000381469727,32650163.0,True,
Textiles & Apparel,Foreign,US,COLM,COLUMBIA SPORTSWEAR CO,Apparel,United States,64.51000213623047,31070869.0,True,
Textiles & Apparel,Foreign,US,GIII,G III APPAREL GROUP LTD /DE/,Apparel,United States,34.060001373291016,22616771.0,True,
Textiles & Apparel,Foreign,US,MOV,MOVADO GROUP INC,Apparel,United States,39.58000183105469,12395931.0,True,
Textiles & Apparel,Foreign,US,FOSL,"Fossil Group, Inc.",Apparel,United States,4.360000133514404,2753684.0,True,
Textiles & Apparel,Foreign,US,RCKY,"ROCKY BRANDS, INC.",Shoe,United States,41.279998779296875,1792317.0,True,
Textiles & Apparel,Foreign,US,VNCE,VINCE HOLDING CORP.,Apparel,United States,7.760000228881836,1276638.0,True,
Textiles & Apparel,Foreign,US,VRA,"Vera Bradley, Inc.",Apparel,United States,3.950000047683716,578286.0,True,
Textiles & Apparel,Foreign,US,SGC,"SUPERIOR GROUP OF COMPANIES, INC.",Apparel,United States,12.75,568281.0,True,
Textiles & Apparel,Foreign,US,JRSH,"Jerash Holdings (US), Inc.",Apparel,United States,4.559999942779541,528960.0,True,
Textiles & Apparel,Foreign,US,UFI,UNIFI INC,Apparel,United States,4.800000190734863,268675.0,True,
Textiles & Apparel,India,IN,PAGEIND,PAGE INDUSTRIES LTD,Apparel,India,41370.0,8912940.0,True,-7.913188647746239
Textiles & Apparel,India,IN,GOKEX,GOKALDAS EXPORTS LTD.,Apparel,India,873.25,4980288.0,True,0.6512245934823468
Textiles & Apparel,India,IN,KPRMILL,KPR MILL LTD.,Apparel,India,1177.300048828125,3970537.0,True,7.398294222650836
Textiles & Apparel,India,IN,SHANTIGOLD,SHANTI GOLD INTERNATION L,Apparel,India,223.69000244140625,2853792.0,True,
Textiles & Apparel,India,IN,PGIL,PEARL GLOBAL IND LIMITED,Apparel,India,2015.5999755859375,1278948.0,True,35.356927582570854
Textiles & Apparel,India,IN,SPORTKING,SPORTKING INDIA LIMITED,Apparel,India,174.25999450683594,752093.0,True,62.95117872501934
Textiles & Apparel,India,IN,NITINSPIN,NITIN SPINNERS LIMITED,Apparel,India,572.0,733239.0,True,54.44849212183398
Textiles & Apparel,India,IN,LUXIND,LUX INDUSTRIES LIMITED,Apparel,India,1225.4000244140625,566618.0,True,-13.380924103447157
Textiles & Apparel,India,IN,PDSL,PDS LIMITED,Apparel,India,365.3999938964844,512746.0,True,-7.247117001114112
Textiles & Apparel,India,IN,GHCLTEXTIL,GHCL TEXTILES LIMITED,Apparel,India,99.62999725341797,404123.0,True,9.954747359350469
Textiles & Apparel,India,IN,SPAL,S. P. APPARELS LIMITED,Apparel,India,1138.1500244140625,395212.0,True,38.536916964920856
White Goods & Electricals,Foreign,US,BE,Bloom Energy Corp,Electrical Equipment,United States,252.02000427246094,3378835742.0,True,
White Goods & Electricals,Foreign,US,GEV,GE Vernova Inc.,Electrical Equipment,United States,1045.1700439453125,3236395868.0,True,
White Goods & Electricals,Foreign,US,DIA,SPDR DOW JONES INDUSTRIAL AVERAGE ETF TRUST,Electrical Equipment,United States,517.75,2752431167.0,True,
White Goods & Electricals,Foreign,US,VRT,Vertiv Holdings Co,Electrical Equipment,United States,303.95001220703125,1965392564.0,True,
White Goods & Electricals,Foreign,US,PG,PROCTER & GAMBLE Co,Household Products,United States,149.02000427246094,1310636697.0,True,
White Goods & Electricals,Foreign,US,CL,COLGATE PALMOLIVE CO,Household Products,United States,92.06999969482422,509706691.0,True,
White Goods & Electricals,Foreign,US,KMB,KIMBERLY CLARK CORP,Household Products,United States,109.37000274658203,447093742.0,True,
White Goods & Electricals,Foreign,US,EMR,EMERSON ELECTRIC CO,Electrical Equipment,United States,143.49000549316406,408213453.0,True,
White Goods & Electricals,Foreign,US,KVUE,Kenvue Inc.,Household Products,United States,19.1299991607666,342339519.0,True,
White Goods & Electricals,Foreign,US,TE,T1 Energy Inc.,Electrical Equipment,United States,8.210000038146973,339511978.0,True,
White Goods & Electricals,Foreign,US,HUBB,HUBBELL INC,Electrical Equipment,United States,517.02001953125,336829303.0,True,
White Goods & Electricals,Foreign,US,ROK,"ROCKWELL AUTOMATION, INC",Electrical Equipment,United States,476.82000732421875,311976140.0,True,
White Goods & Electricals,Foreign,US,AME,AMETEK INC/,Electrical Equipment,United States,237.52000427246094,295814458.0,True,
White Goods & Electricals,Foreign,US,NXT,Nextpower Inc.,Electrical Equipment,United States,106.94999694824219,292700634.0,True,
White Goods & Electricals,Foreign,US,FLNC,"Fluence Energy, Inc.",Electrical Equipment,United States,19.270000457763672,253264209.0,True,
White Goods & Electricals,Foreign,US,GNRC,GENERAC HOLDINGS INC.,Electrical Equipment,United States,278.6199951171875,247452335.0,True,
White Goods & Electricals,Foreign,US,SN,"SharkNinja, Inc.",Furn/Home Furnishings,United States,145.10000610351562,216876318.0,True,
White Goods & Electricals,Foreign,US,RRX,REGAL REXNORD CORP,Electrical Equipment,United States,219.75,212722885.0,True,
White Goods & Electricals,Foreign,US,VICR,VICOR CORP,Electrical Equipment,United States,326.92999267578125,206484546.0,True,
White Goods & Electricals,Foreign,US,FCEL,FUELCELL ENERGY INC,Electrical Equipment,United States,24.0,204237340.0,True,
White Goods & Electricals,Foreign,US,CHD,CHURCH & DWIGHT CO INC /DE/,Household Products,United States,99.58000183105469,189219041.0,True,
White Goods & Electricals,Foreign,US,POWL,POWELL INDUSTRIES INC,Electrical Equipment,United States,279.7699890136719,174897288.0,True,
White Goods & Electricals,Foreign,US,AYI,ACUITY INC. (DE),Electrical Equipment,United States,362.4800109863281,122262895.0,True,
White Goods & Electricals,Foreign,US,ENS,EnerSys,Electrical Equipment,United States,221.89999389648438,116417316.0,True,
White Goods & Electricals,Foreign,US,ST,Sensata Technologies Holding plc,Electrical Equipment,United States,46.849998474121094,104632125.0,True,
White Goods & Electricals,Foreign,US,MHK,MOHAWK INDUSTRIES INC,Furn/Home Furnishings,United States,119.76000213623047,71266152.0,True,
White Goods & Electricals,Foreign,US,NWL,NEWELL BRANDS INC.,Household Products,United States,5.820000171661377,58603554.0,True,
White Goods & Electricals,Foreign,US,SHLS,"Shoals Technologies Group, Inc.",Electrical Equipment,United States,9.0,54814679.0,True,
White Goods & Electricals,Foreign,US,BW,"Babcock & Wilcox Enterprises, Inc.",Electrical Equipment,United States,14.449999809265137,46050162.0,True,
White Goods & Electricals,Foreign,US,HYLN,Hyliion Holdings Corp.,Electrical Equipment,United States,4.420000076293945,41807822.0,True,
White Goods & Electricals,Foreign,US,PLPC,PREFORMED LINE PRODUCTS CO,Electrical Equipment,United States,395.6600036621094,34913593.0,True,
White Goods & Electricals,Foreign,US,WDFC,WD 40 CO,Household Products,United States,248.3300018310547,30437016.0,True,
White Goods & Electricals,Foreign,US,SPB,"Spectrum Brands Holdings, Inc.",Household Products,United States,87.48999786376953,29756408.0,True,
White Goods & Electricals,Foreign,US,ATKR,Atkore Inc.,Electrical Equipment,United States,77.83000183105469,28438082.0,True,
White Goods & Electricals,Foreign,US,LEG,LEGGETT & PLATT INC,Furn/Home Furnishings,United States,11.670000076293945,27854151.0,True,
White Goods & Electricals,Foreign,US,ALNT,ALLIENT INC,Electrical Equipment,United States,97.62999725341797,27763543.0,True,
White Goods & Electricals,Foreign,US,NRGV,"Energy Vault Holdings, Inc.",Electrical Equipment,United States,4.210000038146973,26691860.0,True,
White Goods & Electricals,Foreign,US,REYN,Reynolds Consumer Products Inc.,Household Products,United States,26.81999969482422,23760781.0,True,
White Goods & Electricals,Foreign,US,IPAR,INTERPARFUMS INC,Household Products,United States,107.97000122070312,22812692.0,True,
White Goods & Electricals,Foreign,US,ENR,"ENERGIZER HOLDINGS, INC.",Household Products,United States,22.639999389648438,20638295.0,True,
White Goods & Electricals,Foreign,US,EPC,EDGEWELL PERSONAL CARE Co,Household Products,United States,27.719999313354492,18901113.0,True,
White Goods & Electricals,Foreign,US,LZB,LA-Z-BOY INC,Furn/Home Furnishings,United States,40.95000076293945,15675560.0,True,
White Goods & Electricals,Foreign,US,HELE,HELEN OF TROY LTD,Furn/Home Furnishings,United States,28.3799991607666,13869408.0,True,
White Goods & Electricals,Foreign,US,LYTS,LSI INDUSTRIES INC,Electrical Equipment,United States,26.559999465942383,13628125.0,True,
White Goods & Electricals,Foreign,US,STI,Solidion Technology Inc.,Electrical Equipment,United States,12.34000015258789,11002367.0,True,
White Goods & Electricals,Foreign,US,OLPX,"OLAPLEX HOLDINGS, INC.",Household Products,United States,2.059999942779541,10619104.0,True,
White Goods & Electricals,Foreign,US,ODC,Oil-Dri Corp of America,Household Products,United States,101.41999816894531,9962832.0,True,
White Goods & Electricals,Foreign,US,KULR,"KULR Technology Group, Inc.",Electrical Equipment,United States,3.5899999141693115,7413390.0,True,
White Goods & Electricals,Foreign,US,LFVN,Lifevantage Corp,Household Products,United States,6.619999885559082,7102517.0,True,
White Goods & Electricals,Foreign,US,WATT,Energous Corp,Electrical Equipment,United States,23.040000915527344,5711015.0,True,
White Goods & Electricals,Foreign,US,HNST,"Honest Company, Inc.",Household Products,United States,3.5999999046325684,4868316.0,True,
White Goods & Electricals,Foreign,US,IPWR,Ideal Power Inc.,Electrical Equipment,United States,5.130000114440918,3433621.0,True,
White Goods & Electricals,Foreign,US,LOVE,Lovesac Co,Furn/Home Furnishings,United States,16.93000030517578,3387388.0,True,
White Goods & Electricals,Foreign,US,CENT,CENTRAL GARDEN & PET CO,Household Products,United States,44.90999984741211,3365269.0,True,
White Goods & Electricals,Foreign,US,FLXS,FLEXSTEEL INDUSTRIES INC,Furn/Home Furnishings,United States,72.91000366210938,3229664.0,True,
White Goods & Electricals,Foreign,US,COOK,"Traeger, Inc.",Furn/Home Furnishings,United States,79.30000305175781,2554448.0,True,
White Goods & Electricals,Foreign,US,CGEH,,Electrical Equipment,United States,9.100000381469727,2442074.0,True,
White Goods & Electricals,Foreign,US,USNA,USANA HEALTH SCIENCES INC,Household Products,United States,20.700000762939453,1861749.0,True,
White Goods & Electricals,Foreign,US,BWEN,"BROADWIND, INC.",Electrical Equipment,United States,4.340000152587891,1735725.0,True,
White Goods & Electricals,Foreign,US,ESP,ESPEY MFG & ELECTRONICS CORP,Electrical Equipment,United States,67.12000274658203,1514472.0,True,
White Goods & Electricals,Foreign,US,LCUT,"LIFETIME BRANDS, INC",Household Products,United States,7.619999885559082,1365129.0,True,
White Goods & Electricals,Foreign,US,SUNE,"SUNation Energy, Inc.",Electrical Equipment,United States,2.4600000381469727,1205230.0,True,
White Goods & Electricals,Foreign,US,HOFT,HOOKER FURNISHINGS Corp,Furn/Home Furnishings,United States,17.100000381469727,1125667.0,True,
White Goods & Electricals,Foreign,US,BSET,BASSETT FURNITURE INDUSTRIES INC,Furn/Home Furnishings,United States,17.280000686645508,540964.0,True,
White Goods & Electricals,Foreign,US,HBB,Hamilton Beach Brands Holding Co,Furn/Home Furnishings,United States,21.0,484383.0,True,
White Goods & Electricals,India,IN,POWERINDIA,HITACHI ENERGY INDIA LTD,Electrical Equipment,India,34920.0,59182162.0,True,86.89788053949903
White Goods & Electricals,India,IN,SUZLON,SUZLON ENERGY LIMITED,Electrical Equipment,India,58.900001525878906,47545903.0,True,-6.848012095057932
White Goods & Electricals,India,IN,CGPOWER,CG POWER AND IND SOL LTD,Electrical Equipment,India,952.1500244140625,34084337.0,True,38.34362868348165
White Goods & Electricals,India,IN,AMBER,AMBER ENTERPRISES (I) LTD,Furn/Home Furnishings,India,7530.0,27534372.0,True,15.508513575701798
White Goods & Electricals,India,IN,POLYCAB,POLYCAB INDIA LIMITED,Electrical Equipment,India,9961.0,26467034.0,True,66.00283309724189
White Goods & Electricals,India,IN,RRKABEL,R R KABEL LIMITED,Electrical Equipment,India,2395.199951171875,17352061.0,True,81.78506341476883
White Goods & Electricals,India,IN,ENRIN,SIEMENS ENERGY INDIA LTD,Electrical Equipment,India,3683.300048828125,16326591.0,True,
White Goods & Electricals,India,IN,SFL,SFL Corp Ltd.,Furn/Home Furnishings,India,746.9000244140625,15928694.0,True,0.6603806487954778
White Goods & Electricals,India,IN,QPOWER,QUALITY POWER ELECTRICAL EQUIP,Electrical Equipment,India,1225.550048828125,13543937.0,True,190.34589696915845
White Goods & Electricals,India,IN,EXICOM,EXICOM TELE SYSTEMS LTD,Electrical Equipment,India,170.8300018310547,11508131.0,True,-4.904251607953092
White Goods & Electricals,India,IN,CROMPTON,CROMPT GREA CON ELEC LTD,Furn/Home Furnishings,India,274.75,7587596.0,True,-20.26987953172965
White Goods & Electricals,India,IN,FINCABLES,FINOLEX CABLES LTD,Electrical Equipment,India,1169.4000244140625,5458377.0,True,27.71953425028282
White Goods & Electricals,India,IN,VOLTAMP,VOLTAMP TRANSFORMERS LTD,Electrical Equipment,India,10379.5,4728046.0,True,21.810820326252788
White Goods & Electricals,India,IN,HONASA,HONASA CONSUMER LIMITED,Household Products,India,457.8999938964844,4055719.0,True,52.303343819172724
White Goods & Electricals,India,IN,HEG,HEG LTD,Electrical Equipment,India,516.7000122070312,3919066.0,False,5.751126842508114
White Goods & Electricals,India,IN,UNIVCABLES,UNIVERSAL CABLES LTD,Electrical Equipment,India,1253.5999755859375,3733332.0,True,82.92718487026356
White Goods & Electricals,India,IN,INDOTECH,INDO TECH TRANSFORMERS LTD.,Electrical Equipment,India,3230.75,3625476.0,True,51.82095864661653
White Goods & Electricals,India,IN,QUADFUTURE,QUADRANT FUTURE TEK LTD,Electrical Equipment,India,432.54998779296875,2973403.0,True,-6.3136286860203334
White Goods & Electricals,India,IN,MARINE,MARINE ELECTRICAL (I) LTD,Electrical Equipment,India,283.54998779296875,1961775.0,True,
White Goods & Electricals,India,IN,PRECWIRE,PRECISION WIRES INDIA LTD,Electrical Equipment,India,401.70001220703125,1704038.0,True,127.1801807306062
White Goods & Electricals,India,IN,SERVOTECH,SERVOTECH REN POW SYS LTD,Electrical Equipment,India,101.12000274658203,1514075.0,True,-27.131224592280702
White Goods & Electricals,India,IN,STOVEKRAFT,STOVE KRAFT LIMITED,Furn/Home Furnishings,India,775.5,1270253.0,True,37.683089214380814
White Goods & Electricals,India,IN,RELTD,RAVINDRA ENERGY LIMITED,Electrical Equipment,India,165.27999877929688,1216561.0,True,
White Goods & Electricals,India,IN,SPECTRUM,SPECTRUM ELECTRIC IND LTD,Electrical Equipment,India,1860.699951171875,296719.0,True,27.5063310431662
White Goods & Electricals,India,IN,PROSTARM,PROSTARM INFO SYSTEMS LTD,Electrical Equipment,India,136.75,274136.0,False,4.166667635257282
